StartDate,EndDate,Status,IPAddress,Progress,Duration (in seconds),Finished,RecordedDate,ResponseId,RecipientLastName,RecipientFirstName,RecipientEmail,ExternalReference,LocationLatitude,LocationLongitude,DistributionChannel,UserLanguage,Q1,Q3,P_MD_A,P_MD_B,P_MD_C,P_MD_D,P_MD_A_2C,P_MD_B_2C,P_MD_C_2C,P_MD_D_2C,Pharma_OE,T_MD_A,T_MD_B,T_MD_C,T_MD_D,T_MD_A_2C,T_MD_B_2C,T_MD_C_2C,T_MD_D_2C,Training_OE,Q66,PROLIFIC_PID,pay,time,STUDY_ID,SESSION_ID,threshold,comparative,prob,vignette,condition,propstab2,propstab3,propstab4,propstab5,propstab1,propstab6
Start Date,End Date,Response Type,IP Address,Progress,Duration (in seconds),Finished,Recorded Date,Response ID,Recipient Last Name,Recipient First Name,Recipient Email,External Data Reference,Location Latitude,Location Longitude,Distribution Channel,User Language,"Adult Consent Form

Princeton University

 

This study has been approved by the Institutional Review Board for Human Subjects.

TITLE OF RESEARCH: Explanation and Understanding



PRINCIPAL INVESTIGATOR: Tania Lombrozo



PRINCIPAL INVESTIGATOR’S DEPARTMENT: Psychology



You are being invited to take part in a research study. Before you decide to participate in this study, it is important that you understand why the research is being done and what it will involve. Please take the time to read the following information carefully. Please ask the researcher if there is anything that is not clear or if you need more information.



Purpose of the research:

This study is designed to test hypotheses about the nature of people's intuitive theories about the world, how they can be changed, and how they influence judgments and behavior. We also hope to learn about how you conceptually understand the world around you. Our intuitive sense of everyday objects and events in the world play a significant role in our thoughts and behaviors, and we wish to understand the nature of human cognition. 



Study Procedures: 

You may be asked to do one or more of the following tasks 1) causal learning tasks (e.g., figuring out what causes what), 2) social tasks (e.g., reasoning about others’ minds and behavior), 3) linguistic tasks (e.g., word associations and learning), 4) imagination tasks (e.g., reasoning about events counter to fact), 5) categorization/association tasks (e.g., grouping objects or stating what comes to mind given a prompt), 6) general cognitive tasks (e.g., impulse control and searching for hidden objects). You may be asked to make judgments about what you see, answer multiple choice or open-ended questions about your judgments (such as making predictions and providing explanations), observe events, and perform actions yourself (such as grouping objects). Sometimes you might watch a short video clip, look at pictures, or listen to music, and you may be asked to answer questions about how the clip or music made you feel.



Your total expected time commitment for this study is: [Field-time].



Benefits and Risks: 

There are no direct benefits to you as a participant, but this research will help us understand various cognitive processes, which may benefit society in a number of ways, including influencing legal and public policy.



Risks associated with participation in this study are minimal. You may feel slight discomfort answering some questions, but you may refrain from answering any questions that make you uncomfortable and may withdraw your participation at any time even after completing the experiment without penalty.



Confidentiality:

We will not be asking for any personally identifying information, and we will handle responses as confidentially as possible. Prolific IDs will never be tied to your responses on this survey. However, we cannot guarantee the confidentiality of information transmitted over the Internet. To minimize this risk, data containing anything that might be personally identifiable (e.g. Prolific IDs or IP addresses) will be encrypted on transfer and storage and will only be accessible to qualified lab personnel. We will be keeping data collected as part of this experiment indefinitely. This anonymized data (containing neither Prolific IDs nor IP addresses) may be shared with the scientific community or with other participants to be used as stimuli in future studies.



Compensation:

For your participation, you will receive [Field-pay]. If for any reason you do not complete the study (e.g. technical difficulties, or a desire to stop), we will only be able to pay you if you send an email through Prolific, or by emailing the lab manager at cognition@princeton.edu. If you have any questions about the study, feel free to contact the lab manager or the Principal Investigator, Tania Lombrozo, at lombrozo@princeton.edu.



Who to contact with questions:



1.PRINCIPAL INVESTIGATOR:

Tania Lombrozo

lombrozo@princeton.edu 



2. If you have questions regarding your rights as a research subject, or if problems arise which you do not feel you can discuss with the Investigator, please contact the Institutional Review Board at:

Assistant Director, Research Integrity and Assurance

Phone: (609) 258-8543

Email: irb@princeton.edu



3. I understand the information that was presented and that: A. My participation is voluntary, and I may withdraw my consent and discontinue participation in the project at any time. My refusal to participate will not result in any penalty. B. I do not waive any legal rights or release Princeton University, its agents, or you from liability for negligence. 



 4. I hereby give my consent to be the subject of your research.","What is your Prolific ID?

Please note that this response should auto-fill with the correct ID.","In a controlled experiment, [Field-prob]% of patients who took Medication A, which has the active [Field-propstab2], experienced a reduction in the severity of their headaches. Should you stock Medication A?","In a controlled experiment, 70% of patients who took Medication B, which has the active [Field-propstab3], experienced a reduction in the severity of their headaches. Should you stock Medication B?","In a controlled experiment, 1% of patients who took Medication C, which has the active [Field-propstab4], experienced a reduction in the severity of their headaches. Should you stock Medication C?","In a controlled experiment, 1% of patients who took Medication D, which has the active [Field-propstab5], experienced a reduction in the severity of their headaches. Should you stock Medication D?","In a controlled experiment, [Field-prob]% of patients who took Medication A, which has the active [Field-propstab2], experienced a reduction in the severity of their headaches. Should you stock Medication A?","In a controlled experiment, 70% of patients who took Medication B, which has the active [Field-propstab3], experienced a reduction in the severity of their headaches. Should you stock Medication B?","In a controlled experiment, 1% of patients who took Medication C, which has the active [Field-propstab4], experienced a reduction in the severity of their headaches. Should you stock Medication C?","In a controlled experiment, 1% of patients who took Medication D, which has the active [Field-propstab5], experienced a reduction in the severity of their headaches. Should you stock Medication D?","In the box below, please summarize in a few sentences what you have learned about the efficacy of active ingredients in headache medicines. As a reminder, the active ingredients that you learned about were Reptol and Psylo, [Field-propstab6].","In a controlled experiment, [Field-prob]% of hires who attended Training Program A, which uses [Field-propstab2], went on to become successful employees. Should you recommend Training Program A?","In a controlled experiment, 70% of hires who attended Training Program B, which uses [Field-propstab3], went on to become successful employees. Should you recommend Training Program B?","In a controlled experiment, 1% of hires who attended Training Program C, which uses [Field-propstab4], went on to become successful employees. Should you recommend Training Program C?","In a controlled experiment, 1% of hires who attended Training Program D, which uses [Field-propstab5], went on to become successful employees. Should you recommend Training Program D?","In a controlled experiment, [Field-prob]% of hires who attended Training Program A, which uses [Field-propstab2], went on to become successful employees. Should you recommend Training Program A?","In a controlled experiment, 70% of hires who attended Training Program B, which uses [Field-propstab3], went on to become successful employees. Should you recommend Training Program B?","In a controlled experiment, 1% of hires who attended Training Program C, which uses [Field-propstab4], went on to become successful employees. Should you recommend Training Program C?","In a controlled experiment, 1% of hires who attended Training Program D, which uses [Field-propstab5], went on to become successful employees. Should you recommend Training Program D?","In the box below, please summarize in a few sentences what you have learned about the efficacy of different kinds of training programs. As a reminder, the two kinds of training programs that you learned about were trainings that use case studies and trainings that use simulations, [Field-propstab6].","Was anything about this survey confusing difficult or frustrating for you? If so, please tell us below:",PROLIFIC_PID,pay,time,STUDY_ID,SESSION_ID,threshold,comparative,prob,vignette,condition,propstab2,propstab3,propstab4,propstab5,propstab1,propstab6
"{""ImportId"":""startDate"",""timeZone"":""America/Denver""}","{""ImportId"":""endDate"",""timeZone"":""America/Denver""}","{""ImportId"":""status""}","{""ImportId"":""ipAddress""}","{""ImportId"":""progress""}","{""ImportId"":""duration""}","{""ImportId"":""finished""}","{""ImportId"":""recordedDate"",""timeZone"":""America/Denver""}","{""ImportId"":""_recordId""}","{""ImportId"":""recipientLastName""}","{""ImportId"":""recipientFirstName""}","{""ImportId"":""recipientEmail""}","{""ImportId"":""externalDataReference""}","{""ImportId"":""locationLatitude""}","{""ImportId"":""locationLongitude""}","{""ImportId"":""distributionChannel""}","{""ImportId"":""userLanguage""}","{""ImportId"":""QID1""}","{""ImportId"":""QID3_TEXT""}","{""ImportId"":""QID143""}","{""ImportId"":""QID144""}","{""ImportId"":""QID145""}","{""ImportId"":""QID146""}","{""ImportId"":""QID219""}","{""ImportId"":""QID220""}","{""ImportId"":""QID221""}","{""ImportId"":""QID222""}","{""ImportId"":""QID235_TEXT""}","{""ImportId"":""QID240""}","{""ImportId"":""QID241""}","{""ImportId"":""QID242""}","{""ImportId"":""QID243""}","{""ImportId"":""QID245""}","{""ImportId"":""QID246""}","{""ImportId"":""QID247""}","{""ImportId"":""QID248""}","{""ImportId"":""QID250_TEXT""}","{""ImportId"":""QID47_TEXT""}","{""ImportId"":""PROLIFIC_PID""}","{""ImportId"":""pay""}","{""ImportId"":""time""}","{""ImportId"":""STUDY_ID""}","{""ImportId"":""SESSION_ID""}","{""ImportId"":""threshold""}","{""ImportId"":""comparative""}","{""ImportId"":""prob""}","{""ImportId"":""vignette""}","{""ImportId"":""condition""}","{""ImportId"":""propstab2""}","{""ImportId"":""propstab3""}","{""ImportId"":""propstab4""}","{""ImportId"":""propstab5""}","{""ImportId"":""propstab1""}","{""ImportId"":""propstab6""}"
5/24/22 7:45,5/24/22 7:51,IP Address,*******,100,360,TRUE,5/24/22 7:51,R_1LAoN38endTnT8Q,*******,*******,*******,*******,*******,*******,anonymous,EN,I consent,5c6ec0e2f4c22800015504f5,Yes,Yes,No,No,,,,,The ingredient Reptol seemed to help more people. I think that active ingredient is a good headache medicine.,,,,,,,,,,I have a hard time trying to remember what I read about. I usually have to go back over and over again.,5c6ec0e2f4c22800015504f5,$0.60 ,3 minutes,628b73cfc29e0b431ef8cb63,628ce189393a8c07c54d9726,50,Yes,98,pharma,stability,ingredient Reptol and must be taken with food,ingredient Reptol and must be taken without food,ingredient Psylo and must be taken with food,ingredient Psylo and must be taken without food,either must be taken with food or must be taken without food,"and medicines containing either ingredient must taken with food or without food, depending on the medication"
5/24/22 8:11,5/24/22 8:13,IP Address,*******,100,120,TRUE,5/24/22 8:13,R_2thhndUQzNUR8zO,*******,*******,*******,*******,*******,*******,anonymous,EN,I consent,5b21c4ab31d0080001b9f55e,,,,,,,,,,Yes,Yes,No,No,,,,,Type 1 has a better ratio of successful employees ,,5b21c4ab31d0080001b9f55e,$0.60 ,3 minutes,628b73cfc29e0b431ef8cb63,628ce6e33630821bfcfaab4f,50,Yes,85,training,proportionality,Type-1 case studies,Type-2 case studies,Type-1 simulations,Type-2 simulations,that both simulations and case studies come in two types: Type-1 and Type 2,each of which come in one of two types: Type-1 and Type-2
5/24/22 8:10,5/24/22 8:13,IP Address,*******,100,179,TRUE,5/24/22 8:13,R_2Xhx1JvcTVQgit1,*******,*******,*******,*******,*******,*******,anonymous,EN,I consent,5dc592c6aa431440aa755d5b,,,,,,,,,,Yes,No,No,No,,,,,Supposedly that the case studies that take place on weekends,The data pool felt rather small. It was also confusing because it was presented as though it was asking my opinion yet there was a clear right and wrong answer.,5dc592c6aa431440aa755d5b,$0.60 ,3 minutes,628b73cfc29e0b431ef8cb63,628ce74fbedf9bc1e6f99f38,80,No,98,training,stability,case studies and takes place on weekends,case studies and does not take place on weekends,simulations and takes place on weekends,simulations and does not take place on weekends,either take place on weekends or do not take place on weekends,and they either take place on weekends or do not take place on weekends
5/24/22 8:10,5/24/22 8:13,IP Address,*******,100,222,TRUE,5/24/22 8:13,R_1ooR1Pwp0P1mq1l,*******,*******,*******,*******,*******,*******,anonymous,EN,I consent,5fdb9bf4e66d7f0008c23f6c,Yes,No,No,No,,,,,Pyslo does not reduce headaches. Reptol does reduce but only an except able amount in type one,,,,,,,,,,Nope,5fdb9bf4e66d7f0008c23f6c,$0.60 ,3 minutes,628b73cfc29e0b431ef8cb63,628ce6b7616a03444dfe7b28,80,No,85,pharma,proportionality,ingredient Type-1 Reptol,ingredient Type-2 Reptol,ingredient Type-1 Psylo,ingredient Type-2 Psylo,that both ingredients come in two types: Type-1 and Type-2,each of which come in one of two types: Type-1 and Type-2
5/24/22 8:15,5/24/22 8:19,IP Address,*******,100,205,TRUE,5/24/22 8:19,R_3QQOT4Oam0bH2WK,*******,*******,*******,*******,*******,*******,anonymous,EN,I consent,5b97386d8e5b7b00010e1a8e,Yes,No,No,No,,,,,Seems reptol is more effective against headaches in at least 80 percent or more patients,,,,,,,,,,,5b97386d8e5b7b00010e1a8e,$0.60 ,3 minutes,628b73cfc29e0b431ef8cb63,628ce8862781ddbb08f3b54b,80,No,98,pharma,stability,ingredient Reptol and must be taken with food,ingredient Reptol and must be taken without food,ingredient Psylo and must be taken with food,ingredient Psylo and must be taken without food,either must be taken with food or must be taken without food,"and medicines containing either ingredient must taken with food or without food, depending on the medication"
5/24/22 8:15,5/24/22 8:19,IP Address,*******,100,273,TRUE,5/24/22 8:19,R_2CTGu9OKsxgcx4L,*******,*******,*******,*******,*******,*******,anonymous,EN,I consent,604fdcd6af4aa7257d4ce23c,Yes,Yes,No,No,,,,,The active ingredients in Repto and Psylo type one will reduce headaches by over 50%.,,,,,,,,,,,604fdcd6af4aa7257d4ce23c,$0.60 ,3 minutes,628b73cfc29e0b431ef8cb63,628ce862b89835a8d5d71f61,50,Yes,85,pharma,proportionality,ingredient Type-1 Reptol,ingredient Type-2 Reptol,ingredient Type-1 Psylo,ingredient Type-2 Psylo,that both ingredients come in two types: Type-1 and Type-2,each of which come in one of two types: Type-1 and Type-2
5/24/22 8:13,5/24/22 8:21,IP Address,*******,100,475,TRUE,5/24/22 8:21,R_2S35O3X9Uf57cuw,*******,*******,*******,*******,*******,*******,anonymous,EN,I consent,6109a5154bfaad8f41606b51,,,,,,,,,,Yes,Yes,No,No,,,,,"Trainings that use simulations are not quite as effective, regardless of when the trainings takes place.",,6109a5154bfaad8f41606b51,$0.60 ,3 minutes,628b73cfc29e0b431ef8cb63,628ce80343ee49be0dc572d7,50,Yes,98,training,stability,case studies and takes place on weekends,case studies and does not take place on weekends,simulations and takes place on weekends,simulations and does not take place on weekends,either take place on weekends or do not take place on weekends,and they either take place on weekends or do not take place on weekends
5/24/22 8:17,5/24/22 8:23,IP Address,*******,100,341,TRUE,5/24/22 8:23,R_Oefr1TXSyD7kmjv,*******,*******,*******,*******,*******,*******,anonymous,EN,I consent,5e3b8f110d41ad3a7bc35019,Yes,Yes,No,No,,,,,"According to the research studies provided, medications with the active ingredient Reptol Type 1 or Type 2 are effective in reducing the severity of headaches. The experiments with Psylo Type 1 and 2 did not show that these ingredients were effective in reducing the severity of headaches. ",,,,,,,,,,,5e3b8f110d41ad3a7bc35019,$0.60 ,3 minutes,628b73cfc29e0b431ef8cb63,628ce8f4c472cb1ab22a78db,50,Yes,85,pharma,proportionality,ingredient Type-1 Reptol,ingredient Type-2 Reptol,ingredient Type-1 Psylo,ingredient Type-2 Psylo,that both ingredients come in two types: Type-1 and Type-2,each of which come in one of two types: Type-1 and Type-2
5/24/22 8:21,5/24/22 8:23,IP Address,*******,100,157,TRUE,5/24/22 8:23,R_42vBpiQfGkkPVeh,*******,*******,*******,*******,*******,*******,anonymous,EN,I consent,5fc30c35704ddd267cc9123f,,,,,,,,,,Yes,No,No,No,,,,,I think a 98% rate on becoming a successfull employee is a good pick.,,5fc30c35704ddd267cc9123f,$0.60 ,3 minutes,628b73cfc29e0b431ef8cb63,628ce9c87805d305d835e7e6,80,No,98,training,stability,case studies and takes place on weekends,case studies and does not take place on weekends,simulations and takes place on weekends,simulations and does not take place on weekends,either take place on weekends or do not take place on weekends,and they either take place on weekends or do not take place on weekends
5/24/22 8:45,5/24/22 8:47,IP Address,*******,100,130,TRUE,5/24/22 8:47,R_0e1VGr1xDQ0wK4h,*******,*******,*******,*******,*******,*******,anonymous,EN,I consent,5eda1df96594865efe959f04,Yes,Yes,No,No,,,,,"Medicine A and B had an efficacy rate above 50% while Medicine C and D only had an efficacy rate of 1%. Thus,  I chose to stock A and B but not C or D.",,,,,,,,,,,5eda1df96594865efe959f04,$0.60 ,3 minutes,628b73cfc29e0b431ef8cb63,628cef786a9af966ff277bb2,50,Yes,85,pharma,stability,ingredient Reptol and must be taken with food,ingredient Reptol and must be taken without food,ingredient Psylo and must be taken with food,ingredient Psylo and must be taken without food,either must be taken with food or must be taken without food,"and medicines containing either ingredient must taken with food or without food, depending on the medication"
5/24/22 9:30,5/24/22 9:33,IP Address,*******,100,180,TRUE,5/24/22 9:33,R_25QiUlBOninV3la,*******,*******,*******,*******,*******,*******,anonymous,EN,I consent,60fe0e3c62944add47d0688a,,,,,,,,,,Yes,Yes,No,No,,,,,"Case studies that take place on weekends seem to be the most successful training programs. The simulations were not effective at all, regardless of when the training took place. ",,60fe0e3c62944add47d0688a,$0.60 ,3 minutes,628cf9bf368a7d6198f3ef12,628cf9f3f248330dbbe2268b,50,Yes,98,training,stability,case studies and takes place on weekends,case studies and does not take place on weekends,simulations and takes place on weekends,simulations and does not take place on weekends,either take place on weekends or do not take place on weekends,and they either take place on weekends or do not take place on weekends
5/24/22 9:43,5/24/22 9:46,IP Address,*******,100,162,TRUE,5/24/22 9:46,R_3qsAqzTMhckB1Ca,*******,*******,*******,*******,*******,*******,anonymous,EN,I consent,5f2cd45cd689ae1ec67c848c,,,,,,,,,,Yes,No,No,No,,,,,Typically it does not matter when they take place (weekday or weekend) a successful program is only deemed so if above 80% of employees become successful.,It was a bit wordy but for the most part easy to understand. I enjoyed it.,5f2cd45cd689ae1ec67c848c,$0.60 ,3 minutes,628cf9bf368a7d6198f3ef11,628cfd23d0be863736d920ac,80,No,85,training,stability,case studies and takes place on weekends,case studies and does not take place on weekends,simulations and takes place on weekends,simulations and does not take place on weekends,either take place on weekends or do not take place on weekends,and they either take place on weekends or do not take place on weekends
5/24/22 9:47,5/24/22 9:55,IP Address,*******,100,498,TRUE,5/24/22 9:55,R_0eytMB6c4MyERbz,*******,*******,*******,*******,*******,*******,anonymous,EN,I consent,60cfc19a7fb89db2e0332e26,Yes,Yes,No,No,,,,,There is a drastic difference between the ingredients. More people experienced a reduction of headache with one over the other.,,,,,,,,,,,60cfc19a7fb89db2e0332e26,$0.60 ,3 minutes,628cf9bf368a7d6198f3ef11,628cfcaf1f2bc937f20fa4e8,50,Yes,98,pharma,proportionality,ingredient Type-1 Reptol,ingredient Type-2 Reptol,ingredient Type-1 Psylo,ingredient Type-2 Psylo,that both ingredients come in two types: Type-1 and Type-2,each of which come in one of two types: Type-1 and Type-2
5/24/22 9:51,5/24/22 10:00,IP Address,*******,100,515,TRUE,5/24/22 10:00,R_1oFrmGeNwrc8gqw,*******,*******,*******,*******,*******,*******,anonymous,EN,I consent,6019a15929a5ac0825f77cff,,,,,,,,,,Yes,No,No,No,,,,,"The training for new employees was based on attendance records. In particular the number of new hires who successfully complete the program over 80%. The type of program had no additional description on what makes the programs different except some were the control aspect of the experiment for comparison. Only one of the four programs reached the required benchmark to pass on to the program director. The other programs would need additional scoping and collaboration if the company has the funds to expand on them. My suggestion would be to focus on the second case with 70% successful rate, because the program fails to meet the mark but is only off by around 10%  compared to the other programs that require much more background for the time limitation (no deadline was mentioned for this situation just based off of previous experiences).",None. The survey was straight forward.,6019a15929a5ac0825f77cff,$0.60 ,3 minutes,628cf9bf368a7d6198f3ef12,628cff08e0acf59f3d333381,80,No,85,training,proportionality,Type-1 case studies,Type-2 case studies,Type-1 simulations,Type-2 simulations,that both simulations and case studies come in two types: Type-1 and Type 2,each of which come in one of two types: Type-1 and Type-2
5/24/22 9:53,5/24/22 10:02,IP Address,*******,100,593,TRUE,5/24/22 10:02,R_2rvZ6yfbuwB35Jy,*******,*******,*******,*******,*******,*******,anonymous,EN,I consent,5d4c920ff84e9b0019c1aff4,Yes,Yes,No,No,Yes,No,No,No,I learned that the active ingredients of Reptol or Psylo must be taken with or without food. It lessens the severity of headaches.,,,,,,,,,,No,5d4c920ff84e9b0019c1aff4,$0.60 ,3 minutes,628cf9bf368a7d6198f3ef12,628cff560eb2a62ddf1e1ab5,80,No,98,pharma,stability,ingredient Reptol and must be taken with food,ingredient Reptol and must be taken without food,ingredient Psylo and must be taken with food,ingredient Psylo and must be taken without food,either must be taken with food or must be taken without food,"and medicines containing either ingredient must taken with food or without food, depending on the medication"
5/24/22 10:02,5/24/22 10:07,IP Address,*******,100,290,TRUE,5/24/22 10:07,R_3nT9TbeQLkZC9wR,*******,*******,*******,*******,*******,*******,anonymous,EN,I consent,6102e4f5caf1aed4d071c696,Yes,Yes,No,No,,,,,The addition of Psylo in both Type-1 and Type-2 had a low headache reduction rate of only 1% causing it to be below the threshold of pain reliever to stock.,,,,,,,,,,no,6102e4f5caf1aed4d071c696,$0.60 ,3 minutes,628cf9bf368a7d6198f3ef12,628d01583ee499b1131cf5d2,50,Yes,85,pharma,proportionality,ingredient Type-1 Reptol,ingredient Type-2 Reptol,ingredient Type-1 Psylo,ingredient Type-2 Psylo,that both ingredients come in two types: Type-1 and Type-2,each of which come in one of two types: Type-1 and Type-2
5/24/22 10:16,5/24/22 10:20,IP Address,*******,100,254,TRUE,5/24/22 10:20,R_3fHjMYNKr7oCxCh,*******,*******,*******,*******,*******,*******,anonymous,EN,I consent,5be6e678d153f500019a5dcc,,,,,,,,,,Yes,Yes,No,No,,,,,The programs that used case studies were a lot better than the ones that relied on simulations. It didn't matter if the programs were run on weekends or not.,no,5be6e678d153f500019a5dcc,$0.60 ,3 minutes,628cf9bf368a7d6198f3ef11,628d04c4bd43c2bbe507f2aa,50,Yes,98,training,stability,case studies and takes place on weekends,case studies and does not take place on weekends,simulations and takes place on weekends,simulations and does not take place on weekends,either take place on weekends or do not take place on weekends,and they either take place on weekends or do not take place on weekends
5/24/22 10:18,5/24/22 10:22,IP Address,*******,100,211,TRUE,5/24/22 10:22,R_VJ7n3x6ME33SigV,*******,*******,*******,*******,*******,*******,anonymous,EN,I consent,5f13b237c08bc13e4ef2e760,,,,,,,,,,Yes,No,No,No,,,,,Based on the 4 training programs given it seems the one that took place on the weekend was the one with high success rate.,,5f13b237c08bc13e4ef2e760,$0.60 ,3 minutes,628cf9bf368a7d6198f3ef12,628d0556872522e52a8a6704,80,No,98,training,stability,case studies and takes place on weekends,case studies and does not take place on weekends,simulations and takes place on weekends,simulations and does not take place on weekends,either take place on weekends or do not take place on weekends,and they either take place on weekends or do not take place on weekends
5/24/22 10:22,5/24/22 10:25,IP Address,*******,100,180,TRUE,5/24/22 10:25,R_2zwrcrGEI9FPnfj,*******,*******,*******,*******,*******,*******,anonymous,EN,I consent,60fe32964829eef5dda64cd9,Yes,Yes,No,No,,,,,"According to the information provide, I would conclude that medication containing Type-1 and Type-2 Reptol is more effective at reducing the severity of headaches than those containing Type-1 and Type-2 Psylo. ",,,,,,,,,,,60fe32964829eef5dda64cd9,$0.60 ,3 minutes,628cf9bf368a7d6198f3ef12,628d0628152c13748af968cf,50,Yes,85,pharma,proportionality,ingredient Type-1 Reptol,ingredient Type-2 Reptol,ingredient Type-1 Psylo,ingredient Type-2 Psylo,that both ingredients come in two types: Type-1 and Type-2,each of which come in one of two types: Type-1 and Type-2
5/24/22 10:26,5/24/22 10:28,IP Address,*******,100,153,TRUE,5/24/22 10:28,R_3PhmnRzEcD9HLgm,*******,*******,*******,*******,*******,*******,anonymous,EN,I consent,60bc103a03f994149f833124,Yes,No,No,No,,,,,Type 1 and 2 Reptol is more than 90% effect than type 1 and 2 Psylo. In most pharmacies it makes sense that they would prefer Reptol over Psylo.,,,,,,,,,,,60bc103a03f994149f833124,$0.60 ,3 minutes,628cf9bf368a7d6198f3ef12,628d071ab775c762d2eb4791,80,No,98,pharma,proportionality,ingredient Type-1 Reptol,ingredient Type-2 Reptol,ingredient Type-1 Psylo,ingredient Type-2 Psylo,that both ingredients come in two types: Type-1 and Type-2,each of which come in one of two types: Type-1 and Type-2
5/24/22 10:26,5/24/22 10:32,IP Address,*******,100,353,TRUE,5/24/22 10:32,R_yX556ExtMu2QsZb,*******,*******,*******,*******,*******,*******,anonymous,EN,I consent,616f315b5e74ca5b9a1d2ca7,,,,,,,,,,Yes,Yes,No,No,,,,,The efficacy of these two programs would require that the trainees are more than 50% successful. This would require these trainees. to be part of these two groups.   ,It did not give enough information. It just skimmed the surface.,616f315b5e74ca5b9a1d2ca7,$0.60 ,3 minutes,628cf9bf368a7d6198f3ef11,628d072fabb145bcb5ff092a,50,Yes,85,training,proportionality,Type-1 case studies,Type-2 case studies,Type-1 simulations,Type-2 simulations,that both simulations and case studies come in two types: Type-1 and Type 2,each of which come in one of two types: Type-1 and Type-2
5/24/22 10:28,5/24/22 10:33,IP Address,*******,100,287,TRUE,5/24/22 10:33,R_3mmelNknXKhsg0i,*******,*******,*******,*******,*******,*******,anonymous,EN,I consent,60fe1a9a99deac34f06a5309,Yes,Yes,No,No,,,,,Sometimes the medications work and sometimes they do not. The ones that work well tend to work for most people.,,,,,,,,,,,60fe1a9a99deac34f06a5309,$0.60 ,3 minutes,628cf9bf368a7d6198f3ef12,628d07a99de7f6135679a72a,50,Yes,98,pharma,stability,ingredient Reptol and must be taken with food,ingredient Reptol and must be taken without food,ingredient Psylo and must be taken with food,ingredient Psylo and must be taken without food,either must be taken with food or must be taken without food,"and medicines containing either ingredient must taken with food or without food, depending on the medication"
5/24/22 10:33,5/24/22 10:37,IP Address,*******,100,219,TRUE,5/24/22 10:37,R_3pgPpoqxfemFwcP,*******,*******,*******,*******,*******,*******,anonymous,EN,I consent,610992345dff3a5180a13714,,,,,,,,,,Yes,No,No,No,,,,,I learned that the efficacy of different kind of training programs vary. One of them in particular had a higher percentage of outgoing successful employees compared to the other programs. Type-1 seemed to produce higher success rates.,,610992345dff3a5180a13714,$0.60 ,3 minutes,628cf9bf368a7d6198f3ef12,628d07e419e64f198aedaae7,80,No,98,training,proportionality,Type-1 case studies,Type-2 case studies,Type-1 simulations,Type-2 simulations,that both simulations and case studies come in two types: Type-1 and Type 2,each of which come in one of two types: Type-1 and Type-2
5/24/22 10:23,5/24/22 10:38,IP Address,*******,100,882,TRUE,5/24/22 10:38,R_1rPaFzOyhUuiBb2,*******,*******,*******,*******,*******,*******,anonymous,EN,I consent,5dd348356d522535afddc44e,,,,,,,,,,Yes,No,No,No,,,,,The most successful trainings used case studies instead of simulations. The only one that went over 80% was held on weekends. ,,5dd348356d522535afddc44e,$0.60 ,3 minutes,628cf9bf368a7d6198f3ef12,628d06752bf81328eb5f6d00,80,No,85,training,stability,case studies and takes place on weekends,case studies and does not take place on weekends,simulations and takes place on weekends,simulations and does not take place on weekends,either take place on weekends or do not take place on weekends,and they either take place on weekends or do not take place on weekends
5/24/22 10:45,5/24/22 10:49,IP Address,*******,100,251,TRUE,5/24/22 10:49,R_OcyiA977JBrDZcd,*******,*******,*******,*******,*******,*******,anonymous,EN,I consent,5ee04a3f7dfcae39390e6553,,,,,,,,,,Yes,Yes,No,No,,,,,I've learned that one has vastly more success in the hiring process than the other. ,No ,5ee04a3f7dfcae39390e6553,$0.60 ,3 minutes,628cf9bf368a7d6198f3ef11,628d0b86647b57996fa84d59,50,Yes,98,training,proportionality,Type-1 case studies,Type-2 case studies,Type-1 simulations,Type-2 simulations,that both simulations and case studies come in two types: Type-1 and Type 2,each of which come in one of two types: Type-1 and Type-2
5/24/22 10:50,5/24/22 10:52,IP Address,*******,100,106,TRUE,5/24/22 10:52,R_2pL96OXFbiTqARB,*******,*******,*******,*******,*******,*******,anonymous,EN,I consent,60171277d472ae2062db3a35,Yes,Yes,No,No,,,,,It seems like Reptol works best with food and Psylo works best without it.,,,,,,,,,,,60171277d472ae2062db3a35,$0.60 ,3 minutes,628cf9bf368a7d6198f3ef12,628d0cc2070519fc2a4e2633,50,Yes,85,pharma,stability,ingredient Reptol and must be taken with food,ingredient Reptol and must be taken without food,ingredient Psylo and must be taken with food,ingredient Psylo and must be taken without food,either must be taken with food or must be taken without food,"and medicines containing either ingredient must taken with food or without food, depending on the medication"
5/24/22 10:54,5/24/22 10:57,IP Address,*******,100,171,TRUE,5/24/22 10:57,R_exj1CrF8T3Ue8c9,*******,*******,*******,*******,*******,*******,anonymous,EN,I consent,623a18947a1aec6e46030be1,,,,,,,,,,Yes,No,No,No,,,,,"Higher executives are interested in seeing the success rate of programs, which will help decide on where to focus their efforts in relations to hiring on new candidates for their business. This way they can form an effective tool and not worry about other control groups.",,623a18947a1aec6e46030be1,$0.60 ,3 minutes,628cf9bf368a7d6198f3ef11,628d0dc74b85a9e88a141f43,80,No,98,training,proportionality,Type-1 case studies,Type-2 case studies,Type-1 simulations,Type-2 simulations,that both simulations and case studies come in two types: Type-1 and Type 2,each of which come in one of two types: Type-1 and Type-2
5/24/22 10:56,5/24/22 11:00,IP Address,*******,100,243,TRUE,5/24/22 11:00,R_w1BoPdBc50ME2qJ,*******,*******,*******,*******,*******,*******,anonymous,EN,I consent,60f70dd141e92abede695ec9,Yes,No,No,No,,,,,The active ingrediants mattered more than if it needed to be taken with or without food. It appears the ones that needed to be taken without food had a better rate of helping reduce the severity of headaches and that the active ingrediant Reptol had the best results overall. ,,,,,,,,,,,60f70dd141e92abede695ec9,$0.60 ,3 minutes,628cf9bf368a7d6198f3ef12,628d0e2af33bb140f769f5a6,80,No,85,pharma,stability,ingredient Reptol and must be taken with food,ingredient Reptol and must be taken without food,ingredient Psylo and must be taken with food,ingredient Psylo and must be taken without food,either must be taken with food or must be taken without food,"and medicines containing either ingredient must taken with food or without food, depending on the medication"
5/24/22 10:43,5/24/22 11:04,IP Address,*******,100,1278,TRUE,5/24/22 11:04,R_3QXY3hRclvh0CRr,*******,*******,*******,*******,*******,*******,anonymous,EN,I consent,610830330f8703acbc7cc9d6,Yes,Yes,No,No,Yes,Yes,No,No,It looks like the  ones WITH the reptol and/or Psylo are more effective  than the ones without,,,,,,,,,,,610830330f8703acbc7cc9d6,$0.60 ,3 minutes,628cf9bf368a7d6198f3ef12,628d0b256e8e1089b6e572a2,80,No,85,pharma,stability,ingredient Reptol and must be taken with food,ingredient Reptol and must be taken without food,ingredient Psylo and must be taken with food,ingredient Psylo and must be taken without food,either must be taken with food or must be taken without food,"and medicines containing either ingredient must taken with food or without food, depending on the medication"
5/24/22 11:10,5/24/22 11:14,IP Address,*******,100,243,TRUE,5/24/22 11:14,R_1Fys00ASBvOrrbP,*******,*******,*******,*******,*******,*******,anonymous,EN,I consent,5d69ac222b85a000015e352f,,,,,,,,,,Yes,Yes,No,No,,,,,The effectiveness of different training programs have to have a certain success rate to be successful ,,5d69ac222b85a000015e352f,$0.60 ,3 minutes,628cf9bf368a7d6198f3ef12,628d11743c77fa8f336e9a7f,50,Yes,98,training,stability,case studies and takes place on weekends,case studies and does not take place on weekends,simulations and takes place on weekends,simulations and does not take place on weekends,either take place on weekends or do not take place on weekends,and they either take place on weekends or do not take place on weekends
5/24/22 11:18,5/24/22 11:22,IP Address,*******,100,210,TRUE,5/24/22 11:22,R_2BydJ94BrAhR0i2,*******,*******,*******,*******,*******,*******,anonymous,EN,I consent,5cf5d7529681010001eeaecf,Yes,No,No,No,No,No,No,No,From the data presented I can infer that type 1 reptol is not effective in decreasing headache symptoms ,,,,,,,,,,,5cf5d7529681010001eeaecf,$0.60 ,3 minutes,628cf9bf368a7d6198f3ef12,628d136b07234b3d7de0de34,50,Yes,85,pharma,proportionality,ingredient Type-1 Reptol,ingredient Type-2 Reptol,ingredient Type-1 Psylo,ingredient Type-2 Psylo,that both ingredients come in two types: Type-1 and Type-2,each of which come in one of two types: Type-1 and Type-2
5/24/22 11:19,5/24/22 11:23,IP Address,*******,100,208,TRUE,5/24/22 11:23,R_2Bfh4HBUeeOHxl1,*******,*******,*******,*******,*******,*******,anonymous,EN,I consent,5fff95c313799d10cc390f19,Yes,No,No,No,,,,,"Based off below, it seems like the amount of active ingredient may play a large role",,,,,,,,,,,5fff95c313799d10cc390f19,$0.60 ,3 minutes,628cf9bf368a7d6198f3ef11,628d139b9995f9f284da8247,80,No,85,pharma,stability,ingredient Reptol and must be taken with food,ingredient Reptol and must be taken without food,ingredient Psylo and must be taken with food,ingredient Psylo and must be taken without food,either must be taken with food or must be taken without food,"and medicines containing either ingredient must taken with food or without food, depending on the medication"
5/24/22 11:20,5/24/22 11:24,IP Address,*******,100,238,TRUE,5/24/22 11:24,R_3C9rdN7UlsPprZD,*******,*******,*******,*******,*******,*******,anonymous,EN,I consent,616f4c9a8b227a8e2c8506a8,Yes,No,No,No,,,,,"through experimental trials, it’s best to use the threshold of ~80% (of success) when deciding stocks of medications. If a medication had a 90% success rate, it would be better for clients than a product that only has a success rate of 60%",,,,,,,,,,No,616f4c9a8b227a8e2c8506a8,$0.60 ,3 minutes,628cf9bf368a7d6198f3ef12,628d13d0707304b7d4c4ae6c,80,No,98,pharma,proportionality,ingredient Type-1 Reptol,ingredient Type-2 Reptol,ingredient Type-1 Psylo,ingredient Type-2 Psylo,that both ingredients come in two types: Type-1 and Type-2,each of which come in one of two types: Type-1 and Type-2
5/24/22 11:22,5/24/22 11:25,IP Address,*******,100,210,TRUE,5/24/22 11:25,R_rcKQQHqgjHAQVj3,*******,*******,*******,*******,*******,*******,anonymous,EN,I consent,6110d59cbf733422cb867da5,Yes,Yes,No,No,,,,,There is a difference in headache medication and pharmacies try to see what is more effective to its patients. Stocking medications that result in the most effectiveness is most important. ,,,,,,,,,,,6110d59cbf733422cb867da5,$0.60 ,3 minutes,628cf9bf368a7d6198f3ef12,628d143dc1849761cb0f3e41,50,Yes,85,pharma,stability,ingredient Reptol and must be taken with food,ingredient Reptol and must be taken without food,ingredient Psylo and must be taken with food,ingredient Psylo and must be taken without food,either must be taken with food or must be taken without food,"and medicines containing either ingredient must taken with food or without food, depending on the medication"
5/24/22 11:23,5/24/22 11:26,IP Address,*******,100,157,TRUE,5/24/22 11:26,R_utfAGsUOe5xCVwt,*******,*******,*******,*******,*******,*******,anonymous,EN,I consent,59dc4083ae9f950001d83b4b,,,,,,,,,,Yes,Yes,No,No,,,,,It is only beneficial to use training programs that at least 50% of new hires become successful.,,59dc4083ae9f950001d83b4b,$0.60 ,3 minutes,628cf9bf368a7d6198f3ef12,628d14a24d4b433e6d2da821,50,Yes,98,training,proportionality,Type-1 case studies,Type-2 case studies,Type-1 simulations,Type-2 simulations,that both simulations and case studies come in two types: Type-1 and Type 2,each of which come in one of two types: Type-1 and Type-2
5/24/22 11:21,5/24/22 11:26,IP Address,*******,100,319,TRUE,5/24/22 11:26,R_qVAUkLZl1tWwE0x,*******,*******,*******,*******,*******,*******,anonymous,EN,I consent,622a426e8900cf2b495353e8,,,,,,,,,,Yes,No,No,No,,,,,"Successful training programs do not happen when they are done in a simulated environment. As the saying goes... ""nothing beats hands on experience.""",,622a426e8900cf2b495353e8,$0.60 ,3 minutes,628cf9bf368a7d6198f3ef12,628d13ffae9f34703c1948f9,80,No,85,training,stability,case studies and takes place on weekends,case studies and does not take place on weekends,simulations and takes place on weekends,simulations and does not take place on weekends,either take place on weekends or do not take place on weekends,and they either take place on weekends or do not take place on weekends
5/24/22 11:25,5/24/22 11:26,IP Address,*******,100,91,TRUE,5/24/22 11:26,R_2YECXF0uCw36aJg,*******,*******,*******,*******,*******,*******,anonymous,EN,I consent,5f0e68ec55711d02bca66f70,,,,,,,,,,Yes,No,No,No,,,,,Simulations that take place on weekends have a higher efficacy of producing successful workers.,,5f0e68ec55711d02bca66f70,$0.60 ,3 minutes,628cf9bf368a7d6198f3ef12,628d14ef7346c98092727b58,80,No,98,training,stability,case studies and takes place on weekends,case studies and does not take place on weekends,simulations and takes place on weekends,simulations and does not take place on weekends,either take place on weekends or do not take place on weekends,and they either take place on weekends or do not take place on weekends
5/24/22 11:20,5/24/22 11:28,IP Address,*******,100,536,TRUE,5/24/22 11:28,R_2pY6rAnaaoomHhW,*******,*******,*******,*******,*******,*******,anonymous,EN,I consent,5fd0ceb0bb24d90009e6fc4f,,,,,,,,,,No,No,Yes,Yes,Yes,Yes,Yes,Yes,The effectiveness depends on the type of stydy employees is relatey to the two types of training givent to them. Between the use of case studies vs simulations your should be able to predict how many will fall within the percentage of what you expected results will be.,"No, it was quite explanatory in what was expected.",5fd0ceb0bb24d90009e6fc4f,$0.60 ,3 minutes,628cf9bf368a7d6198f3ef11,628d13ba29caf0e4b8aedc66,50,Yes,98,training,proportionality,Type-1 case studies,Type-2 case studies,Type-1 simulations,Type-2 simulations,that both simulations and case studies come in two types: Type-1 and Type 2,each of which come in one of two types: Type-1 and Type-2
5/24/22 11:28,5/24/22 11:31,IP Address,*******,100,142,TRUE,5/24/22 11:31,R_1I6IW754UgAPiDQ,*******,*******,*******,*******,*******,*******,anonymous,EN,I consent,60fce6c2a812051048ecdfca,Yes,Yes,No,No,,,,,I have learned that both Reptol and Psylo are at least 70% effective at reducing the severity of headaches.,,,,,,,,,,,60fce6c2a812051048ecdfca,$0.60 ,3 minutes,628cf9bf368a7d6198f3ef12,628d15c7643db73c2ac43858,50,Yes,85,pharma,proportionality,ingredient Type-1 Reptol,ingredient Type-2 Reptol,ingredient Type-1 Psylo,ingredient Type-2 Psylo,that both ingredients come in two types: Type-1 and Type-2,each of which come in one of two types: Type-1 and Type-2
5/24/22 11:30,5/24/22 11:33,IP Address,*******,100,186,TRUE,5/24/22 11:33,R_2zzFJiJNU8Mm5fx,*******,*******,*******,*******,*******,*******,anonymous,EN,I consent,610d8f908ae3bb20ad22e034,,,,,,,,,,Yes,No,No,No,,,,,It appears that case studies far exceed simulations in being efficacious. ,Nope,610d8f908ae3bb20ad22e034,$0.60 ,3 minutes,628cf9bf368a7d6198f3ef12,628d162133b3761be9eda4a7,80,No,85,training,proportionality,Type-1 case studies,Type-2 case studies,Type-1 simulations,Type-2 simulations,that both simulations and case studies come in two types: Type-1 and Type 2,each of which come in one of two types: Type-1 and Type-2
5/24/22 11:30,5/24/22 11:34,IP Address,*******,100,227,TRUE,5/24/22 11:34,R_u39PPbQn1qMCIPD,*******,*******,*******,*******,*******,*******,anonymous,EN,I consent,622a2074fe80192aa7a0212a,Yes,Yes,No,No,,,,,Medicine A had the best results and medicine B also had decent results. One was taken with food and one without.,,,,,,,,,,,622a2074fe80192aa7a0212a,$0.60 ,3 minutes,628cf9bf368a7d6198f3ef12,628d1626491b71d6660682e2,50,Yes,98,pharma,stability,ingredient Reptol and must be taken with food,ingredient Reptol and must be taken without food,ingredient Psylo and must be taken with food,ingredient Psylo and must be taken without food,either must be taken with food or must be taken without food,"and medicines containing either ingredient must taken with food or without food, depending on the medication"
5/24/22 11:32,5/24/22 11:36,IP Address,*******,100,250,TRUE,5/24/22 11:36,R_aatvfN0cuXECqYx,*******,*******,*******,*******,*******,*******,anonymous,EN,I consent,586372cae16d530001b345b8,,,,,,,,,,Yes,No,No,No,,,,,Only training on weekends work. No other plan is acceptable.,,586372cae16d530001b345b8,$0.60 ,3 minutes,628cf9bf368a7d6198f3ef12,628d167a28cb30bcd37df716,80,No,85,training,stability,case studies and takes place on weekends,case studies and does not take place on weekends,simulations and takes place on weekends,simulations and does not take place on weekends,either take place on weekends or do not take place on weekends,and they either take place on weekends or do not take place on weekends
5/24/22 11:38,5/24/22 11:39,IP Address,*******,100,96,TRUE,5/24/22 11:39,R_2lvfGEXHfswIwnf,*******,*******,*******,*******,*******,*******,anonymous,EN,I consent,5f91172de658c821812cef48,,,,,,,,,,Yes,No,No,No,,,,,The weekend training without simulations produces more effective employees.,,5f91172de658c821812cef48,$0.60 ,3 minutes,628cf9bf368a7d6198f3ef12,628d17f7d264c74a92a89197,80,No,98,training,stability,case studies and takes place on weekends,case studies and does not take place on weekends,simulations and takes place on weekends,simulations and does not take place on weekends,either take place on weekends or do not take place on weekends,and they either take place on weekends or do not take place on weekends
5/24/22 11:38,5/24/22 11:40,IP Address,*******,100,149,TRUE,5/24/22 11:40,R_1loeNYZD3I29Ru7,*******,*******,*******,*******,*******,*******,anonymous,EN,I consent,60fc5d49ff20168d794fe083,Yes,No,No,No,,,,,You should only stock the medicines that have 80% efficacy or better. ,,,,,,,,,,,60fc5d49ff20168d794fe083,$0.60 ,3 minutes,628cf9bf368a7d6198f3ef12,628d180679653314db27eb05,80,No,85,pharma,proportionality,ingredient Type-1 Reptol,ingredient Type-2 Reptol,ingredient Type-1 Psylo,ingredient Type-2 Psylo,that both ingredients come in two types: Type-1 and Type-2,each of which come in one of two types: Type-1 and Type-2
5/24/22 11:38,5/24/22 11:42,IP Address,*******,100,199,TRUE,5/24/22 11:42,R_1IoCqU3St4c9UVA,*******,*******,*******,*******,*******,*******,anonymous,EN,I consent,61118cf8dd195d72acb7594a,Yes,No,No,No,,,,,"One seems very effective, the other less so, and a combination of the 2 would prove better.",,,,,,,,,,,61118cf8dd195d72acb7594a,$0.60 ,3 minutes,628cf9bf368a7d6198f3ef11,628d18254f36a654759fcfec,80,No,85,pharma,proportionality,ingredient Type-1 Reptol,ingredient Type-2 Reptol,ingredient Type-1 Psylo,ingredient Type-2 Psylo,that both ingredients come in two types: Type-1 and Type-2,each of which come in one of two types: Type-1 and Type-2
5/24/22 11:36,5/24/22 11:43,IP Address,*******,100,399,TRUE,5/24/22 11:43,R_VQHnEVHVxHhyP5v,*******,*******,*******,*******,*******,*******,anonymous,EN,I consent,609ee7a707f13c414e5e87ec,Yes,Yes,No,No,,,,,"Psylo is an ineffective ingredient for headache medicines, as both Psylo Type-1 and Psylo Type-2 only reduced headaches for 1% of people in controlled experiments. Reptol is a much more effective ingredient, as both Type-1 and Type-2 reduced headaches in over 3/4 of people in controlled experiments. Type-1 Reptol is particularly effective, with 98% of people experiencing a reduction in headaches. ",,,,,,,,,,,609ee7a707f13c414e5e87ec,$0.60 ,3 minutes,628cf9bf368a7d6198f3ef12,628d17a7d1c9e92d90af01ba,50,Yes,98,pharma,proportionality,ingredient Type-1 Reptol,ingredient Type-2 Reptol,ingredient Type-1 Psylo,ingredient Type-2 Psylo,that both ingredients come in two types: Type-1 and Type-2,each of which come in one of two types: Type-1 and Type-2
5/24/22 11:42,5/24/22 11:45,IP Address,*******,100,231,TRUE,5/24/22 11:45,R_2fPWCIAc6AVy4AV,*******,*******,*******,*******,*******,*******,anonymous,EN,I consent,5de970024172e2000c9dacd2,,,,,,,,,,Yes,Yes,No,No,,,,,I didn't learn anything about the efficiency of the two training programs. The sample size is to small.,Nope,5de970024172e2000c9dacd2,$0.60 ,3 minutes,628cf9bf368a7d6198f3ef11,628d18e178bb265394c9db91,50,Yes,85,training,proportionality,Type-1 case studies,Type-2 case studies,Type-1 simulations,Type-2 simulations,that both simulations and case studies come in two types: Type-1 and Type 2,each of which come in one of two types: Type-1 and Type-2
5/24/22 11:44,5/24/22 11:46,IP Address,*******,100,130,TRUE,5/24/22 11:46,R_2CkRz5Xxa3YJw51,*******,*******,*******,*******,*******,*******,anonymous,EN,I consent,62371a5bc955df9ccc899bb0,Yes,Yes,No,No,,,,,"I hate to say it, but I haven't really learned much ",,,,,,,,,,,62371a5bc955df9ccc899bb0,$0.60 ,3 minutes,628cf9bf368a7d6198f3ef11,628d197e5fefe83ba660c92c,50,Yes,98,pharma,stability,ingredient Reptol and must be taken with food,ingredient Reptol and must be taken without food,ingredient Psylo and must be taken with food,ingredient Psylo and must be taken without food,either must be taken with food or must be taken without food,"and medicines containing either ingredient must taken with food or without food, depending on the medication"
5/24/22 11:45,5/24/22 11:47,IP Address,*******,100,148,TRUE,5/24/22 11:47,R_3DdqsRxtP0qlyfr,*******,*******,*******,*******,*******,*******,anonymous,EN,I consent,60d76140337e60ae26f7fce9,,,,,,,,,,Yes,No,No,No,,,,,Seems there is huge difference in success rates of different training programs,,60d76140337e60ae26f7fce9,$0.60 ,3 minutes,628cf9bf368a7d6198f3ef11,628d198b77cf6847d7abf263,80,No,85,training,stability,case studies and takes place on weekends,case studies and does not take place on weekends,simulations and takes place on weekends,simulations and does not take place on weekends,either take place on weekends or do not take place on weekends,and they either take place on weekends or do not take place on weekends
5/24/22 11:46,5/24/22 11:48,IP Address,*******,100,124,TRUE,5/24/22 11:48,R_x3JVFINXOI74wSt,*******,*******,*******,*******,*******,*******,anonymous,EN,I consent,607dadd7d36ac2f5d4e9d551,,,,,,,,,,Yes,Yes,Yes,No,Yes,Yes,No,No,"Type 1 seems to be more successful than type 2. Regardless, every staff member deserves to be nurtured and supported",,607dadd7d36ac2f5d4e9d551,$0.60 ,3 minutes,628cf9bf368a7d6198f3ef12,628d19e576e9339fef84abda,50,Yes,98,training,proportionality,Type-1 case studies,Type-2 case studies,Type-1 simulations,Type-2 simulations,that both simulations and case studies come in two types: Type-1 and Type 2,each of which come in one of two types: Type-1 and Type-2
5/24/22 11:45,5/24/22 11:49,IP Address,*******,100,205,TRUE,5/24/22 11:49,R_1Dv7DcPPf5ag8aN,*******,*******,*******,*******,*******,*******,anonymous,EN,I consent,5cb9bc10e50fe5001746c43b,Yes,No,No,No,,,,,"I learned that the higher the amount of people find relief from their pain, the better the product. The products that seemed to work well had both type 1 and type 2 ingredients.",,,,,,,,,,,5cb9bc10e50fe5001746c43b,$0.60 ,3 minutes,628cf9bf368a7d6198f3ef12,628d19c03f40462ca47966fe,80,No,98,pharma,proportionality,ingredient Type-1 Reptol,ingredient Type-2 Reptol,ingredient Type-1 Psylo,ingredient Type-2 Psylo,that both ingredients come in two types: Type-1 and Type-2,each of which come in one of two types: Type-1 and Type-2
5/24/22 11:46,5/24/22 11:49,IP Address,*******,100,141,TRUE,5/24/22 11:49,R_2TNshPCPsbMIDYK,*******,*******,*******,*******,*******,*******,anonymous,EN,I consent,61147fe0ad281b1f08574891,Yes,No,No,No,,,,,"The only headache medication that worked for above 80% of patients was Medicine A. This medication used the active ingredient Reptol, showing that this seems like it works better than Psylo. However, it only seemed effective when taken with food. ",,,,,,,,,,,61147fe0ad281b1f08574891,$0.60 ,3 minutes,628cf9bf368a7d6198f3ef12,628d1a098540632d99d69269,80,No,85,pharma,stability,ingredient Reptol and must be taken with food,ingredient Reptol and must be taken without food,ingredient Psylo and must be taken with food,ingredient Psylo and must be taken without food,either must be taken with food or must be taken without food,"and medicines containing either ingredient must taken with food or without food, depending on the medication"
5/24/22 11:48,5/24/22 11:50,IP Address,*******,100,107,TRUE,5/24/22 11:50,R_2uBBv1svyw55rPR,*******,*******,*******,*******,*******,*******,anonymous,EN,I consent,5e48122927eb23000af799c7,,,,,,,,,,Yes,Yes,No,No,,,,,There’s a huge percentage difference after the first two. ,,5e48122927eb23000af799c7,$0.60 ,3 minutes,628cf9bf368a7d6198f3ef12,628d1a73b061e32c8fdf1eb3,50,Yes,98,training,proportionality,Type-1 case studies,Type-2 case studies,Type-1 simulations,Type-2 simulations,that both simulations and case studies come in two types: Type-1 and Type 2,each of which come in one of two types: Type-1 and Type-2
5/24/22 11:50,5/24/22 11:52,IP Address,*******,100,141,TRUE,5/24/22 11:52,R_2WMC6q3xiNncyC3,*******,*******,*******,*******,*******,*******,anonymous,EN,I consent,5fa0adf677c87511c18c2475,Yes,Yes,No,No,,,,,I don’t remember. I wasn’t paying close attention to which active ingredient – I was only looking at the efficacy.,,,,,,,,,,,5fa0adf677c87511c18c2475,$0.60 ,3 minutes,628cf9bf368a7d6198f3ef12,628d1ad789b1324c59e43da4,50,Yes,85,pharma,proportionality,ingredient Type-1 Reptol,ingredient Type-2 Reptol,ingredient Type-1 Psylo,ingredient Type-2 Psylo,that both ingredients come in two types: Type-1 and Type-2,each of which come in one of two types: Type-1 and Type-2
5/24/22 11:49,5/24/22 11:53,IP Address,*******,100,277,TRUE,5/24/22 11:53,R_3FQGc9j0qdIGAu7,*******,*******,*******,*******,*******,*******,anonymous,EN,I consent,608b0536050591bc22be9e84,Yes,No,No,No,,,,,I learned the reptol is more effective if taken with food. Without food reptol dropped 15% effectiveness. Psylo didn't seem to help either with food or without food in reducing the severity of headaches.,,,,,,,,,,,608b0536050591bc22be9e84,$0.60 ,3 minutes,628cf9bf368a7d6198f3ef12,628d1a96c78384cbc885b87a,80,No,85,pharma,stability,ingredient Reptol and must be taken with food,ingredient Reptol and must be taken without food,ingredient Psylo and must be taken with food,ingredient Psylo and must be taken without food,either must be taken with food or must be taken without food,"and medicines containing either ingredient must taken with food or without food, depending on the medication"
5/24/22 11:51,5/24/22 11:53,IP Address,*******,100,173,TRUE,5/24/22 11:53,R_1g5b3ub3ELxdlaY,*******,*******,*******,*******,*******,*******,anonymous,EN,I consent,58503134ed99c80001cebc0a,,,,,,,,,,Yes,Yes,No,No,,,,,The ones that used case studies tended to do better than the ones that used simulations. Surprisingly it taking place on the weekend or not did not effect the outcome too much.,none,58503134ed99c80001cebc0a,$0.60 ,3 minutes,628cf9bf368a7d6198f3ef12,628d1b0121c854977c151017,50,Yes,85,training,stability,case studies and takes place on weekends,case studies and does not take place on weekends,simulations and takes place on weekends,simulations and does not take place on weekends,either take place on weekends or do not take place on weekends,and they either take place on weekends or do not take place on weekends
5/24/22 11:50,5/24/22 11:53,IP Address,*******,100,202,TRUE,5/24/22 11:53,R_3L78vLOOeCK471n,*******,*******,*******,*******,*******,*******,anonymous,EN,I consent,5eda93dcca52056b992dc4e7,Yes,No,No,No,,,,,"Reptile type 1 appeared to have the best results and is the only medication that I would stock, according to the instructions given by my manager. The others don't come close to making the threshold ",,,,,,,,,,,5eda93dcca52056b992dc4e7,$0.60 ,3 minutes,628cf9bf368a7d6198f3ef12,628d1ae4c0b60d8a8d2fe16f,80,No,98,pharma,proportionality,ingredient Type-1 Reptol,ingredient Type-2 Reptol,ingredient Type-1 Psylo,ingredient Type-2 Psylo,that both ingredients come in two types: Type-1 and Type-2,each of which come in one of two types: Type-1 and Type-2
5/24/22 11:52,5/24/22 11:54,IP Address,*******,100,139,TRUE,5/24/22 11:54,R_1dt2B6Ao9byYeVC,*******,*******,*******,*******,*******,*******,anonymous,EN,I consent,56f2a49ced0cf600069131cd,,,,,,,,,,Yes,Yes,No,No,,,,,The higher ratings were offered with case studies and taking place on the weekends.,,56f2a49ced0cf600069131cd,$0.60 ,3 minutes,628cf9bf368a7d6198f3ef12,628d1b4df3d319bd60793790,50,Yes,85,training,stability,case studies and takes place on weekends,case studies and does not take place on weekends,simulations and takes place on weekends,simulations and does not take place on weekends,either take place on weekends or do not take place on weekends,and they either take place on weekends or do not take place on weekends
5/24/22 11:51,5/24/22 11:55,IP Address,*******,100,281,TRUE,5/24/22 11:55,R_1o5N2zp3nAsVELm,*******,*******,*******,*******,*******,*******,anonymous,EN,I consent,6266a95d927943d0147dc188,Yes,Yes,No,No,Yes,No,No,No,It seems that Retool has an ingredient that reaches more people who have frequent headaches.,,,,,,,,,,,6266a95d927943d0147dc188,$0.60 ,3 minutes,628cf9bf368a7d6198f3ef11,628d1afb6f41232b71b0c8c8,80,No,98,pharma,proportionality,ingredient Type-1 Reptol,ingredient Type-2 Reptol,ingredient Type-1 Psylo,ingredient Type-2 Psylo,that both ingredients come in two types: Type-1 and Type-2,each of which come in one of two types: Type-1 and Type-2
5/24/22 11:54,5/24/22 11:56,IP Address,*******,100,88,TRUE,5/24/22 11:56,R_1hzhkuOSbIq9iz2,*******,*******,*******,*******,*******,*******,anonymous,EN,I consent,60fcd8cbdcebde3d58562aeb,,,,,,,,,,Yes,No,No,No,,,,,One type has more success in training employees. I would be interested to see data on how people learn best/retain information ,,60fcd8cbdcebde3d58562aeb,$0.60 ,3 minutes,628cf9bf368a7d6198f3ef12,628d1bed3f65c21298f0b5a1,80,No,85,training,proportionality,Type-1 case studies,Type-2 case studies,Type-1 simulations,Type-2 simulations,that both simulations and case studies come in two types: Type-1 and Type 2,each of which come in one of two types: Type-1 and Type-2
5/24/22 11:52,5/24/22 11:57,IP Address,*******,100,265,TRUE,5/24/22 11:57,R_2UYlD7xJuGrmBvQ,*******,*******,*******,*******,*******,*******,anonymous,EN,I consent,60af211b4a5d9a8452b7df3f,Yes,No,No,No,,,,,"Only one works at 85%, another at 70%, the other two are trash.",,,,,,,,,,,60af211b4a5d9a8452b7df3f,$0.60 ,3 minutes,628cf9bf368a7d6198f3ef12,628d1b5dc78384cbc885b884,80,No,85,pharma,proportionality,ingredient Type-1 Reptol,ingredient Type-2 Reptol,ingredient Type-1 Psylo,ingredient Type-2 Psylo,that both ingredients come in two types: Type-1 and Type-2,each of which come in one of two types: Type-1 and Type-2
5/24/22 11:55,5/24/22 11:57,IP Address,*******,100,150,TRUE,5/24/22 11:57,R_1F3Nm68IeG68Osy,*******,*******,*******,*******,*******,*******,anonymous,EN,I consent,6044dfc230e44b5793804ba6,,,,,,,,,,Yes,Yes,No,No,,,,,"I haven't learned much, just that I'm supposed to pick programs which lead to at least 50 percent of new hires to become successful employees.",,6044dfc230e44b5793804ba6,$0.60 ,3 minutes,628cf9bf368a7d6198f3ef12,628d1bd4e50682ba7590b07b,50,Yes,98,training,proportionality,Type-1 case studies,Type-2 case studies,Type-1 simulations,Type-2 simulations,that both simulations and case studies come in two types: Type-1 and Type 2,each of which come in one of two types: Type-1 and Type-2
5/24/22 11:54,5/24/22 11:58,IP Address,*******,100,236,TRUE,5/24/22 11:58,R_3rMOHmYuYkZTJ5J,*******,*******,*******,*******,*******,*******,anonymous,EN,I consent,607dd7414afd1bb8bce441d9,Yes,Yes,No,No,,,,,Active ingredients in varying amounts affect headaches differently. Reptile seems more effective than Psylo. Food taken with the medication may negatively affect efficacy.,,,,,,,,,,,607dd7414afd1bb8bce441d9,$0.60 ,3 minutes,628cf9bf368a7d6198f3ef12,628d1bdcf901b124fc6b77c3,50,Yes,98,pharma,stability,ingredient Reptol and must be taken with food,ingredient Reptol and must be taken without food,ingredient Psylo and must be taken with food,ingredient Psylo and must be taken without food,either must be taken with food or must be taken without food,"and medicines containing either ingredient must taken with food or without food, depending on the medication"
5/24/22 11:55,5/24/22 12:00,IP Address,*******,100,271,TRUE,5/24/22 12:00,R_ULQfjHUcyDm7WfL,*******,*******,*******,*******,*******,*******,anonymous,EN,I consent,5e3b8f110d41ad3a7bc35019,,,,,,,,,,Yes,No,No,No,,,,,"According to the research provided, use of Type 1 and Type 2 simulations in training programs results in 1% of trainees to become successful employees. With use of Type 2 case studies 70% of trainees to become successful employees. With use of Type 1 case studies, 85% of trainees to become successful employees.",,5e3b8f110d41ad3a7bc35019,$0.60 ,3 minutes,628cf9bf368a7d6198f3ef12,628d1c13e8e90702a3d35d39,80,No,85,training,proportionality,Type-1 case studies,Type-2 case studies,Type-1 simulations,Type-2 simulations,that both simulations and case studies come in two types: Type-1 and Type 2,each of which come in one of two types: Type-1 and Type-2
5/24/22 11:55,5/24/22 12:00,IP Address,*******,100,328,TRUE,5/24/22 12:00,R_2P1iSVUyr1ph3wi,*******,*******,*******,*******,*******,*******,anonymous,EN,I consent,5e35e9d6ad66f5000f75567f,Yes,Yes,No,No,Yes,No,No,No,"That reptol has a much great chance of reducing headaches. Than it’s counterpart Psylo, and that reptol has a great chance of reducing headaches when taken with food. ",,,,,,,,,,,5e35e9d6ad66f5000f75567f,$0.60 ,3 minutes,628cf9bf368a7d6198f3ef11,628d1bef91a73523e3b5b4d0,80,No,85,pharma,stability,ingredient Reptol and must be taken with food,ingredient Reptol and must be taken without food,ingredient Psylo and must be taken with food,ingredient Psylo and must be taken without food,either must be taken with food or must be taken without food,"and medicines containing either ingredient must taken with food or without food, depending on the medication"
5/24/22 11:59,5/24/22 12:00,IP Address,*******,100,79,TRUE,5/24/22 12:00,R_21zgFhs5R0rnaOe,*******,*******,*******,*******,*******,*******,anonymous,EN,I consent,5f16ff89ea30c001ece617bc,,,,,,,,,,Yes,No,No,No,,,,,Training programs on weekends have higher success rates than those on weekdays,,5f16ff89ea30c001ece617bc,$0.60 ,3 minutes,628cf9bf368a7d6198f3ef11,628d1d05df55bc516b79f162,80,No,98,training,stability,case studies and takes place on weekends,case studies and does not take place on weekends,simulations and takes place on weekends,simulations and does not take place on weekends,either take place on weekends or do not take place on weekends,and they either take place on weekends or do not take place on weekends
5/24/22 11:55,5/24/22 12:01,IP Address,*******,100,357,TRUE,5/24/22 12:01,R_21GtJWV8TkmlTP5,*******,*******,*******,*******,*******,*******,anonymous,EN,I consent,60a46cf64f3812c21ea9ed6c,Yes,Yes,No,No,,,,,Reptol reduces the severity of headaches in at least 50 % of customers. You are only suppose to stock medications that reduce severity of headaches by at least 50%.,,,,,,,,,,No,60a46cf64f3812c21ea9ed6c,$0.60 ,3 minutes,628cf9bf368a7d6198f3ef12,628d1bf22af28c865957279a,50,Yes,98,pharma,stability,ingredient Reptol and must be taken with food,ingredient Reptol and must be taken without food,ingredient Psylo and must be taken with food,ingredient Psylo and must be taken without food,either must be taken with food or must be taken without food,"and medicines containing either ingredient must taken with food or without food, depending on the medication"
5/24/22 11:53,5/24/22 12:01,IP Address,*******,100,477,TRUE,5/24/22 12:01,R_2s53BPOkIZub5iB,*******,*******,*******,*******,*******,*******,anonymous,EN,I consent,579181fa913c71000197531b,,,,,,,,,,Yes,Yes,No,No,,,,,Training programs that use case studies are more successful than those that use simulations. The studies using case studies that take place on the weekends are 15% more successful than those that take place during the week. I think people have an easier time focusing during the weekend rather than fitting the training into their schedules. Simulated training appears to be unsuccessful. ,"No, all good. Thank you. ",579181fa913c71000197531b,$0.60 ,3 minutes,628cf9bf368a7d6198f3ef12,628d1b9cf36bf3429a8fa1ba,50,Yes,85,training,stability,case studies and takes place on weekends,case studies and does not take place on weekends,simulations and takes place on weekends,simulations and does not take place on weekends,either take place on weekends or do not take place on weekends,and they either take place on weekends or do not take place on weekends
5/24/22 11:59,5/24/22 12:01,IP Address,*******,100,144,TRUE,5/24/22 12:01,R_QicttgOdulfs4x3,*******,*******,*******,*******,*******,*******,anonymous,EN,I consent,613bced24539c8224fb0bcab,,,,,,,,,,Yes,Yes,No,No,,,,,Case studies work better than simulations do and the types do not have any relevance.,,613bced24539c8224fb0bcab,$0.60 ,3 minutes,628cf9bf368a7d6198f3ef12,628d1cff4bb494402509f2a7,50,Yes,85,training,proportionality,Type-1 case studies,Type-2 case studies,Type-1 simulations,Type-2 simulations,that both simulations and case studies come in two types: Type-1 and Type 2,each of which come in one of two types: Type-1 and Type-2
5/24/22 11:58,5/24/22 12:01,IP Address,*******,100,208,TRUE,5/24/22 12:01,R_10AwIOVXSHS9I9O,*******,*******,*******,*******,*******,*******,anonymous,EN,I consent,5e683c4d6ca0f9000d3f35fe,Yes,No,No,No,,,,,I think that a product that reduces 98% of headaches is something that is very effective.  I think that more Reptol leads to a better reduction in headaches. ,,,,,,,,,,no,5e683c4d6ca0f9000d3f35fe,$0.60 ,3 minutes,628cf9bf368a7d6198f3ef11,628d1cc294633ccda0d45aea,80,No,98,pharma,proportionality,ingredient Type-1 Reptol,ingredient Type-2 Reptol,ingredient Type-1 Psylo,ingredient Type-2 Psylo,that both ingredients come in two types: Type-1 and Type-2,each of which come in one of two types: Type-1 and Type-2
5/24/22 12:00,5/24/22 12:02,IP Address,*******,100,135,TRUE,5/24/22 12:02,R_1PcuJ6Z7g3HDdpM,*******,*******,*******,*******,*******,*******,anonymous,EN,I consent,57ac9e210493620001d3a277,Yes,Yes,No,No,,,,,Reptol reduces headache symptoms. Psylo does not. I would stock Reptol. I would not stock Psylo.,,,,,,,,,,No.,57ac9e210493620001d3a277,$0.60 ,3 minutes,628cf9bf368a7d6198f3ef11,628d1d29bef71b1671ce651a,50,Yes,85,pharma,stability,ingredient Reptol and must be taken with food,ingredient Reptol and must be taken without food,ingredient Psylo and must be taken with food,ingredient Psylo and must be taken without food,either must be taken with food or must be taken without food,"and medicines containing either ingredient must taken with food or without food, depending on the medication"
5/24/22 11:56,5/24/22 12:02,IP Address,*******,100,342,TRUE,5/24/22 12:02,R_2e9Z1xtxgGEpxRz,*******,*******,*******,*******,*******,*******,anonymous,EN,I consent,60903dab9fa50372f9fd060f,Yes,Yes,No,No,,,,,Reptol type 1 and type 2 seem to reduce headaches. Psylo type 1 ans type 2 have a very low percent ability to reduce headache pain.,,,,,,,,,,,60903dab9fa50372f9fd060f,$0.60 ,3 minutes,628cf9bf368a7d6198f3ef12,628d1c5c54e2b0225281c2a3,50,Yes,85,pharma,proportionality,ingredient Type-1 Reptol,ingredient Type-2 Reptol,ingredient Type-1 Psylo,ingredient Type-2 Psylo,that both ingredients come in two types: Type-1 and Type-2,each of which come in one of two types: Type-1 and Type-2
5/24/22 12:00,5/24/22 12:03,IP Address,*******,100,180,TRUE,5/24/22 12:03,R_BJRIGOZ6X2lg9NL,*******,*******,*******,*******,*******,*******,anonymous,EN,I consent,5ea9d795dec14d13eb7af3d9,,,,,,,,,,Yes,Yes,No,No,,,,,It seems like the Type of program does not matter. Program A and B are obviously effective at retaining successful employees regardless of the simulation type.,N/a,5ea9d795dec14d13eb7af3d9,$0.60 ,3 minutes,628cf9bf368a7d6198f3ef11,628d1d246e8e2a03faccec56,50,Yes,98,training,proportionality,Type-1 case studies,Type-2 case studies,Type-1 simulations,Type-2 simulations,that both simulations and case studies come in two types: Type-1 and Type 2,each of which come in one of two types: Type-1 and Type-2
5/24/22 12:00,5/24/22 12:03,IP Address,*******,100,165,TRUE,5/24/22 12:03,R_2ci1CuwYHlgPxf1,*******,*******,*******,*******,*******,*******,anonymous,EN,I consent,5dd3eb4bc0823f3d043b96fb,Yes,No,No,No,,,,,Reptol Type 1 seemed to be the best in the studies while Psylo worked very poorly at under 1%.,,,,,,,,,,,5dd3eb4bc0823f3d043b96fb,$0.60 ,3 minutes,628cf9bf368a7d6198f3ef12,628d1d52712542256d602ff9,80,No,85,pharma,proportionality,ingredient Type-1 Reptol,ingredient Type-2 Reptol,ingredient Type-1 Psylo,ingredient Type-2 Psylo,that both ingredients come in two types: Type-1 and Type-2,each of which come in one of two types: Type-1 and Type-2
5/24/22 12:00,5/24/22 12:03,IP Address,*******,100,229,TRUE,5/24/22 12:03,R_pPMODaYuRSTRFPX,*******,*******,*******,*******,*******,*******,anonymous,EN,I consent,5fbead0dc32181085395e4b3,,,,,,,,,,Yes,No,No,No,,,,,Case studies have the potential to give candidates a better grasp on how people interact and how situations actually play out which could lead to a more comprehensive way to train. Simulations on the other hand are just that simulations. They don’t provide any actual evidence to what the job or criteria for the job is like. It’s just a simulated scenario that may or may not have been true at some point. ,,5fbead0dc32181085395e4b3,$0.60 ,3 minutes,628cf9bf368a7d6198f3ef11,628d1d1a3bccf3dca1558c65,80,No,98,training,stability,case studies and takes place on weekends,case studies and does not take place on weekends,simulations and takes place on weekends,simulations and does not take place on weekends,either take place on weekends or do not take place on weekends,and they either take place on weekends or do not take place on weekends
5/24/22 12:02,5/24/22 12:04,IP Address,*******,100,103,TRUE,5/24/22 12:04,R_UcoBRnkUbhEKNJD,*******,*******,*******,*******,*******,*******,anonymous,EN,I consent,5c0735ac0ea1410001a9d1c7,,,,,,,,,,Yes,Yes,No,No,,,,,Type 1 seems to be the most successful in the longrun,"None, thank you!",5c0735ac0ea1410001a9d1c7,$0.60 ,3 minutes,628cf9bf368a7d6198f3ef12,628d1dbb957188afd5902920,50,Yes,98,training,proportionality,Type-1 case studies,Type-2 case studies,Type-1 simulations,Type-2 simulations,that both simulations and case studies come in two types: Type-1 and Type 2,each of which come in one of two types: Type-1 and Type-2
5/24/22 12:03,5/24/22 12:05,IP Address,*******,100,168,TRUE,5/24/22 12:05,R_1LuSmdEnLULLOBV,*******,*******,*******,*******,*******,*******,anonymous,EN,I consent,60131babd3a5ad18ed8b15a3,Yes,Yes,No,No,,,,,"Reptol is effective with or without food, and Psylo isn't effective at all, either with food or without.",,,,,,,,,,,60131babd3a5ad18ed8b15a3,$0.60 ,3 minutes,628cf9bf368a7d6198f3ef12,628d1dd7a84ca325c76ae3c2,50,Yes,98,pharma,stability,ingredient Reptol and must be taken with food,ingredient Reptol and must be taken without food,ingredient Psylo and must be taken with food,ingredient Psylo and must be taken without food,either must be taken with food or must be taken without food,"and medicines containing either ingredient must taken with food or without food, depending on the medication"
5/24/22 11:58,5/24/22 12:06,IP Address,*******,100,496,TRUE,5/24/22 12:06,R_3Rxylea3mJAhwvO,*******,*******,*******,*******,*******,*******,anonymous,EN,I consent,5d4320275a5b010001523979,Yes,No,No,No,,,,,The Reptol that was taken with food was very effective at reducing headache pain The Reptol that had to be taken without food was somewhat effective against headache but not good enough to be stocked.  Both versions of Psylo was not effective at all.,,,,,,,,,,No,5d4320275a5b010001523979,$0.60 ,3 minutes,628cf9bf368a7d6198f3ef11,628d1ca57128643ecc84fc6e,80,No,98,pharma,stability,ingredient Reptol and must be taken with food,ingredient Reptol and must be taken without food,ingredient Psylo and must be taken with food,ingredient Psylo and must be taken without food,either must be taken with food or must be taken without food,"and medicines containing either ingredient must taken with food or without food, depending on the medication"
5/24/22 12:04,5/24/22 12:08,IP Address,*******,100,268,TRUE,5/24/22 12:08,R_0Tx5bTfHrcsP2iR,*******,*******,*******,*******,*******,*******,anonymous,EN,I consent,5d79375d794d900017671c07,Yes,No,No,No,,,,,Patients who took the headache medicine with Reptol as the main ingredient had morse success then those who took one with Psylo.  Specifically type-1 with Reptol was overall more effective. Though Type-1 with Psylo was close but not high enough efficacy,,,,,,,,,,,5d79375d794d900017671c07,$0.60 ,3 minutes,628cf9bf368a7d6198f3ef12,628d1e1ff426b496d8c7ae97,80,No,85,pharma,proportionality,ingredient Type-1 Reptol,ingredient Type-2 Reptol,ingredient Type-1 Psylo,ingredient Type-2 Psylo,that both ingredients come in two types: Type-1 and Type-2,each of which come in one of two types: Type-1 and Type-2
5/24/22 12:06,5/24/22 12:09,IP Address,*******,100,175,TRUE,5/24/22 12:09,R_10ZXK2fNfPNcH2g,*******,*******,*******,*******,*******,*******,anonymous,EN,I consent,5df89cab69a117620a70f1ee,Yes,Yes,No,No,,,,,Different medication has different effect/ingredients ,,,,,,,,,,Na,5df89cab69a117620a70f1ee,$0.60 ,3 minutes,628cf9bf368a7d6198f3ef11,628d1e88780ebac0a6de04ea,50,Yes,85,pharma,stability,ingredient Reptol and must be taken with food,ingredient Reptol and must be taken without food,ingredient Psylo and must be taken with food,ingredient Psylo and must be taken without food,either must be taken with food or must be taken without food,"and medicines containing either ingredient must taken with food or without food, depending on the medication"
5/24/22 12:04,5/24/22 12:09,IP Address,*******,100,272,TRUE,5/24/22 12:09,R_Xh5Wx7H090ScAE1,*******,*******,*******,*******,*******,*******,anonymous,EN,I consent,611b1b3fb0219bcb347523e1,Yes,No,No,No,,,,,I learned that Type-1 Reptol worked best in reducing headaches.,,,,,,,,,,,611b1b3fb0219bcb347523e1,$0.60 ,3 minutes,628cf9bf368a7d6198f3ef11,628d1e3fb067e4eee30bcf20,80,No,85,pharma,proportionality,ingredient Type-1 Reptol,ingredient Type-2 Reptol,ingredient Type-1 Psylo,ingredient Type-2 Psylo,that both ingredients come in two types: Type-1 and Type-2,each of which come in one of two types: Type-1 and Type-2
5/24/22 12:05,5/24/22 12:10,IP Address,*******,100,293,TRUE,5/24/22 12:10,R_2P4IXMsymtcqcSf,*******,*******,*******,*******,*******,*******,anonymous,EN,I consent,6112fe4912ec0b56918288fe,,,,,,,,,,Yes,Yes,No,No,,,,,Honestly I didn't learn much of anything because I was more focused on the percentage of successful hires instead of the kind of training program or when it took place.,nothing thank you,6112fe4912ec0b56918288fe,$0.60 ,3 minutes,628cf9bf368a7d6198f3ef11,628d1e5a5bb299ed30f76ece,50,Yes,98,training,stability,case studies and takes place on weekends,case studies and does not take place on weekends,simulations and takes place on weekends,simulations and does not take place on weekends,either take place on weekends or do not take place on weekends,and they either take place on weekends or do not take place on weekends
5/24/22 12:06,5/24/22 12:10,IP Address,*******,100,208,TRUE,5/24/22 12:10,R_1BVZOUBENAKYOwt,*******,*******,*******,*******,*******,*******,anonymous,EN,I consent,5589480afdf99b5ccca3c1ea,,,,,,,,,,Yes,Yes,No,No,Yes,No,No,No,It appears that training type 1 and type 2 are more successful than the other programs. Type 2 produces a lesser result but still fairs better than the others. ,No,5589480afdf99b5ccca3c1ea,$0.60 ,3 minutes,628cf9bf368a7d6198f3ef12,628d1eb9c8a40b3727acff41,80,No,98,training,proportionality,Type-1 case studies,Type-2 case studies,Type-1 simulations,Type-2 simulations,that both simulations and case studies come in two types: Type-1 and Type 2,each of which come in one of two types: Type-1 and Type-2
5/24/22 12:08,5/24/22 12:10,IP Address,*******,100,130,TRUE,5/24/22 12:10,R_3lxGr1ue561rlhy,*******,*******,*******,*******,*******,*******,anonymous,EN,I consent,5c0b388b9c7b1100015ab55f,Yes,Yes,No,No,,,,,I learned that Reptol is effective at improving most headaches. The medicine with Psylo as the ingredient was only effective 1 percent of the time.,,,,,,,,,,no,5c0b388b9c7b1100015ab55f,$0.60 ,3 minutes,628cf9bf368a7d6198f3ef12,628d1f07dbace601ba0e9c95,50,Yes,98,pharma,proportionality,ingredient Type-1 Reptol,ingredient Type-2 Reptol,ingredient Type-1 Psylo,ingredient Type-2 Psylo,that both ingredients come in two types: Type-1 and Type-2,each of which come in one of two types: Type-1 and Type-2
5/24/22 12:08,5/24/22 12:11,IP Address,*******,100,156,TRUE,5/24/22 12:11,R_swktyu0qjuOweOd,*******,*******,*******,*******,*******,*******,anonymous,EN,I consent,5f3eeb74bfbc021a779796d2,Yes,Yes,No,No,,,,,Some medications must be taken with food or will cause upset stomachs or other issues.  Some ingredients are more effective than others.,,,,,,,,,,,5f3eeb74bfbc021a779796d2,$0.60 ,3 minutes,628cf9bf368a7d6198f3ef11,628d1f2ca72b5acce81025ec,50,Yes,85,pharma,stability,ingredient Reptol and must be taken with food,ingredient Reptol and must be taken without food,ingredient Psylo and must be taken with food,ingredient Psylo and must be taken without food,either must be taken with food or must be taken without food,"and medicines containing either ingredient must taken with food or without food, depending on the medication"
5/24/22 12:05,5/24/22 12:11,IP Address,*******,100,365,TRUE,5/24/22 12:11,R_1iqTbI1nFzGuuDw,*******,*******,*******,*******,*******,*******,anonymous,EN,I consent,60b7a77ccd6f5c19f13e83e6,Yes,No,No,No,,,,,"The active ingredient Reptol Type-1 is most effective in reducing the severity of the patients' headaches. With this medication, 85% of patients experienced a reduction in the severity of headaches. Reptol Type-2 is less effective and only 70% of patients experienced a reduction in severity of headaches. Both types of Psylo are ineffective at reducing the severity. ",,,,,,,,,,,60b7a77ccd6f5c19f13e83e6,$0.60 ,3 minutes,628cf9bf368a7d6198f3ef12,628d1e70879528927a6f578d,80,No,85,pharma,proportionality,ingredient Type-1 Reptol,ingredient Type-2 Reptol,ingredient Type-1 Psylo,ingredient Type-2 Psylo,that both ingredients come in two types: Type-1 and Type-2,each of which come in one of two types: Type-1 and Type-2
5/24/22 12:07,5/24/22 12:11,IP Address,*******,100,262,TRUE,5/24/22 12:11,R_Z8Iz6IdKB1q4TVT,*******,*******,*******,*******,*******,*******,anonymous,EN,I consent,6136e715cf2e36f0dfb894e5,Yes,Yes,No,No,,,,,"Reptol, both taken with and without food, is drastically more efficient at alleviating headache pain.  Which form of Reptol is beneficial will depend on the patient's ability to hold down food at that time.",,,,,,,,,,,6136e715cf2e36f0dfb894e5,$0.60 ,3 minutes,628cf9bf368a7d6198f3ef12,628d1ed7612670624957f482,50,Yes,98,pharma,stability,ingredient Reptol and must be taken with food,ingredient Reptol and must be taken without food,ingredient Psylo and must be taken with food,ingredient Psylo and must be taken without food,either must be taken with food or must be taken without food,"and medicines containing either ingredient must taken with food or without food, depending on the medication"
5/24/22 12:08,5/24/22 12:11,IP Address,*******,100,216,TRUE,5/24/22 12:11,R_22zigvsr1BY5caW,*******,*******,*******,*******,*******,*******,anonymous,EN,I consent,55d234565bc5bc0005d90389,,,,,,,,,,Yes,No,No,No,,,,,"The simulations are next to useless. The case studies are good, but only the type-1 studies meet the requirements. ",,55d234565bc5bc0005d90389,$0.60 ,3 minutes,628cf9bf368a7d6198f3ef11,628d1f0211580672325ec228,80,No,98,training,proportionality,Type-1 case studies,Type-2 case studies,Type-1 simulations,Type-2 simulations,that both simulations and case studies come in two types: Type-1 and Type 2,each of which come in one of two types: Type-1 and Type-2
5/24/22 12:04,5/24/22 12:13,IP Address,*******,100,491,TRUE,5/24/22 12:13,R_bjvB2x0nra16td7,*******,*******,*******,*******,*******,*******,anonymous,EN,I consent,5bab9236315e270001a408e1,,,,,,,,,,Yes,Yes,No,No,Yes,No,No,No,"According to the table I saw on the previous page, using case studies and doing the training on weekends seems to be highly successful. That success rate drops by 28% when the training takes place during the week, and it drops even more significantly when the training uses simulations instead of case studies. It seems that the choice between simulations and case studies seem to be the most important variable in whether the training program will be successful.",,5bab9236315e270001a408e1,$0.60 ,3 minutes,628cf9bf368a7d6198f3ef12,628d1e42e6542a4ee9e7e313,80,No,98,training,stability,case studies and takes place on weekends,case studies and does not take place on weekends,simulations and takes place on weekends,simulations and does not take place on weekends,either take place on weekends or do not take place on weekends,and they either take place on weekends or do not take place on weekends
5/24/22 12:10,5/24/22 12:13,IP Address,*******,100,160,TRUE,5/24/22 12:13,R_RWtLUlHR7hP7xZv,*******,*******,*******,*******,*******,*******,anonymous,EN,I consent,611ab9f643ec1cea26df2ea1,,,,,,,,,,Yes,Yes,No,No,,,,,Trainings that take place on weekends have a higher success rate. Simulations are more helpful for trainings.,,611ab9f643ec1cea26df2ea1,$0.60 ,3 minutes,628cf9bf368a7d6198f3ef12,628d1f962008473211d13a14,50,Yes,85,training,stability,case studies and takes place on weekends,case studies and does not take place on weekends,simulations and takes place on weekends,simulations and does not take place on weekends,either take place on weekends or do not take place on weekends,and they either take place on weekends or do not take place on weekends
5/24/22 12:10,5/24/22 12:13,IP Address,*******,100,206,TRUE,5/24/22 12:13,R_1Kw3JfICqyCGK3v,*******,*******,*******,*******,*******,*******,anonymous,EN,I consent,6080f54b42dcabe9e1418fe3,,,,,,,,,,Yes,No,No,No,Yes,No,No,No,Case studies is more effective for learning than simulations are. The case studies that take place on weekends are more successful than ones that dont,,6080f54b42dcabe9e1418fe3,$0.60 ,3 minutes,628cf9bf368a7d6198f3ef12,628d1f7a867d79bb5a8bc6a9,50,Yes,85,training,stability,case studies and takes place on weekends,case studies and does not take place on weekends,simulations and takes place on weekends,simulations and does not take place on weekends,either take place on weekends or do not take place on weekends,and they either take place on weekends or do not take place on weekends
5/24/22 12:10,5/24/22 12:13,IP Address,*******,100,187,TRUE,5/24/22 12:13,R_TvEnICTpGynFrd7,*******,*******,*******,*******,*******,*******,anonymous,EN,I consent,5b5b455d8fb47700015830b7,Yes,Yes,No,No,,,,,It seems that type 2 medications do not work as well on severe headaches as type 1. Both active ingredients seem to work as type 1 and should be stocked ,,,,,,,,,,,5b5b455d8fb47700015830b7,$0.60 ,3 minutes,628cf9bf368a7d6198f3ef12,628d1f967f9204e7b9217698,50,Yes,98,pharma,proportionality,ingredient Type-1 Reptol,ingredient Type-2 Reptol,ingredient Type-1 Psylo,ingredient Type-2 Psylo,that both ingredients come in two types: Type-1 and Type-2,each of which come in one of two types: Type-1 and Type-2
5/24/22 12:12,5/24/22 12:15,IP Address,*******,100,154,TRUE,5/24/22 12:15,R_yUU7Az6TL3gluIF,*******,*******,*******,*******,*******,*******,anonymous,EN,I consent,611eb5db46ee495d60b16aae,Yes,Yes,No,No,,,,,"Both types of Reptol are effective at reducing headaches, with one being slightly more effective than the other. Neither type of Psylo is effective in treating headaches.",,,,,,,,,,,611eb5db46ee495d60b16aae,$0.60 ,3 minutes,628cf9bf368a7d6198f3ef11,628d200c90afbdf507436c11,50,Yes,85,pharma,proportionality,ingredient Type-1 Reptol,ingredient Type-2 Reptol,ingredient Type-1 Psylo,ingredient Type-2 Psylo,that both ingredients come in two types: Type-1 and Type-2,each of which come in one of two types: Type-1 and Type-2
5/24/22 12:07,5/24/22 12:15,IP Address,*******,100,445,TRUE,5/24/22 12:15,R_1mVP6WNNmHa6YcO,*******,*******,*******,*******,*******,*******,anonymous,EN,I consent,6153feff56031fc0b414028b,Yes,Yes,No,No,,,,,The efficacy varies considerably. The variation can be extreme. The ingredients are VERY impactful.,,,,,,,,,,,6153feff56031fc0b414028b,$0.60 ,3 minutes,628cf9bf368a7d6198f3ef12,628d1ee3f99a42554bae70ab,50,Yes,98,pharma,proportionality,ingredient Type-1 Reptol,ingredient Type-2 Reptol,ingredient Type-1 Psylo,ingredient Type-2 Psylo,that both ingredients come in two types: Type-1 and Type-2,each of which come in one of two types: Type-1 and Type-2
5/24/22 12:14,5/24/22 12:16,IP Address,*******,100,122,TRUE,5/24/22 12:16,R_3p5dfGz7j9hgOQa,*******,*******,*******,*******,*******,*******,anonymous,EN,I consent,5c67338e7d17f800013f6176,,,,,,,,,,Yes,No,No,No,,,,,It seems as if Type-1 training types have a greater chance to produce results above the sub-80 threshold.,,5c67338e7d17f800013f6176,$0.60 ,3 minutes,628cf9bf368a7d6198f3ef12,628d207b2694ae1b40d2f031,80,No,98,training,proportionality,Type-1 case studies,Type-2 case studies,Type-1 simulations,Type-2 simulations,that both simulations and case studies come in two types: Type-1 and Type 2,each of which come in one of two types: Type-1 and Type-2
5/24/22 12:13,5/24/22 12:17,IP Address,*******,100,232,TRUE,5/24/22 12:17,R_p6ii2QKnHzNks37,*******,*******,*******,*******,*******,*******,anonymous,EN,I consent,5c9d05fd85b0830012e016f3,,,,,,,,,,Yes,No,No,No,,,,,Only one of the training programs presented today met the criteria of having a minimum of 80% of the participants go on to become successful employees (and that was the program that I chose).  I did not consider the other factors due to the low percentage of employees that go on to become sucessful.,,5c9d05fd85b0830012e016f3,$0.60 ,3 minutes,628cf9bf368a7d6198f3ef11,628d2045a16e825130ac0d30,80,No,98,training,proportionality,Type-1 case studies,Type-2 case studies,Type-1 simulations,Type-2 simulations,that both simulations and case studies come in two types: Type-1 and Type 2,each of which come in one of two types: Type-1 and Type-2
5/24/22 12:13,5/24/22 12:17,IP Address,*******,100,239,TRUE,5/24/22 12:17,R_zePMTQF7iH66OJ3,*******,*******,*******,*******,*******,*******,anonymous,EN,I consent,62162ab583fc823e78c025e2,Yes,Yes,No,No,,,,,It seems Psylo so far does not have the efficacy threshold my manager told me to follow. I thought I saw Reptol with food and without in 2 of the 4 scenarios. I didn't understand that ambiguity.,,,,,,,,,,,62162ab583fc823e78c025e2,$0.60 ,3 minutes,628cf9bf368a7d6198f3ef12,628d204b8301c2d0d8ecc590,50,Yes,85,pharma,stability,ingredient Reptol and must be taken with food,ingredient Reptol and must be taken without food,ingredient Psylo and must be taken with food,ingredient Psylo and must be taken without food,either must be taken with food or must be taken without food,"and medicines containing either ingredient must taken with food or without food, depending on the medication"
5/24/22 12:16,5/24/22 12:17,IP Address,*******,100,98,TRUE,5/24/22 12:17,R_3sdBDymGgQESKgq,*******,*******,*******,*******,*******,*******,anonymous,EN,I consent,5f6c7fd05c4f380266f5b78a,,,,,,,,,,Yes,Yes,No,No,,,,,"The efficacy varies wildly, and falls on two extremes of the spectrum. Either more than 70% of the participants in the training program go on to become successful employees or else a single-digit percentage amount do.",,5f6c7fd05c4f380266f5b78a,$0.60 ,3 minutes,628cf9bf368a7d6198f3ef12,628d20d9e3837fbcded69423,50,Yes,98,training,proportionality,Type-1 case studies,Type-2 case studies,Type-1 simulations,Type-2 simulations,that both simulations and case studies come in two types: Type-1 and Type 2,each of which come in one of two types: Type-1 and Type-2
5/24/22 12:12,5/24/22 12:18,IP Address,*******,100,351,TRUE,5/24/22 12:18,R_28YYGwsUDnN0wZT,*******,*******,*******,*******,*******,*******,anonymous,EN,I consent,5e14ffee6f6c63b33cf77eb3,,,,,,,,,,Yes,No,No,No,,,,,It seems that the different types can either find similar findings or different ones.. Type 2 seems more similar than type 1,,5e14ffee6f6c63b33cf77eb3,$0.60 ,3 minutes,628cf9bf368a7d6198f3ef12,628d2009751c1d04bceec806,80,No,98,training,proportionality,Type-1 case studies,Type-2 case studies,Type-1 simulations,Type-2 simulations,that both simulations and case studies come in two types: Type-1 and Type 2,each of which come in one of two types: Type-1 and Type-2
5/24/22 12:14,5/24/22 12:18,IP Address,*******,100,236,TRUE,5/24/22 12:18,R_2B3XYruEd9pVHVA,*******,*******,*******,*******,*******,*******,anonymous,EN,I consent,58a202ac66e4640001c52bfd,,,,,,,,,,Yes,No,No,No,,,,,There is one clear winner with great results.  The others are mainly very poor with one being mediocre.  There is a big difference between the best and the worse programs.,,58a202ac66e4640001c52bfd,$0.60 ,3 minutes,628cf9bf368a7d6198f3ef11,628d2036ada29b6e31ea9931,80,No,98,training,proportionality,Type-1 case studies,Type-2 case studies,Type-1 simulations,Type-2 simulations,that both simulations and case studies come in two types: Type-1 and Type 2,each of which come in one of two types: Type-1 and Type-2
5/24/22 12:16,5/24/22 12:18,IP Address,*******,100,109,TRUE,5/24/22 12:18,R_1NsFPi3rjE07DbD,*******,*******,*******,*******,*******,*******,anonymous,EN,I consent,59cf062758b71700019882d4,Yes,Yes,No,No,Yes,No,No,No,Reptol must be taken with food and seems to be more effective.,,,,,,,,,,,59cf062758b71700019882d4,$0.60 ,3 minutes,628cf9bf368a7d6198f3ef12,628d20a195f144b2af5f9e65,80,No,98,pharma,stability,ingredient Reptol and must be taken with food,ingredient Reptol and must be taken without food,ingredient Psylo and must be taken with food,ingredient Psylo and must be taken without food,either must be taken with food or must be taken without food,"and medicines containing either ingredient must taken with food or without food, depending on the medication"
5/24/22 12:10,5/24/22 12:18,IP Address,*******,100,468,TRUE,5/24/22 12:18,R_1Su838Gm2YdPTa1,*******,*******,*******,*******,*******,*******,anonymous,EN,I consent,5f8bb3a1eb9d442f36abe7d9,Yes,No,No,No,,,,,"Why I have learned is that some active ingredients are more effective than others consistently. There is more of a need to stock medications that contain certain active ingredients. The difference in percentage of people positively affected by the medications can be quite different. For example, 85% versus only 1%.",,,,,,,,,,"Nothing was difficult or frustrating about the survey, thank you.",5f8bb3a1eb9d442f36abe7d9,$0.60 ,3 minutes,628cf9bf368a7d6198f3ef11,628d1f9a83df9d72996b7284,80,No,85,pharma,stability,ingredient Reptol and must be taken with food,ingredient Reptol and must be taken without food,ingredient Psylo and must be taken with food,ingredient Psylo and must be taken without food,either must be taken with food or must be taken without food,"and medicines containing either ingredient must taken with food or without food, depending on the medication"
5/24/22 12:14,5/24/22 12:19,IP Address,*******,100,291,TRUE,5/24/22 12:19,R_1r8mFadMa6SjTcN,*******,*******,*******,*******,*******,*******,anonymous,EN,I consent,6108659f1801a78211976712,Yes,No,No,No,,,,,I’ve learned that most people with headaches can be treated depending on what active ingredients such as reptol or Psylo can be treated. ,,,,,,,,,,No,6108659f1801a78211976712,$0.60 ,3 minutes,628cf9bf368a7d6198f3ef12,628d2053823a9badca2c127b,80,No,85,pharma,stability,ingredient Reptol and must be taken with food,ingredient Reptol and must be taken without food,ingredient Psylo and must be taken with food,ingredient Psylo and must be taken without food,either must be taken with food or must be taken without food,"and medicines containing either ingredient must taken with food or without food, depending on the medication"
5/24/22 12:15,5/24/22 12:20,IP Address,*******,100,305,TRUE,5/24/22 12:20,R_1QJw2Wenq6DDJ9I,*******,*******,*******,*******,*******,*******,anonymous,EN,I consent,5d498ea0faa15b001acd4a5d,,,,,,,,,,Yes,Yes,No,No,,,,,"In both types of trainings,1 and 2 the higher rates of success were well over 50%,which is what my manager recommended I go with . The other two at 1%  appear to be failures in getting any participants to go on to successful careers.",Not at all,5d498ea0faa15b001acd4a5d,$0.60 ,3 minutes,628cf9bf368a7d6198f3ef12,628d208d781f39bf96fb4cbd,50,Yes,98,training,proportionality,Type-1 case studies,Type-2 case studies,Type-1 simulations,Type-2 simulations,that both simulations and case studies come in two types: Type-1 and Type 2,each of which come in one of two types: Type-1 and Type-2
5/24/22 12:17,5/24/22 12:20,IP Address,*******,100,166,TRUE,5/24/22 12:20,R_1pDv5pCtHDZaamG,*******,*******,*******,*******,*******,*******,anonymous,EN,I consent,5dd61a909ca8a35c14d8d610,,,,,,,,,,Yes,Yes,No,No,,,,,Programs that take place on weekends work. Some programs are almost useless. ,,5dd61a909ca8a35c14d8d610,$0.60 ,3 minutes,628cf9bf368a7d6198f3ef12,628d214ceabe5a33edeb9463,50,Yes,85,training,stability,case studies and takes place on weekends,case studies and does not take place on weekends,simulations and takes place on weekends,simulations and does not take place on weekends,either take place on weekends or do not take place on weekends,and they either take place on weekends or do not take place on weekends
5/24/22 12:16,5/24/22 12:20,IP Address,*******,100,277,TRUE,5/24/22 12:20,R_C9VRLEAsMxISlOx,*******,*******,*******,*******,*******,*******,anonymous,EN,I consent,5ddab4c559b1b0a089f10680,,,,,,,,,,Yes,Yes,No,No,,,,,"There seems to be an equal success/failure rate for Type-1 and Type-2.  It is best to look at the success rate of each program, regardless of whether Type-1 or Type-2 is used.","I was confused about the difference is Training A, B, C, and D besides the fact that two of them used Type-1 and two of them used Type-2.",5ddab4c559b1b0a089f10680,$0.60 ,3 minutes,628cf9bf368a7d6198f3ef12,628d20ec80619f5ca3b1bcc0,50,Yes,85,training,proportionality,Type-1 case studies,Type-2 case studies,Type-1 simulations,Type-2 simulations,that both simulations and case studies come in two types: Type-1 and Type 2,each of which come in one of two types: Type-1 and Type-2
5/24/22 12:16,5/24/22 12:21,IP Address,*******,100,278,TRUE,5/24/22 12:21,R_p9usQGBmVA7qzU5,*******,*******,*******,*******,*******,*******,anonymous,EN,I consent,5bfd83b1a6d6a0000158ecd5,Yes,Yes,No,No,,,,,There is a direct correlation between the type Reptol and Psylo that reduce headache pain and symptoms in patients that have taken this. This direct correclation can also suggest that the medication was taken as directed to aleviate these symptoms. ,,,,,,,,,,"all good, thank you",5bfd83b1a6d6a0000158ecd5,$0.60 ,3 minutes,628cf9bf368a7d6198f3ef12,628d2100f409005053a54676,50,Yes,98,pharma,proportionality,ingredient Type-1 Reptol,ingredient Type-2 Reptol,ingredient Type-1 Psylo,ingredient Type-2 Psylo,that both ingredients come in two types: Type-1 and Type-2,each of which come in one of two types: Type-1 and Type-2
5/24/22 12:13,5/24/22 12:21,IP Address,*******,100,444,TRUE,5/24/22 12:21,R_1N8oF26EAVKnbNO,*******,*******,*******,*******,*******,*******,anonymous,EN,I consent,60e269b58d238fbba93aed38,Yes,Yes,No,No,,,,,"I think it is one of the most striking things I have seen, given that it can be found with the improvement of things in medicines for humans.",,,,,,,,,,good study,60e269b58d238fbba93aed38,$0.60 ,3 minutes,628cf9bf368a7d6198f3ef11,628d205935e4f7737b844b85,50,Yes,85,pharma,stability,ingredient Reptol and must be taken with food,ingredient Reptol and must be taken without food,ingredient Psylo and must be taken with food,ingredient Psylo and must be taken without food,either must be taken with food or must be taken without food,"and medicines containing either ingredient must taken with food or without food, depending on the medication"
5/24/22 12:18,5/24/22 12:21,IP Address,*******,100,183,TRUE,5/24/22 12:21,R_2TsBuy2WxArrcym,*******,*******,*******,*******,*******,*******,anonymous,EN,I consent,5c06b3f64a2b7b0001c3c185,,,,,,,,,,Yes,No,No,No,,,,,There is no difference between Type-1 and Type-2 when it comes to the % of people who go on to become successful employees. ,N/A,5c06b3f64a2b7b0001c3c185,$0.60 ,3 minutes,628cf9bf368a7d6198f3ef12,628d2171673861343869784c,80,No,85,training,proportionality,Type-1 case studies,Type-2 case studies,Type-1 simulations,Type-2 simulations,that both simulations and case studies come in two types: Type-1 and Type 2,each of which come in one of two types: Type-1 and Type-2
5/24/22 12:19,5/24/22 12:21,IP Address,*******,100,154,TRUE,5/24/22 12:21,R_4JvrcKwIU43E209,*******,*******,*******,*******,*******,*******,anonymous,EN,I consent,5bc5552a23ecbb00012d6cb5,Yes,No,No,No,,,,,Reptol seems to be more effective in reducing headache symptoms.  It doesn't seem to make a difference if the medication must be taken with or without food.,,,,,,,,,,no,5bc5552a23ecbb00012d6cb5,$0.60 ,3 minutes,628cf9bf368a7d6198f3ef12,628d219a7d1283bed40522b1,80,No,98,pharma,stability,ingredient Reptol and must be taken with food,ingredient Reptol and must be taken without food,ingredient Psylo and must be taken with food,ingredient Psylo and must be taken without food,either must be taken with food or must be taken without food,"and medicines containing either ingredient must taken with food or without food, depending on the medication"
5/24/22 12:19,5/24/22 12:21,IP Address,*******,100,176,TRUE,5/24/22 12:21,R_3Lebr0JNFDG8U4r,*******,*******,*******,*******,*******,*******,anonymous,EN,I consent,60dfdb8bbef17b6739d12215,Yes,Yes,No,No,,,,,I have learned that depending on which kind and whether or not it requires to be taken with food can effect how efficient the medicine is at treating headaches.,,,,,,,,,,,60dfdb8bbef17b6739d12215,$0.60 ,3 minutes,628cf9bf368a7d6198f3ef12,628d21935c99fdeab97702e4,50,Yes,98,pharma,stability,ingredient Reptol and must be taken with food,ingredient Reptol and must be taken without food,ingredient Psylo and must be taken with food,ingredient Psylo and must be taken without food,either must be taken with food or must be taken without food,"and medicines containing either ingredient must taken with food or without food, depending on the medication"
5/24/22 12:19,5/24/22 12:22,IP Address,*******,100,203,TRUE,5/24/22 12:22,R_57OWrQUc7WlQJ2x,*******,*******,*******,*******,*******,*******,anonymous,EN,I consent,610ad34844dd2b51bf5d87f5,,,,,,,,,,Yes,No,No,No,,,,,"The two simulation programs, Types C and D, were abysmal at helping employees become successful, with only a 1% success rate. Compared to that, the B training program (which along w A was Case Studies) had a very respectable rate of 70% although still below the 80% threshold. I would say only Case Study type training is effective in this company. ","It was easy to take, I encountered no errors. Thank you!",610ad34844dd2b51bf5d87f5,$0.60 ,3 minutes,628cf9bf368a7d6198f3ef12,628d219be1d7751478c8f2b0,80,No,85,training,proportionality,Type-1 case studies,Type-2 case studies,Type-1 simulations,Type-2 simulations,that both simulations and case studies come in two types: Type-1 and Type 2,each of which come in one of two types: Type-1 and Type-2
5/24/22 12:20,5/24/22 12:23,IP Address,*******,100,153,TRUE,5/24/22 12:23,R_1gvguyswQv0jnVT,*******,*******,*******,*******,*******,*******,anonymous,EN,I consent,60fcf49f2f12586e266037ff,,,,,,,,,,Yes,Yes,No,No,,,,,"Case studies are most effective in training, and having it take place on the weekend leads to a high rate of success.",No,60fcf49f2f12586e266037ff,$0.60 ,3 minutes,628cf9bf368a7d6198f3ef12,628d21ec953fa0281da71778,50,Yes,98,training,stability,case studies and takes place on weekends,case studies and does not take place on weekends,simulations and takes place on weekends,simulations and does not take place on weekends,either take place on weekends or do not take place on weekends,and they either take place on weekends or do not take place on weekends
5/24/22 12:20,5/24/22 12:23,IP Address,*******,100,175,TRUE,5/24/22 12:23,R_3qqhSNeR2M3mfFu,*******,*******,*******,*******,*******,*******,anonymous,EN,I consent,571c631fe1d2ec0013a68515,,,,,,,,,,Yes,No,No,No,,,,,I have terrible recall. I kept referring back to the paragraph above when completing the task. Must be above 80% of new hires to attend to be successful is all I really remember,,571c631fe1d2ec0013a68515,$0.60 ,3 minutes,628cf9bf368a7d6198f3ef12,628d21e3a238b8d409eebb86,80,No,85,training,proportionality,Type-1 case studies,Type-2 case studies,Type-1 simulations,Type-2 simulations,that both simulations and case studies come in two types: Type-1 and Type 2,each of which come in one of two types: Type-1 and Type-2
5/24/22 12:22,5/24/22 12:23,IP Address,*******,100,76,TRUE,5/24/22 12:23,R_1myjKSkA0CftLPn,*******,*******,*******,*******,*******,*******,anonymous,EN,I consent,5b170a8bdbae3e00017e6c11,Yes,Yes,No,No,,,,,not much aside from they're more effective than whatever was in options C and D,,,,,,,,,,,5b170a8bdbae3e00017e6c11,$0.60 ,3 minutes,628cf9bf368a7d6198f3ef11,628d225501484608bd742bed,50,Yes,98,pharma,proportionality,ingredient Type-1 Reptol,ingredient Type-2 Reptol,ingredient Type-1 Psylo,ingredient Type-2 Psylo,that both ingredients come in two types: Type-1 and Type-2,each of which come in one of two types: Type-1 and Type-2
5/24/22 12:21,5/24/22 12:24,IP Address,*******,100,126,TRUE,5/24/22 12:24,R_uwSOxzrKazIcnjb,*******,*******,*******,*******,*******,*******,anonymous,EN,I consent,5edc710e50d9be937771a6aa,Yes,No,No,No,,,,,I only restocked 1 which worked over 80% of time. ,,,,,,,,,,,5edc710e50d9be937771a6aa,$0.60 ,3 minutes,628cf9bf368a7d6198f3ef12,628d223da342216531a5ed24,80,No,98,pharma,proportionality,ingredient Type-1 Reptol,ingredient Type-2 Reptol,ingredient Type-1 Psylo,ingredient Type-2 Psylo,that both ingredients come in two types: Type-1 and Type-2,each of which come in one of two types: Type-1 and Type-2
5/24/22 12:15,5/24/22 12:24,IP Address,*******,100,521,TRUE,5/24/22 12:24,R_1jHZViW5jMLAQcp,*******,*******,*******,*******,*******,*******,anonymous,EN,I consent,614f61c4f3394855e000a743,Yes,Yes,No,No,,,,,Headache medication has numerous factions that must be considered before taking. The active ingredient   of each product may require the patient to plan around meal periods and some active ingredients seem to provide greater relief than other active ingredients.,,,,,,,,,,no,614f61c4f3394855e000a743,$0.60 ,3 minutes,628cf9bf368a7d6198f3ef11,628d20a8d116a7970c4dbe87,50,Yes,85,pharma,stability,ingredient Reptol and must be taken with food,ingredient Reptol and must be taken without food,ingredient Psylo and must be taken with food,ingredient Psylo and must be taken without food,either must be taken with food or must be taken without food,"and medicines containing either ingredient must taken with food or without food, depending on the medication"
5/24/22 12:16,5/24/22 12:24,IP Address,*******,100,461,TRUE,5/24/22 12:24,R_1pPEUtzhxw3So9Q,*******,*******,*******,*******,*******,*******,anonymous,EN,I consent,6110b1d94c31281dbc74fd8c,,,,,,,,,,Yes,No,No,No,,,,,"The different training programs result in different levels of performance, one reaching a high threshold while the others do not meet expectations. Training A seems superior to Training B.",,6110b1d94c31281dbc74fd8c,$0.60 ,3 minutes,628cf9bf368a7d6198f3ef12,628d20f982a82c66c2a840b8,80,No,85,training,stability,case studies and takes place on weekends,case studies and does not take place on weekends,simulations and takes place on weekends,simulations and does not take place on weekends,either take place on weekends or do not take place on weekends,and they either take place on weekends or do not take place on weekends
5/24/22 12:14,5/24/22 12:24,IP Address,*******,100,626,TRUE,5/24/22 12:24,R_1otA6TDwZc2GGsa,*******,*******,*******,*******,*******,*******,anonymous,EN,I consent,60dbac86b641e23f9bf26260,,,,,,,,,,Yes,Yes,No,No,,,,,"It is a great advance as such in several terms, I think that it should be prioritized more in an area where they are not consumed by an erroneous foul",,60dbac86b641e23f9bf26260,$0.60 ,3 minutes,628cf9bf368a7d6198f3ef11,628d2053767a290f0d42cf50,50,Yes,98,training,proportionality,Type-1 case studies,Type-2 case studies,Type-1 simulations,Type-2 simulations,that both simulations and case studies come in two types: Type-1 and Type 2,each of which come in one of two types: Type-1 and Type-2
5/24/22 12:19,5/24/22 12:26,IP Address,*******,100,416,TRUE,5/24/22 12:26,R_1F4Kcribb9Qk29A,*******,*******,*******,*******,*******,*******,anonymous,EN,I consent,595fdaa1d82b180001c6e460,Yes,Yes,No,No,,,,,"The active ingredients usually are generally effective in the relief of headaches. when both the ingredients are combined in a single medication maximum effectives is achieved.  One should seeks medications having both elements are these are effective and do not upset one stomach,.",,,,,,,,,,,595fdaa1d82b180001c6e460,$0.60 ,3 minutes,628cf9bf368a7d6198f3ef11,628d219cb3bd12cfd2ced52b,50,Yes,98,pharma,stability,ingredient Reptol and must be taken with food,ingredient Reptol and must be taken without food,ingredient Psylo and must be taken with food,ingredient Psylo and must be taken without food,either must be taken with food or must be taken without food,"and medicines containing either ingredient must taken with food or without food, depending on the medication"
5/24/22 12:24,5/24/22 12:26,IP Address,*******,100,165,TRUE,5/24/22 12:26,R_Z44KsEyB2S10ccp,*******,*******,*******,*******,*******,*******,anonymous,EN,I consent,5cc5e72ce3c44e0015fdf990,Yes,No,No,No,,,,,most active ingredients do very little to ease headache symptoms ,,,,,,,,,,,5cc5e72ce3c44e0015fdf990,$0.60 ,3 minutes,628cf9bf368a7d6198f3ef11,628d22c71964f942207502de,80,No,85,pharma,proportionality,ingredient Type-1 Reptol,ingredient Type-2 Reptol,ingredient Type-1 Psylo,ingredient Type-2 Psylo,that both ingredients come in two types: Type-1 and Type-2,each of which come in one of two types: Type-1 and Type-2
5/24/22 12:23,5/24/22 12:27,IP Address,*******,100,241,TRUE,5/24/22 12:27,R_2ZNuMOIVM2lWxF1,*******,*******,*******,*******,*******,*******,anonymous,EN,I consent,5c022a94d183df000141f1e2,Yes,Yes,No,No,,,,,I have learned that Reptol works extremely well in giving relief for a headache. I have also learned that Psylo doesn't work well at all at relieving a headache. ,,,,,,,,,,,5c022a94d183df000141f1e2,$0.60 ,3 minutes,628cf9bf368a7d6198f3ef11,628d2283e9df1b393e314bb0,50,Yes,85,pharma,stability,ingredient Reptol and must be taken with food,ingredient Reptol and must be taken without food,ingredient Psylo and must be taken with food,ingredient Psylo and must be taken without food,either must be taken with food or must be taken without food,"and medicines containing either ingredient must taken with food or without food, depending on the medication"
5/24/22 12:22,5/24/22 12:27,IP Address,*******,100,283,TRUE,5/24/22 12:27,R_ZDyPywpoRpPUYZX,*******,*******,*******,*******,*******,*******,anonymous,EN,I consent,602832dd1ad4756b90eebdda,,,,,,,,,,Yes,Yes,No,No,,,,,It would appear that case studies consistently reported a higher rate of training future successful employees than simulations. Whether those case studies took place on weekends or no weekends had relatively little impact on the efficacy of those programs.,,602832dd1ad4756b90eebdda,$0.60 ,3 minutes,628cf9bf368a7d6198f3ef12,628d22599e5802cfeb84a936,50,Yes,85,training,stability,case studies and takes place on weekends,case studies and does not take place on weekends,simulations and takes place on weekends,simulations and does not take place on weekends,either take place on weekends or do not take place on weekends,and they either take place on weekends or do not take place on weekends
5/24/22 12:25,5/24/22 12:27,IP Address,*******,100,158,TRUE,5/24/22 12:27,R_a4dgWDM54G4Arjr,*******,*******,*******,*******,*******,*******,anonymous,EN,I consent,60fdd91a1ede7111c86df9f0,Yes,Yes,No,No,,,,,"Active ingredients need to be taken in certain conditions (with or without food) as these conditions will affect whether or not they are absorbed, thus effecting their efficacy and success rate. ",,,,,,,,,,,60fdd91a1ede7111c86df9f0,$0.60 ,3 minutes,628cf9bf368a7d6198f3ef12,628d22fed0c6a336c15f2eba,50,Yes,85,pharma,stability,ingredient Reptol and must be taken with food,ingredient Reptol and must be taken without food,ingredient Psylo and must be taken with food,ingredient Psylo and must be taken without food,either must be taken with food or must be taken without food,"and medicines containing either ingredient must taken with food or without food, depending on the medication"
5/24/22 12:25,5/24/22 12:27,IP Address,*******,100,144,TRUE,5/24/22 12:27,R_3QDm8rZ8VInKSam,*******,*******,*******,*******,*******,*******,anonymous,EN,I consent,55ce148b34e9060012e56279,,,,,,,,,,Yes,Yes,No,No,,,,,I just looked at the data and answered the questions as I went,,55ce148b34e9060012e56279,$0.60 ,3 minutes,628cf9bf368a7d6198f3ef12,628d22e8c63e3928bace0eb9,50,Yes,98,training,proportionality,Type-1 case studies,Type-2 case studies,Type-1 simulations,Type-2 simulations,that both simulations and case studies come in two types: Type-1 and Type 2,each of which come in one of two types: Type-1 and Type-2
5/24/22 12:25,5/24/22 12:28,IP Address,*******,100,174,TRUE,5/24/22 12:28,R_2Ygjl9NKpKXc8Iv,*******,*******,*******,*******,*******,*******,anonymous,EN,I consent,61148725ed9cb3611415fff1,Yes,Yes,No,No,,,,,"Reptol seems to be the better active ingredient between the two options, as those studies had the most participants say their headache was reduced. Whether or not the medications were taken with food did not really matter.",,,,,,,,,,,61148725ed9cb3611415fff1,$0.60 ,3 minutes,628cf9bf368a7d6198f3ef12,628d230854dd3872eae72ba7,50,Yes,85,pharma,stability,ingredient Reptol and must be taken with food,ingredient Reptol and must be taken without food,ingredient Psylo and must be taken with food,ingredient Psylo and must be taken without food,either must be taken with food or must be taken without food,"and medicines containing either ingredient must taken with food or without food, depending on the medication"
5/24/22 12:27,5/24/22 12:28,IP Address,*******,100,110,TRUE,5/24/22 12:28,R_7VxAXAYEBSSoSiJ,*******,*******,*******,*******,*******,*******,anonymous,EN,I consent,627426f35bbef15c65add1cd,,,,,,,,,,Yes,Yes,No,No,,,,,To only recommend the ones that have higher than 50% of attendees go on to become successful employees. ,,627426f35bbef15c65add1cd,$0.60 ,3 minutes,628cf9bf368a7d6198f3ef12,628d237112bede51fb1f68fe,50,Yes,98,training,proportionality,Type-1 case studies,Type-2 case studies,Type-1 simulations,Type-2 simulations,that both simulations and case studies come in two types: Type-1 and Type 2,each of which come in one of two types: Type-1 and Type-2
5/24/22 12:24,5/24/22 12:29,IP Address,*******,100,254,TRUE,5/24/22 12:29,R_3PjHnWyRI0ZPYty,*******,*******,*******,*******,*******,*******,anonymous,EN,I consent,58742bf5d53c97000159df8c,,,,,,,,,,Yes,No,No,No,,,,,"Training's that use simulations and case studies have diverse results. Simulations tend to be a bit better. Not always, though. Also, the same can be said of when it takes place, like the weekends or not. Based on past examples, when it takes place on weekends seems to yield better results.",No.,58742bf5d53c97000159df8c,$0.60 ,3 minutes,628cf9bf368a7d6198f3ef12,628d22e9e064b2be1365bbb5,80,No,98,training,stability,case studies and takes place on weekends,case studies and does not take place on weekends,simulations and takes place on weekends,simulations and does not take place on weekends,either take place on weekends or do not take place on weekends,and they either take place on weekends or do not take place on weekends
5/24/22 12:24,5/24/22 12:29,IP Address,*******,100,256,TRUE,5/24/22 12:29,R_1riB1aTPRTqPdx9,*******,*******,*******,*******,*******,*******,anonymous,EN,I consent,60eb857b5d9d956e6465ee3c,Yes,No,No,No,,,,,"Based on what I've seen so far it appears that Psylo has a negligible impact on the severity of headaches.  Reptol has much more significant results, with Type-1 being the most effective.",,,,,,,,,,,60eb857b5d9d956e6465ee3c,$0.60 ,3 minutes,628cf9bf368a7d6198f3ef12,628d22dcf409005053a5467f,80,No,98,pharma,proportionality,ingredient Type-1 Reptol,ingredient Type-2 Reptol,ingredient Type-1 Psylo,ingredient Type-2 Psylo,that both ingredients come in two types: Type-1 and Type-2,each of which come in one of two types: Type-1 and Type-2
5/24/22 12:25,5/24/22 12:29,IP Address,*******,100,267,TRUE,5/24/22 12:29,R_3PTXZWA4nBG3Jtb,*******,*******,*******,*******,*******,*******,anonymous,EN,I consent,594a964c215cbd000146de75,,,,,,,,,,Yes,No,No,No,,,,,"I would have to look at more training programs, but it seemed that trainings on the weekends and that used case studies were the most promising. The others were not as successful in making sure new hires did well. I think that should be taken into consideration.",No.,594a964c215cbd000146de75,$0.60 ,3 minutes,628cf9bf368a7d6198f3ef12,628d23034c6bed10325d51d4,80,No,85,training,stability,case studies and takes place on weekends,case studies and does not take place on weekends,simulations and takes place on weekends,simulations and does not take place on weekends,either take place on weekends or do not take place on weekends,and they either take place on weekends or do not take place on weekends
5/24/22 12:25,5/24/22 12:29,IP Address,*******,100,263,TRUE,5/24/22 12:29,R_2b3GOjMbPvYxiXT,*******,*******,*******,*******,*******,*******,anonymous,EN,I consent,5dd72efa82569a6d38e06854,,,,,,,,,,Yes,Yes,No,No,,,,,The first two training programs used case studies and training and were held on weekends. Training A had an 85% efficacy and training B had a 70% efficacy. Each of the other trainings C and D both had a 1% efficacy I believe they had trainings and were held on weekdays.,,5dd72efa82569a6d38e06854,$0.60 ,3 minutes,628cf9bf368a7d6198f3ef12,628d2314e7f9942408882496,50,Yes,85,training,stability,case studies and takes place on weekends,case studies and does not take place on weekends,simulations and takes place on weekends,simulations and does not take place on weekends,either take place on weekends or do not take place on weekends,and they either take place on weekends or do not take place on weekends
5/24/22 12:23,5/24/22 12:30,IP Address,*******,100,393,TRUE,5/24/22 12:30,R_Pupm846MIwX1WVz,*******,*******,*******,*******,*******,*******,anonymous,EN,I consent,5dcf143582a5270687e15ec5,Yes,Yes,No,No,,,,,"Both types of Reptol, both Type-1 and Type-2 were efficacious in reducing headache in the great majority of people with headaches, well over 50%. Both types of Psylo, both Type-1 and Type-2 were hardly efficacious, with only very small numbers of people getting relief, well below 50%.. ",,,,,,,,,,,5dcf143582a5270687e15ec5,$0.60 ,3 minutes,628cf9bf368a7d6198f3ef12,628d22b18e7bcc967cbefe7e,50,Yes,98,pharma,proportionality,ingredient Type-1 Reptol,ingredient Type-2 Reptol,ingredient Type-1 Psylo,ingredient Type-2 Psylo,that both ingredients come in two types: Type-1 and Type-2,each of which come in one of two types: Type-1 and Type-2
5/24/22 12:26,5/24/22 12:30,IP Address,*******,100,256,TRUE,5/24/22 12:30,R_1kRY0tWKDxFt79B,*******,*******,*******,*******,*******,*******,anonymous,EN,I consent,62711f17fc06135fb32b6e6b,Yes,No,No,No,,,,,"Reptol seems to be he most effective, especially when it is type 1",,,,,,,,,,No,62711f17fc06135fb32b6e6b,$0.60 ,3 minutes,628cf9bf368a7d6198f3ef12,628d21dddac6e1a166839dfa,80,No,98,pharma,proportionality,ingredient Type-1 Reptol,ingredient Type-2 Reptol,ingredient Type-1 Psylo,ingredient Type-2 Psylo,that both ingredients come in two types: Type-1 and Type-2,each of which come in one of two types: Type-1 and Type-2
5/24/22 12:25,5/24/22 12:30,IP Address,*******,100,321,TRUE,5/24/22 12:30,R_2yl5diuD0LI4QMg,*******,*******,*******,*******,*******,*******,anonymous,EN,I consent,5d6c5cca8cb0f70001b1fac5,Yes,No,No,No,,,,,I learned the ingredients had an effective rate above a % amount.  I learned that these come in two types and efficacy varies.,,,,,,,,,,Nothing.,5d6c5cca8cb0f70001b1fac5,$0.60 ,3 minutes,628cf9bf368a7d6198f3ef12,628d231979977d7af16722c5,80,No,98,pharma,proportionality,ingredient Type-1 Reptol,ingredient Type-2 Reptol,ingredient Type-1 Psylo,ingredient Type-2 Psylo,that both ingredients come in two types: Type-1 and Type-2,each of which come in one of two types: Type-1 and Type-2
5/24/22 12:29,5/24/22 12:31,IP Address,*******,100,147,TRUE,5/24/22 12:31,R_1FP2TX8JxpLfBB5,*******,*******,*******,*******,*******,*******,anonymous,EN,I consent,5ed5ac56ee608714bb21075d,Yes,No,No,No,,,,,"Only Reptol showed significant efficacy, but only in the one example.  ",,,,,,,,,,,5ed5ac56ee608714bb21075d,$0.60 ,3 minutes,628cf9bf368a7d6198f3ef12,628d23f76eadf0723a65ab3b,80,No,85,pharma,stability,ingredient Reptol and must be taken with food,ingredient Reptol and must be taken without food,ingredient Psylo and must be taken with food,ingredient Psylo and must be taken without food,either must be taken with food or must be taken without food,"and medicines containing either ingredient must taken with food or without food, depending on the medication"
5/24/22 12:21,5/24/22 12:32,IP Address,*******,100,637,TRUE,5/24/22 12:32,R_3PdIYhFlRCb0mmh,*******,*******,*******,*******,*******,*******,anonymous,EN,I consent,60fdd55476aab954c75f267f,,,,,,,,,,Yes,No,No,No,,,,,"I found that trainings that used case studies were far more successful at training employees compared to simulation trainings. It also was apparent that studies taking place on the weekend were more successful compared to one’s that do not. This could be because it does not take away from work during the week. As I remember the training that took place during the weekend and was a case study, had the highest success rate. ",,60fdd55476aab954c75f267f,$0.60 ,3 minutes,628cf9bf368a7d6198f3ef12,628d2235b720ebe3b33cfa2c,80,No,85,training,stability,case studies and takes place on weekends,case studies and does not take place on weekends,simulations and takes place on weekends,simulations and does not take place on weekends,either take place on weekends or do not take place on weekends,and they either take place on weekends or do not take place on weekends
5/24/22 12:21,5/24/22 12:32,IP Address,*******,100,649,TRUE,5/24/22 12:32,R_5p4JMltibQ235Wp,*******,*******,*******,*******,*******,*******,anonymous,EN,I consent,5f42167916548e3e557a1e6a,,,,,,,,,,Yes,Yes,No,No,,,,,"Based on the summary table, I have learned that trainings that use simulations are not efficient in training the employees.",,5f42167916548e3e557a1e6a,$0.60 ,3 minutes,628cf9bf368a7d6198f3ef12,628d2236f12e08a6dc1344cc,50,Yes,85,training,stability,case studies and takes place on weekends,case studies and does not take place on weekends,simulations and takes place on weekends,simulations and does not take place on weekends,either take place on weekends or do not take place on weekends,and they either take place on weekends or do not take place on weekends
5/24/22 12:29,5/24/22 12:33,IP Address,*******,100,214,TRUE,5/24/22 12:33,R_2tLsLj31ZpZolgS,*******,*******,*******,*******,*******,*******,anonymous,EN,I consent,5bebd4111296920001d55c5a,,,,,,,,,,Yes,Yes,No,No,,,,,"I think that training programs do not depend on being on the weekend or during the week or using cast studies or simulations or not, since they can produce the desired result either way. I think the controlled experiment success rate is the best indicator of the efficacy of a training program.",n/a,5bebd4111296920001d55c5a,$0.60 ,3 minutes,628cf9bf368a7d6198f3ef12,628d2403a93e71f97eadd6e3,50,Yes,85,training,stability,case studies and takes place on weekends,case studies and does not take place on weekends,simulations and takes place on weekends,simulations and does not take place on weekends,either take place on weekends or do not take place on weekends,and they either take place on weekends or do not take place on weekends
5/24/22 12:30,5/24/22 12:33,IP Address,*******,100,134,TRUE,5/24/22 12:33,R_3kaWXmzULyiqO5r,*******,*******,*******,*******,*******,*******,anonymous,EN,I consent,5a4afdd835c9d50001fdd1c0,Yes,No,No,No,,,,,"Correlation is not causation, the active ingredients Reptol and Psylo don't necessarily mean there is a high efficacy by the medication. Many of these medicines are effective or ineffective for other reasons not stated.",,,,,,,,,,nothing,5a4afdd835c9d50001fdd1c0,$0.60 ,3 minutes,628cf9bf368a7d6198f3ef11,628d24528a0fb0b180bc1bf0,80,No,98,pharma,stability,ingredient Reptol and must be taken with food,ingredient Reptol and must be taken without food,ingredient Psylo and must be taken with food,ingredient Psylo and must be taken without food,either must be taken with food or must be taken without food,"and medicines containing either ingredient must taken with food or without food, depending on the medication"
5/24/22 12:30,5/24/22 12:33,IP Address,*******,100,141,TRUE,5/24/22 12:33,R_20TJn8wjgNUoA7b,*******,*******,*******,*******,*******,*******,anonymous,EN,I consent,5e614c386ee9b3017b83e4bc,Yes,No,No,No,,,,,Only one out of 4 medications reduces the fever symptoms with over 80%. One is close with 70%. And two are pretty ineffective,,,,,,,,,,,5e614c386ee9b3017b83e4bc,$0.60 ,3 minutes,628cf9bf368a7d6198f3ef12,628d2451b05235d883a4daf3,80,No,98,pharma,stability,ingredient Reptol and must be taken with food,ingredient Reptol and must be taken without food,ingredient Psylo and must be taken with food,ingredient Psylo and must be taken without food,either must be taken with food or must be taken without food,"and medicines containing either ingredient must taken with food or without food, depending on the medication"
5/24/22 12:27,5/24/22 12:33,IP Address,*******,100,367,TRUE,5/24/22 12:33,R_3iLwEU22LDXLFLl,*******,*******,*******,*******,*******,*******,anonymous,EN,I consent,5ea92954ef7ece00096faf5a,Yes,Yes,No,No,,,,,Psylo is significantly less effective in reducing headache severity. It only is effictive for about 1% of people.,,,,,,,,,,,5ea92954ef7ece00096faf5a,$0.60 ,3 minutes,628cf9bf368a7d6198f3ef12,628d23826738613438697864,50,Yes,85,pharma,proportionality,ingredient Type-1 Reptol,ingredient Type-2 Reptol,ingredient Type-1 Psylo,ingredient Type-2 Psylo,that both ingredients come in two types: Type-1 and Type-2,each of which come in one of two types: Type-1 and Type-2
5/24/22 12:28,5/24/22 12:33,IP Address,*******,100,343,TRUE,5/24/22 12:33,R_VXv2GLTzoV0aVzj,*******,*******,*******,*******,*******,*******,anonymous,EN,I consent,599de70d8a6cc5000128f980,,,,,,,,,,Yes,No,No,No,,,,,"In the two programs there was a great degree of variance in how successful the programs were. Being there was such a large gap in the success of the programs, it made it easy to deem some programs unusable.",no,599de70d8a6cc5000128f980,$0.60 ,3 minutes,628cf9bf368a7d6198f3ef12,628d23b25ce03c86c3c49f51,80,No,85,training,proportionality,Type-1 case studies,Type-2 case studies,Type-1 simulations,Type-2 simulations,that both simulations and case studies come in two types: Type-1 and Type 2,each of which come in one of two types: Type-1 and Type-2
5/24/22 12:30,5/24/22 12:33,IP Address,*******,100,231,TRUE,5/24/22 12:33,R_3CUiXXOPasmaWOI,*******,*******,*******,*******,*******,*******,anonymous,EN,I consent,5cb4c5bad44c410017960aa0,Yes,Yes,No,No,,,,,"It seems that either Type-1 or Type-2 of the Reptol are effective in reducing headaches at the threshold requested by management to stock these products, but neither Type-1 or Type-2 of the Psylo are effective enough in reducing headaches at the threshold requested by management to stock these products. ",,,,,,,,,,"Nothing was confusing, difficult, or frustrating.",5cb4c5bad44c410017960aa0,$0.60 ,3 minutes,628cf9bf368a7d6198f3ef12,628d2421c7201fe4b2b30866,50,Yes,98,pharma,proportionality,ingredient Type-1 Reptol,ingredient Type-2 Reptol,ingredient Type-1 Psylo,ingredient Type-2 Psylo,that both ingredients come in two types: Type-1 and Type-2,each of which come in one of two types: Type-1 and Type-2
5/24/22 12:32,5/24/22 12:35,IP Address,*******,100,176,TRUE,5/24/22 12:35,R_234btMCSlI5PMCl,*******,*******,*******,*******,*******,*******,anonymous,EN,I consent,5abbe11368b65b00018cf945,Yes,No,No,No,,,,,Only medications including the active ingredient Reptol helped consumers reduce the seriousness of their headache. Type-1 Reptol had better results than type-2.,,,,,,,,,,"No, thanks!",5abbe11368b65b00018cf945,$0.60 ,3 minutes,628cf9bf368a7d6198f3ef12,628d24d1ea7b1dbfea986709,80,No,85,pharma,proportionality,ingredient Type-1 Reptol,ingredient Type-2 Reptol,ingredient Type-1 Psylo,ingredient Type-2 Psylo,that both ingredients come in two types: Type-1 and Type-2,each of which come in one of two types: Type-1 and Type-2
5/24/22 12:33,5/24/22 12:36,IP Address,*******,100,180,TRUE,5/24/22 12:36,R_2OZ4cyUgsMvLzi5,*******,*******,*******,*******,*******,*******,anonymous,EN,I consent,60fe1bea2504195ce9899d35,,,,,,,,,,Yes,No,No,No,,,,,"Case studies are more efficient for training potential employees than simulations. Additionally, it is better to hold these training programs on weekends.",,60fe1bea2504195ce9899d35,$0.60 ,3 minutes,628cf9bf368a7d6198f3ef12,628d250f4a757153df982c9c,80,No,85,training,stability,case studies and takes place on weekends,case studies and does not take place on weekends,simulations and takes place on weekends,simulations and does not take place on weekends,either take place on weekends or do not take place on weekends,and they either take place on weekends or do not take place on weekends
5/24/22 12:34,5/24/22 12:37,IP Address,*******,100,161,TRUE,5/24/22 12:37,R_zZqxIywmSnof1fP,*******,*******,*******,*******,*******,*******,anonymous,EN,I consent,5d4a2fcc85d5aa0001ece7d4,,,,,,,,,,Yes,No,No,No,,,,,The difference is whether they are on weekends or not and whether they do studies or simulations,No,5d4a2fcc85d5aa0001ece7d4,$0.60 ,3 minutes,628cf9bf368a7d6198f3ef11,628d25287a09fa7da6b3febb,80,No,98,training,stability,case studies and takes place on weekends,case studies and does not take place on weekends,simulations and takes place on weekends,simulations and does not take place on weekends,either take place on weekends or do not take place on weekends,and they either take place on weekends or do not take place on weekends
5/24/22 12:33,5/24/22 12:37,IP Address,*******,100,232,TRUE,5/24/22 12:37,R_1OrCTz1mzeB9ddj,*******,*******,*******,*******,*******,*******,anonymous,EN,I consent,5bcded8f2d94a8000133e068,Yes,Yes,No,No,,,,,Reptol is more effective in treating headaches that Psylo.,,,,,,,,,,,5bcded8f2d94a8000133e068,$0.60 ,3 minutes,628cf9bf368a7d6198f3ef12,628d24e267d9cf64cc3e6290,50,Yes,98,pharma,proportionality,ingredient Type-1 Reptol,ingredient Type-2 Reptol,ingredient Type-1 Psylo,ingredient Type-2 Psylo,that both ingredients come in two types: Type-1 and Type-2,each of which come in one of two types: Type-1 and Type-2
5/24/22 12:34,5/24/22 12:37,IP Address,*******,100,203,TRUE,5/24/22 12:37,R_2QWH69r5M56hbqR,*******,*******,*******,*******,*******,*******,anonymous,EN,I consent,607d1e0daab618791e96a605,Yes,Yes,No,No,,,,,Reptol reduces headaches in at least 50% of the patients who participated in the research studies. The medication led to reduction in headache symptoms in more than 50% of study participants when taken with and without food. Psylo did not reduce headaches in at least 50% of the patients who participated in the presented research studies. Results of the study did not change based on whether Psylo was taken with or without food. ,,,,,,,,,,,607d1e0daab618791e96a605,$0.60 ,3 minutes,628cf9bf368a7d6198f3ef12,628d252a0aef1c4279b9ea2a,50,Yes,98,pharma,stability,ingredient Reptol and must be taken with food,ingredient Reptol and must be taken without food,ingredient Psylo and must be taken with food,ingredient Psylo and must be taken without food,either must be taken with food or must be taken without food,"and medicines containing either ingredient must taken with food or without food, depending on the medication"
5/24/22 12:35,5/24/22 12:37,IP Address,*******,100,116,TRUE,5/24/22 12:37,R_3QDIvNfbB4Eg4qI,*******,*******,*******,*******,*******,*******,anonymous,EN,I consent,614f3a020b0f8d857c3d5cad,Yes,No,No,No,,,,,"Reptol is highly effective for the reduction of headaches, and more so when taken with food. Psylo performs so poorly both with and without food that a placebo is likely a better choice.",,,,,,,,,,,614f3a020b0f8d857c3d5cad,$0.60 ,3 minutes,628cf9bf368a7d6198f3ef12,628d258af38d88fda46fceb9,80,No,98,pharma,stability,ingredient Reptol and must be taken with food,ingredient Reptol and must be taken without food,ingredient Psylo and must be taken with food,ingredient Psylo and must be taken without food,either must be taken with food or must be taken without food,"and medicines containing either ingredient must taken with food or without food, depending on the medication"
5/24/22 12:35,5/24/22 12:37,IP Address,*******,100,151,TRUE,5/24/22 12:37,R_3MlfnnoFvXpoILT,*******,*******,*******,*******,*******,*******,anonymous,EN,I consent,5f35aee96919ed5bb7697734,,,,,,,,,,Yes,Yes,No,No,,,,,"The training programs that use simulations instead of case studies have a much lower rate of success regardless of being on the weekend or not. The case studies had a greater success rate when on weekends than not on weekends, about 15% difference from 85% to 70%.",,5f35aee96919ed5bb7697734,$0.60 ,3 minutes,628cf9bf368a7d6198f3ef12,628d25699f31eadf19da7f7f,50,Yes,85,training,stability,case studies and takes place on weekends,case studies and does not take place on weekends,simulations and takes place on weekends,simulations and does not take place on weekends,either take place on weekends or do not take place on weekends,and they either take place on weekends or do not take place on weekends
5/24/22 12:30,5/24/22 12:37,IP Address,*******,100,456,TRUE,5/24/22 12:37,R_2TBEaSAtlHeIj07,*******,*******,*******,*******,*******,*******,anonymous,EN,I consent,5ed9c285b8c16356b385a97f,,,,,,,,,,Yes,Yes,No,No,,,,,There are training programs used to assist new hires. Those that get at least 50% can become good employees.,,5ed9c285b8c16356b385a97f,$0.60 ,3 minutes,628cf9bf368a7d6198f3ef12,628d24384564a3c03348d978,50,Yes,85,training,proportionality,Type-1 case studies,Type-2 case studies,Type-1 simulations,Type-2 simulations,that both simulations and case studies come in two types: Type-1 and Type 2,each of which come in one of two types: Type-1 and Type-2
5/24/22 12:34,5/24/22 12:38,IP Address,*******,100,215,TRUE,5/24/22 12:38,R_3QKkuk0eRx4UAzC,*******,*******,*******,*******,*******,*******,anonymous,EN,I consent,607de1d7c7cc25b639f63026,Yes,No,No,No,,,,,I didn't learn anything. I'm not a pharmacist and i didn't goto pharmacy school so these concepts of medicine are foreign to me. I just know that Tylenol works for a headache.,,,,,,,,,,"No, thank you!",607de1d7c7cc25b639f63026,$0.60 ,3 minutes,628cf9bf368a7d6198f3ef12,628d252d786bce0adf310d77,80,No,85,pharma,proportionality,ingredient Type-1 Reptol,ingredient Type-2 Reptol,ingredient Type-1 Psylo,ingredient Type-2 Psylo,that both ingredients come in two types: Type-1 and Type-2,each of which come in one of two types: Type-1 and Type-2
5/24/22 12:36,5/24/22 12:38,IP Address,*******,100,129,TRUE,5/24/22 12:38,R_DOwxTYU4nQfZpEB,*******,*******,*******,*******,*******,*******,anonymous,EN,I consent,6272a2aa8913393f023d5f45,,,,,,,,,,Yes,Yes,No,No,,,,,It seemed that the type didn't matter and there were other factors involved. Because Type 1 and Type 2 both had programs with high success rates and programs with 1% success.,No,6272a2aa8913393f023d5f45,$0.60 ,3 minutes,628cf9bf368a7d6198f3ef11,628d258cc8b12543ab1294b7,50,Yes,85,training,proportionality,Type-1 case studies,Type-2 case studies,Type-1 simulations,Type-2 simulations,that both simulations and case studies come in two types: Type-1 and Type 2,each of which come in one of two types: Type-1 and Type-2
5/24/22 12:36,5/24/22 12:38,IP Address,*******,100,119,TRUE,5/24/22 12:38,R_28GrtDfl22fjeIi,*******,*******,*******,*******,*******,*******,anonymous,EN,I consent,61005a9bfd2f14f18ef7ec7d,Yes,No,No,No,,,,,It seems like Reptol is effective and Psylo is not. I can't remember the trends on whether eating was significant.,,,,,,,,,,,61005a9bfd2f14f18ef7ec7d,$0.60 ,3 minutes,628cf9bf368a7d6198f3ef11,628d25b3b56469c32627637a,80,No,85,pharma,stability,ingredient Reptol and must be taken with food,ingredient Reptol and must be taken without food,ingredient Psylo and must be taken with food,ingredient Psylo and must be taken without food,either must be taken with food or must be taken without food,"and medicines containing either ingredient must taken with food or without food, depending on the medication"
5/24/22 12:31,5/24/22 12:39,IP Address,*******,100,433,TRUE,5/24/22 12:39,R_122WHXZaHHzZYOc,*******,*******,*******,*******,*******,*******,anonymous,EN,I consent,614795c351b6c8373e6225fb,,,,,,,,,,No,No,No,No,No,No,No,Yes,This study was somewhat confusing.  I really don't understand what I am to write.,It was confusing.,614795c351b6c8373e6225fb,$0.60 ,3 minutes,628cf9bf368a7d6198f3ef12,628d24986750265eef2bfbc5,50,Yes,85,training,stability,case studies and takes place on weekends,case studies and does not take place on weekends,simulations and takes place on weekends,simulations and does not take place on weekends,either take place on weekends or do not take place on weekends,and they either take place on weekends or do not take place on weekends
5/24/22 12:37,5/24/22 12:39,IP Address,*******,100,147,TRUE,5/24/22 12:39,R_1OxKCH0eBMJ6gy0,*******,*******,*******,*******,*******,*******,anonymous,EN,I consent,5b27ef8a7f7816000146499f,,,,,,,,,,Yes,No,No,No,,,,,It seems like the most effective programs are case studies that take place on weekends. I never would have guessed that training on weekends would be more effective than training not on weekends.,,5b27ef8a7f7816000146499f,$0.60 ,3 minutes,628cf9bf368a7d6198f3ef12,628d25ccaaa61c07d4ed4fd7,80,No,85,training,stability,case studies and takes place on weekends,case studies and does not take place on weekends,simulations and takes place on weekends,simulations and does not take place on weekends,either take place on weekends or do not take place on weekends,and they either take place on weekends or do not take place on weekends
5/24/22 12:36,5/24/22 12:39,IP Address,*******,100,158,TRUE,5/24/22 12:39,R_1DU0hRlvJLwmSB4,*******,*******,*******,*******,*******,*******,anonymous,EN,I consent,6102f18e52c555bc90330663,Yes,No,No,No,,,,,"Type-1 Reptol had the most effectiveness at reduction of headache. They were both over 70%, while the Type-2 Psylo medications had almost no effect at all. ",,,,,,,,,,,6102f18e52c555bc90330663,$0.60 ,3 minutes,628cf9bf368a7d6198f3ef12,628d25c21d38ac63e074138c,80,No,98,pharma,proportionality,ingredient Type-1 Reptol,ingredient Type-2 Reptol,ingredient Type-1 Psylo,ingredient Type-2 Psylo,that both ingredients come in two types: Type-1 and Type-2,each of which come in one of two types: Type-1 and Type-2
5/24/22 12:36,5/24/22 12:39,IP Address,*******,100,188,TRUE,5/24/22 12:39,R_OGLOdICvrJbitu9,*******,*******,*******,*******,*******,*******,anonymous,EN,I consent,6107ea7bb44b10bb04a154a3,,,,,,,,,,Yes,Yes,No,No,,,,,There were both efficient and inefficient training results with varying factors such as day of the week it was conducted and the type of study. There was no clear combination of weekday or weekend and type of study that seemed to be most effective. ,,6107ea7bb44b10bb04a154a3,$0.60 ,3 minutes,628cf9bf368a7d6198f3ef12,628d25ac43ad0f7cf34c1595,50,Yes,98,training,stability,case studies and takes place on weekends,case studies and does not take place on weekends,simulations and takes place on weekends,simulations and does not take place on weekends,either take place on weekends or do not take place on weekends,and they either take place on weekends or do not take place on weekends
5/24/22 12:38,5/24/22 12:39,IP Address,*******,100,94,TRUE,5/24/22 12:39,R_4OwTn1ylJ4H7Xsl,*******,*******,*******,*******,*******,*******,anonymous,EN,I consent,5d61547443c13200193ccb12,,,,,,,,,,Yes,No,No,No,,,,,I did not learn much at all about the differences. ,,5d61547443c13200193ccb12,$0.60 ,3 minutes,628cf9bf368a7d6198f3ef11,628d260bcd41b3b941881cd2,80,No,98,training,proportionality,Type-1 case studies,Type-2 case studies,Type-1 simulations,Type-2 simulations,that both simulations and case studies come in two types: Type-1 and Type 2,each of which come in one of two types: Type-1 and Type-2
5/24/22 12:36,5/24/22 12:39,IP Address,*******,100,191,TRUE,5/24/22 12:39,R_3ilKceLWB7m5ifB,*******,*******,*******,*******,*******,*******,anonymous,EN,I consent,5f179bd584e8e802ef9c187d,,,,,,,,,,Yes,No,No,No,Yes,Yes,No,Yes,I know that I chose correctly the first time and your test denied me to move forward ...it seems type 2 is better??,Your initial choosing of tests is broken,5f179bd584e8e802ef9c187d,$0.60 ,3 minutes,628cf9bf368a7d6198f3ef11,628d25a9a6f99290b2ccc049,50,Yes,85,training,proportionality,Type-1 case studies,Type-2 case studies,Type-1 simulations,Type-2 simulations,that both simulations and case studies come in two types: Type-1 and Type 2,each of which come in one of two types: Type-1 and Type-2
5/24/22 12:33,5/24/22 12:40,IP Address,*******,100,427,TRUE,5/24/22 12:40,R_byd7k0JZErZcNxL,*******,*******,*******,*******,*******,*******,anonymous,EN,I consent,60bcd8d5a4471fbeb477f915,,,,,,,,,,Yes,Yes,No,No,,,,,"I learn that to excel as a training program, some form of prior information or hands on experience is required to obtain the best outcome. As with most thing, some outlier existed as well that can attribute to a successful training program.",I wasn't 100 percent sure when answering the questions in the multiple choice question.,60bcd8d5a4471fbeb477f915,$0.60 ,3 minutes,628cf9bf368a7d6198f3ef11,628d24dad37f3bcfba45d406,50,Yes,85,training,proportionality,Type-1 case studies,Type-2 case studies,Type-1 simulations,Type-2 simulations,that both simulations and case studies come in two types: Type-1 and Type 2,each of which come in one of two types: Type-1 and Type-2
5/24/22 12:36,5/24/22 12:40,IP Address,*******,100,233,TRUE,5/24/22 12:40,R_cZy2xTvsKZ4hXB7,*******,*******,*******,*******,*******,*******,anonymous,EN,I consent,5d6d26703fb106001bed4b6c,,,,,,,,,,Yes,Yes,No,No,,,,,Training that took place on weekends yielded a higher number of employees who went on to become successful than programs that did not take place on weekends.,No,5d6d26703fb106001bed4b6c,$0.60 ,3 minutes,628cf9bf368a7d6198f3ef12,628d25b044bed210d5ec493c,50,Yes,85,training,stability,case studies and takes place on weekends,case studies and does not take place on weekends,simulations and takes place on weekends,simulations and does not take place on weekends,either take place on weekends or do not take place on weekends,and they either take place on weekends or do not take place on weekends
5/24/22 12:37,5/24/22 12:40,IP Address,*******,100,206,TRUE,5/24/22 12:40,R_QnNJdyE88UmQuKB,*******,*******,*******,*******,*******,*******,anonymous,EN,I consent,615b39c56d4a42f215089b8a,No,Yes,No,No,Yes,Yes,No,No,If the medication type is not effective enough in treating certain conditions it is not worth stocking ,,,,,,,,,,n/a,615b39c56d4a42f215089b8a,$0.60 ,3 minutes,628cf9bf368a7d6198f3ef11,628d25e3585b4c9f2899bcfe,50,Yes,98,pharma,proportionality,ingredient Type-1 Reptol,ingredient Type-2 Reptol,ingredient Type-1 Psylo,ingredient Type-2 Psylo,that both ingredients come in two types: Type-1 and Type-2,each of which come in one of two types: Type-1 and Type-2
5/24/22 12:38,5/24/22 12:41,IP Address,*******,100,154,TRUE,5/24/22 12:41,R_3lFbk9YCZvq7ZpL,*******,*******,*******,*******,*******,*******,anonymous,EN,I consent,61254fba095b9df425e816ea,,,,,,,,,,Yes,Yes,No,No,,,,,I have learned that one type is way more efficient than the other and should be the only one utilized.,,61254fba095b9df425e816ea,$0.60 ,3 minutes,628cf9bf368a7d6198f3ef12,628d2628bac25da9de6f81e2,50,Yes,85,training,proportionality,Type-1 case studies,Type-2 case studies,Type-1 simulations,Type-2 simulations,that both simulations and case studies come in two types: Type-1 and Type 2,each of which come in one of two types: Type-1 and Type-2
5/24/22 12:38,5/24/22 12:41,IP Address,*******,100,170,TRUE,5/24/22 12:41,R_3GCK03Lruyp07AM,*******,*******,*******,*******,*******,*******,anonymous,EN,I consent,562435d4ed6e5a0011c812d0,Yes,No,No,No,,,,,The efficacy of Reptol seems better than that of Psylo (based on the effectiveness of reducing headaches). ,,,,,,,,,,,562435d4ed6e5a0011c812d0,$0.60 ,3 minutes,628cf9bf368a7d6198f3ef12,628d2616b235155dc9545aa6,80,No,98,pharma,proportionality,ingredient Type-1 Reptol,ingredient Type-2 Reptol,ingredient Type-1 Psylo,ingredient Type-2 Psylo,that both ingredients come in two types: Type-1 and Type-2,each of which come in one of two types: Type-1 and Type-2
5/24/22 12:10,5/24/22 12:41,IP Address,*******,100,1854,TRUE,5/24/22 12:41,R_r0UbB1qyCyTQexX,*******,*******,*******,*******,*******,*******,anonymous,EN,I consent,60fd2df8081f57baddf31c73,,,,,,,,,,Yes,No,No,No,,,,,Studies that take place one weekends rendered much better results than those not taken on the weekends,,60fd2df8081f57baddf31c73,$0.60 ,3 minutes,628cf9bf368a7d6198f3ef12,628d1f8eff424a8ec2472a5e,80,No,98,training,stability,case studies and takes place on weekends,case studies and does not take place on weekends,simulations and takes place on weekends,simulations and does not take place on weekends,either take place on weekends or do not take place on weekends,and they either take place on weekends or do not take place on weekends
5/24/22 12:32,5/24/22 12:41,IP Address,*******,100,568,TRUE,5/24/22 12:41,R_33jNUBlJtLikyaF,*******,*******,*******,*******,*******,*******,anonymous,EN,I consent,5e7aca7dc679490b709c855c,,,,,,,,,,Yes,No,No,No,,,,,"I paid attention to the successful rate of new hires. 98% is well over the 80% rate required, and almost a perfect score. I don't think that employees will appreciate training on the weekends, and maybe that leads to more successful employees. ","No, not at all. ",5e7aca7dc679490b709c855c,$0.60 ,3 minutes,628cf9bf368a7d6198f3ef12,628d24acca45bcd80188a5e8,80,No,98,training,stability,case studies and takes place on weekends,case studies and does not take place on weekends,simulations and takes place on weekends,simulations and does not take place on weekends,either take place on weekends or do not take place on weekends,and they either take place on weekends or do not take place on weekends
5/24/22 12:35,5/24/22 12:42,IP Address,*******,100,417,TRUE,5/24/22 12:42,R_20UwsP4wwz9GTzT,*******,*******,*******,*******,*******,*******,anonymous,EN,I consent,5dd4767b32288646716dc98a,,,,,,,,,,Yes,Yes,No,No,Yes,No,No,No,Either type 1 or type 2 are good training programs but it depends on the employees,It was somewhat confusing for me,5dd4767b32288646716dc98a,$0.60 ,3 minutes,628cf9bf368a7d6198f3ef12,628d255accbe9fc1b73302de,80,No,85,training,proportionality,Type-1 case studies,Type-2 case studies,Type-1 simulations,Type-2 simulations,that both simulations and case studies come in two types: Type-1 and Type 2,each of which come in one of two types: Type-1 and Type-2
5/24/22 12:36,5/24/22 12:42,IP Address,*******,100,369,TRUE,5/24/22 12:42,R_2wLWzfQTzW0VJ7p,*******,*******,*******,*******,*******,*******,anonymous,EN,I consent,60199dc499b0a7105341be00,Yes,Yes,No,No,Yes,No,No,No,Reptol seems to have an efficacy that is greater than Psylo. The two with Reptol were much more effective at eliminating the pain.,,,,,,,,,,,60199dc499b0a7105341be00,$0.60 ,3 minutes,628cf9bf368a7d6198f3ef12,628d25872db0043cd9684bf7,80,No,98,pharma,stability,ingredient Reptol and must be taken with food,ingredient Reptol and must be taken without food,ingredient Psylo and must be taken with food,ingredient Psylo and must be taken without food,either must be taken with food or must be taken without food,"and medicines containing either ingredient must taken with food or without food, depending on the medication"
5/24/22 12:41,5/24/22 12:42,IP Address,*******,100,75,TRUE,5/24/22 12:42,R_1Iov5UaoAQ9RpuY,*******,*******,*******,*******,*******,*******,anonymous,EN,I consent,5eeba89ba5de72356a3c8507,Yes,Yes,No,No,,,,,I learned that my manager only wants me to stock products with 50% efficacy rate. ,,,,,,,,,,,5eeba89ba5de72356a3c8507,$0.60 ,3 minutes,628cf9bf368a7d6198f3ef12,628d26bc2ec9f8bcb77bed7a,50,Yes,85,pharma,stability,ingredient Reptol and must be taken with food,ingredient Reptol and must be taken without food,ingredient Psylo and must be taken with food,ingredient Psylo and must be taken without food,either must be taken with food or must be taken without food,"and medicines containing either ingredient must taken with food or without food, depending on the medication"
5/24/22 12:38,5/24/22 12:42,IP Address,*******,100,218,TRUE,5/24/22 12:42,R_3nMhpkhnSCHQ7CM,*******,*******,*******,*******,*******,*******,anonymous,EN,I consent,611580c3f490b096b2fa8cfa,,,,,,,,,,Yes,Yes,No,No,,,,,It does not matter whether they take place on weekends or not.  Case studies have a high success rate,,611580c3f490b096b2fa8cfa,$0.60 ,3 minutes,628cf9bf368a7d6198f3ef11,628d26294ae595f9e2c22803,50,Yes,98,training,stability,case studies and takes place on weekends,case studies and does not take place on weekends,simulations and takes place on weekends,simulations and does not take place on weekends,either take place on weekends or do not take place on weekends,and they either take place on weekends or do not take place on weekends
5/24/22 12:38,5/24/22 12:42,IP Address,*******,100,265,TRUE,5/24/22 12:42,R_TmRVT7xWeoV2BAR,*******,*******,*******,*******,*******,*******,anonymous,EN,I consent,6266db0dcf3e4f16fb9d7c56,Yes,Yes,No,No,,,,,"I was surprised to know that the efficacy wasn;t 100%. I assumed if a pain killer were sold. it was 100% effective, but the ones reviewed had either a 1%, 70% or 85% efficacy rating. ",,,,,,,,,,,6266db0dcf3e4f16fb9d7c56,$0.60 ,3 minutes,628cf9bf368a7d6198f3ef12,628d26085928148992be053e,50,Yes,85,pharma,stability,ingredient Reptol and must be taken with food,ingredient Reptol and must be taken without food,ingredient Psylo and must be taken with food,ingredient Psylo and must be taken without food,either must be taken with food or must be taken without food,"and medicines containing either ingredient must taken with food or without food, depending on the medication"
5/24/22 12:38,5/24/22 12:42,IP Address,*******,100,264,TRUE,5/24/22 12:42,R_2BtUkoweW9zkmHT,*******,*******,*******,*******,*******,*******,anonymous,EN,I consent,5669ac845bd4ff0011159b4a,Yes,No,No,No,,,,,The majority of medications were not effective. So I only choose to stock one.,,,,,,,,,,No,5669ac845bd4ff0011159b4a,$0.60 ,3 minutes,628cf9bf368a7d6198f3ef12,628d261e97cdcf0621562a51,80,No,85,pharma,stability,ingredient Reptol and must be taken with food,ingredient Reptol and must be taken without food,ingredient Psylo and must be taken with food,ingredient Psylo and must be taken without food,either must be taken with food or must be taken without food,"and medicines containing either ingredient must taken with food or without food, depending on the medication"
5/24/22 12:40,5/24/22 12:43,IP Address,*******,100,190,TRUE,5/24/22 12:43,R_eWkTQ6WRV0XQoyl,*******,*******,*******,*******,*******,*******,anonymous,EN,I consent,6277ed0d8118051ddfc450a8,Yes,Yes,No,No,,,,,Reptol works better than psylo and is the only one suitable to stock. Type 1 is much more effective than type 2 and is the best choice.,,,,,,,,,,,6277ed0d8118051ddfc450a8,$0.60 ,3 minutes,628cf9bf368a7d6198f3ef11,628d2688c6a089b79d780a91,50,Yes,98,pharma,proportionality,ingredient Type-1 Reptol,ingredient Type-2 Reptol,ingredient Type-1 Psylo,ingredient Type-2 Psylo,that both ingredients come in two types: Type-1 and Type-2,each of which come in one of two types: Type-1 and Type-2
5/24/22 12:41,5/24/22 12:43,IP Address,*******,100,133,TRUE,5/24/22 12:43,R_PufsFPVPxqV6PIJ,*******,*******,*******,*******,*******,*******,anonymous,EN,I consent,5d59d1c4f6a63300198681e8,,,,,,,,,,Yes,No,No,No,,,,,It seems that Type 1 trainings do a better job of ensuring successful employees than Type 2. Type 2 resulted in very low successful employees. ,no,5d59d1c4f6a63300198681e8,$0.60 ,3 minutes,628cf9bf368a7d6198f3ef12,628d26ca920ae4549fe7ba30,80,No,98,training,proportionality,Type-1 case studies,Type-2 case studies,Type-1 simulations,Type-2 simulations,that both simulations and case studies come in two types: Type-1 and Type 2,each of which come in one of two types: Type-1 and Type-2
5/24/22 12:42,5/24/22 12:43,IP Address,*******,100,79,TRUE,5/24/22 12:43,R_3yJ1IEJ8p4njQJP,*******,*******,*******,*******,*******,*******,anonymous,EN,I consent,620bda34a922fc3f247f6519,,,,,,,,,,Yes,No,Yes,Yes,Yes,No,No,No,The ones that use simulation are better because it is more hands on ,No,620bda34a922fc3f247f6519,$0.60 ,3 minutes,628cf9bf368a7d6198f3ef11,628d2704a63636081031b3c5,80,No,98,training,stability,case studies and takes place on weekends,case studies and does not take place on weekends,simulations and takes place on weekends,simulations and does not take place on weekends,either take place on weekends or do not take place on weekends,and they either take place on weekends or do not take place on weekends
5/24/22 12:40,5/24/22 12:43,IP Address,*******,100,203,TRUE,5/24/22 12:43,R_tDvjLRpBakLB2BX,*******,*******,*******,*******,*******,*******,anonymous,EN,I consent,62444b95055492f573b21d42,Yes,Yes,No,No,,,,,Both reptol and Psylo can dramatically improve headache symptoms in the majority of users.,,,,,,,,,,,62444b95055492f573b21d42,$0.60 ,3 minutes,628cf9bf368a7d6198f3ef12,628d26948d5484f59744da99,50,Yes,98,pharma,proportionality,ingredient Type-1 Reptol,ingredient Type-2 Reptol,ingredient Type-1 Psylo,ingredient Type-2 Psylo,that both ingredients come in two types: Type-1 and Type-2,each of which come in one of two types: Type-1 and Type-2
5/24/22 12:38,5/24/22 12:44,IP Address,*******,100,315,TRUE,5/24/22 12:44,R_aVSpPRHF7CO1Z3X,*******,*******,*******,*******,*******,*******,anonymous,EN,I consent,6101bcb1b6f73b8138d66252,,,,,,,,,,Yes,No,No,No,,,,,Type-1 case studies are the most effective training program at this time. Type-2 case studies are a little less effective than Type-1. Simulation training is not effective at all in either type.,"No, everything was clear and understandable.",6101bcb1b6f73b8138d66252,$0.60 ,3 minutes,628cf9bf368a7d6198f3ef12,628d263242387b8a0995e56e,80,No,85,training,proportionality,Type-1 case studies,Type-2 case studies,Type-1 simulations,Type-2 simulations,that both simulations and case studies come in two types: Type-1 and Type 2,each of which come in one of two types: Type-1 and Type-2
5/24/22 12:40,5/24/22 12:44,IP Address,*******,100,203,TRUE,5/24/22 12:44,R_V3kQSwfVZ101rHj,*******,*******,*******,*******,*******,*******,anonymous,EN,I consent,5f4af15a0add63150e16e55a,,,,,,,,,,Yes,No,No,No,,,,,"I learned that there are different training programs that they have different levels of success with regards to employees being successful in their job.  There are 2 types of simulations to test the programs, though I was unclear about any of the specific details of how the simulations reflected upon each training programs chances of success.",,5f4af15a0add63150e16e55a,$0.60 ,3 minutes,628cf9bf368a7d6198f3ef11,628d269284d95bf38c9eb8c5,80,No,98,training,proportionality,Type-1 case studies,Type-2 case studies,Type-1 simulations,Type-2 simulations,that both simulations and case studies come in two types: Type-1 and Type 2,each of which come in one of two types: Type-1 and Type-2
5/24/22 12:35,5/24/22 12:44,IP Address,*******,100,543,TRUE,5/24/22 12:44,R_3JyZJOGNH6ZNeb5,*******,*******,*******,*******,*******,*******,anonymous,EN,I consent,5dbe5d44aab19f35c5459b57,Yes,Yes,No,No,,,,,"Reptol is highly effective in treating medications, as 98% of patients taking the product's Type 1 version found relief. 70% of Reptol Type-2 users saw an improvement in their headache symptoms, making it a good choice for pain relief.  Psylo was not found to offer much help for headaches, as it offered only 1% relief for patients for boty type-1 and type-2 medications. ",,,,,,,,,,N/A,5dbe5d44aab19f35c5459b57,$0.60 ,3 minutes,628cf9bf368a7d6198f3ef12,628d2552b05e05b8f05aab67,50,Yes,98,pharma,proportionality,ingredient Type-1 Reptol,ingredient Type-2 Reptol,ingredient Type-1 Psylo,ingredient Type-2 Psylo,that both ingredients come in two types: Type-1 and Type-2,each of which come in one of two types: Type-1 and Type-2
5/24/22 12:40,5/24/22 12:44,IP Address,*******,100,255,TRUE,5/24/22 12:44,R_1jB6P5xAIHwcL2u,*******,*******,*******,*******,*******,*******,anonymous,EN,I consent,5d5b0dd7c032a2001ad7cf5d,,,,,,,,,,Yes,Yes,No,No,,,,,"It seems that certain training programs have completely different rates of efficacy with regards to how likely it is a participant will go on to become a successful long term employee, and this can vary heavily between programs that utilize training simulations, schedule things over weekends or not, and whether case studies are used.",No,5d5b0dd7c032a2001ad7cf5d,$0.60 ,3 minutes,628cf9bf368a7d6198f3ef11,628d267e804b18b9026dafe9,50,Yes,98,training,stability,case studies and takes place on weekends,case studies and does not take place on weekends,simulations and takes place on weekends,simulations and does not take place on weekends,either take place on weekends or do not take place on weekends,and they either take place on weekends or do not take place on weekends
5/24/22 12:41,5/24/22 12:44,IP Address,*******,100,201,TRUE,5/24/22 12:44,R_XmSjJtSvbVjaQjn,*******,*******,*******,*******,*******,*******,anonymous,EN,I consent,5aeafd36c8a6fd0001d8422c,,,,,,,,,,Yes,No,No,No,,,,,Trainings with case studies are by far the most effective but overall only doing it on weekends is successful as during the week there is a noticeable impact.,,5aeafd36c8a6fd0001d8422c,$0.60 ,3 minutes,628cf9bf368a7d6198f3ef11,628d26c6e278f184fc6c69ab,80,No,98,training,stability,case studies and takes place on weekends,case studies and does not take place on weekends,simulations and takes place on weekends,simulations and does not take place on weekends,either take place on weekends or do not take place on weekends,and they either take place on weekends or do not take place on weekends
5/24/22 12:40,5/24/22 12:44,IP Address,*******,100,265,TRUE,5/24/22 12:44,R_1lagzspur12iqku,*******,*******,*******,*******,*******,*******,anonymous,EN,I consent,615d051e2366aeb051acb734,,,,,,,,,,Yes,No,No,No,,,,,case studies are much more effective than simulations. whether on weekends has negligible effects. ,,615d051e2366aeb051acb734,$0.60 ,3 minutes,628cf9bf368a7d6198f3ef12,628d269eab8e62d6eda281b1,80,No,85,training,stability,case studies and takes place on weekends,case studies and does not take place on weekends,simulations and takes place on weekends,simulations and does not take place on weekends,either take place on weekends or do not take place on weekends,and they either take place on weekends or do not take place on weekends
5/24/22 12:42,5/24/22 12:45,IP Address,*******,100,152,TRUE,5/24/22 12:45,R_2RW8JgmSWCGcjfk,*******,*******,*******,*******,*******,*******,anonymous,EN,I consent,5f191f7328f8dd1732b423f7,,,,,,,,,,Yes,Yes,No,No,,,,,Both type 1 and type 2 case trainings showed good effectiveness in producing successful employees. Neither of the simulation trainings showed good effectiveness. ,,5f191f7328f8dd1732b423f7,$0.60 ,3 minutes,628cf9bf368a7d6198f3ef12,628d271506f80582ae028e82,50,Yes,98,training,proportionality,Type-1 case studies,Type-2 case studies,Type-1 simulations,Type-2 simulations,that both simulations and case studies come in two types: Type-1 and Type 2,each of which come in one of two types: Type-1 and Type-2
5/24/22 12:41,5/24/22 12:45,IP Address,*******,100,245,TRUE,5/24/22 12:45,R_2V2B7HHfIBz0uaC,*******,*******,*******,*******,*******,*******,anonymous,EN,I consent,5ded224fb48fa73d8cb087ab,Yes,Yes,No,No,,,,,"Reptol appears to be the much more effective drug between the two, as studies have shown that it drastically reduces headaches by between 70-85 percent. Psylo appears to be very ineffective at only 1% reporting reduction in headaches.",,,,,,,,,,,5ded224fb48fa73d8cb087ab,$0.60 ,3 minutes,628cf9bf368a7d6198f3ef11,628d26b7093dcf0260980790,50,Yes,85,pharma,stability,ingredient Reptol and must be taken with food,ingredient Reptol and must be taken without food,ingredient Psylo and must be taken with food,ingredient Psylo and must be taken without food,either must be taken with food or must be taken without food,"and medicines containing either ingredient must taken with food or without food, depending on the medication"
5/24/22 12:41,5/24/22 12:45,IP Address,*******,100,187,TRUE,5/24/22 12:45,R_33EIMLGMdSKeN7f,*******,*******,*******,*******,*******,*******,anonymous,EN,I consent,610773a107a23b0792cab11a,Yes,Yes,No,No,,,,,"From the data given previously, it seems like type 1 is more effective so far at improving headaches ",,,,,,,,,,,610773a107a23b0792cab11a,$0.60 ,3 minutes,628cf9bf368a7d6198f3ef12,628d26f0df85ec4bf4bca9ed,50,Yes,98,pharma,proportionality,ingredient Type-1 Reptol,ingredient Type-2 Reptol,ingredient Type-1 Psylo,ingredient Type-2 Psylo,that both ingredients come in two types: Type-1 and Type-2,each of which come in one of two types: Type-1 and Type-2
5/24/22 12:41,5/24/22 12:45,IP Address,*******,100,249,TRUE,5/24/22 12:45,R_PALiv7t8riAwNNv,*******,*******,*******,*******,*******,*******,anonymous,EN,I consent,571dfc5913b1b70009be337f,Yes,No,No,No,,,,,I honestly did not pay much attention to the active ingredients because I knew what I needed to know from the percentages. ,,,,,,,,,,no,571dfc5913b1b70009be337f,$0.60 ,3 minutes,628cf9bf368a7d6198f3ef11,628d26c0e278f184fc6c69aa,80,No,85,pharma,proportionality,ingredient Type-1 Reptol,ingredient Type-2 Reptol,ingredient Type-1 Psylo,ingredient Type-2 Psylo,that both ingredients come in two types: Type-1 and Type-2,each of which come in one of two types: Type-1 and Type-2
5/24/22 12:44,5/24/22 12:46,IP Address,*******,100,132,TRUE,5/24/22 12:46,R_1H02KzMB529P4tg,*******,*******,*******,*******,*******,*******,anonymous,EN,I consent,5e5fe64a8278d103d35cac54,Yes,Yes,No,No,,,,,"Retol 1 and 2 seem to work really well. Psylo doesn't work hardly at all, probably no better than placebo.",,,,,,,,,,nope,5e5fe64a8278d103d35cac54,$0.60 ,3 minutes,628cf9bf368a7d6198f3ef11,628d2774651d2742c53b2680,50,Yes,98,pharma,proportionality,ingredient Type-1 Reptol,ingredient Type-2 Reptol,ingredient Type-1 Psylo,ingredient Type-2 Psylo,that both ingredients come in two types: Type-1 and Type-2,each of which come in one of two types: Type-1 and Type-2
5/24/22 12:39,5/24/22 12:47,IP Address,*******,100,439,TRUE,5/24/22 12:47,R_3fAZ3YmSpQF2QZ2,*******,*******,*******,*******,*******,*******,anonymous,EN,I consent,61fa8f62f42b633229bbf165,,,,,,,,,,Yes,No,No,No,,,,,"Overall, the most effective training program, and the only one that met the 80% success threshold, was program A. Program A used case studies and took place on the weekends. Though it did not meet the required threshold, the second most successful program was Program B, which used case studies and did not take place on weekends. The programs involving simulations instead of case studies were largely unsuccessful, and should be avoided. ",,61fa8f62f42b633229bbf165,$0.60 ,3 minutes,628cf9bf368a7d6198f3ef11,628d266fdf85ec4bf4bca9e1,80,No,85,training,stability,case studies and takes place on weekends,case studies and does not take place on weekends,simulations and takes place on weekends,simulations and does not take place on weekends,either take place on weekends or do not take place on weekends,and they either take place on weekends or do not take place on weekends
5/24/22 12:42,5/24/22 12:47,IP Address,*******,100,286,TRUE,5/24/22 12:47,R_yxOw6sUcVx4OphL,*******,*******,*******,*******,*******,*******,anonymous,EN,I consent,610c56ddc029efbacb229c71,,,,,,,,,,Yes,No,No,No,,,,,"The weekend trainings don’t do as well. Maybe because people don’t want to use their weekends that way 
",,610c56ddc029efbacb229c71,$0.60 ,3 minutes,628cf9bf368a7d6198f3ef12,628d2665b05235d883a4daff,80,No,85,training,stability,case studies and takes place on weekends,case studies and does not take place on weekends,simulations and takes place on weekends,simulations and does not take place on weekends,either take place on weekends or do not take place on weekends,and they either take place on weekends or do not take place on weekends
5/24/22 12:43,5/24/22 12:47,IP Address,*******,100,221,TRUE,5/24/22 12:47,R_1hYJqvV7oggE9jZ,*******,*******,*******,*******,*******,*******,anonymous,EN,I consent,5fec956243c578e38ad84250,,,,,,,,,,Yes,No,No,No,,,,,"I don't think that time is a factor, meaning if it is on weekends or not but I do believe that simulations is the key to a successful training program to create successful employees with the company. I would suggest that any and all training programs that our company uses in the future would use simulations, as 98% success rate is incredibly good.","No, it was all good. Thank you.",5fec956243c578e38ad84250,$0.60 ,3 minutes,628cf9bf368a7d6198f3ef11,628d2746d968e54af5095fc2,80,No,98,training,stability,case studies and takes place on weekends,case studies and does not take place on weekends,simulations and takes place on weekends,simulations and does not take place on weekends,either take place on weekends or do not take place on weekends,and they either take place on weekends or do not take place on weekends
5/24/22 12:45,5/24/22 12:47,IP Address,*******,100,119,TRUE,5/24/22 12:47,R_1DZKq3nRvu5HBo5,*******,*******,*******,*******,*******,*******,anonymous,EN,I consent,5bfc3bf2f553fa0001fee8f4,,,,,,,,,,Yes,No,No,No,,,,,It is important to choose a program that produces the best results.,,5bfc3bf2f553fa0001fee8f4,$0.60 ,3 minutes,628cf9bf368a7d6198f3ef11,628d27cfd5629607dfde46d0,80,No,98,training,stability,case studies and takes place on weekends,case studies and does not take place on weekends,simulations and takes place on weekends,simulations and does not take place on weekends,either take place on weekends or do not take place on weekends,and they either take place on weekends or do not take place on weekends
5/24/22 12:45,5/24/22 12:48,IP Address,*******,100,162,TRUE,5/24/22 12:48,R_3MFIdEjmQROLmkJ,*******,*******,*******,*******,*******,*******,anonymous,EN,I consent,5c44e3fa11a0c20001700303,Yes,Yes,No,No,,,,,Type 2 is much less effective than type 1 active ingredients in being effective against headaches.,,,,,,,,,,,5c44e3fa11a0c20001700303,$0.60 ,3 minutes,628cf9bf368a7d6198f3ef12,628d27a80065511fe570ad15,50,Yes,98,pharma,proportionality,ingredient Type-1 Reptol,ingredient Type-2 Reptol,ingredient Type-1 Psylo,ingredient Type-2 Psylo,that both ingredients come in two types: Type-1 and Type-2,each of which come in one of two types: Type-1 and Type-2
5/24/22 12:46,5/24/22 12:48,IP Address,*******,100,64,TRUE,5/24/22 12:48,R_2e3RX9zcCeP9pb1,*******,*******,*******,*******,*******,*******,anonymous,EN,I consent,60b98e805f90520bd582802d,Yes,Yes,Yes,Yes,Yes,Yes,Yes,Yes,I feel like if there is any medication that will help anyone even that 1% of people that it should somehow be made accessible. ,,,,,,,,,,N/A,60b98e805f90520bd582802d,$0.60 ,3 minutes,628cf9bf368a7d6198f3ef12,628d281ebbd87c28e21ae918,80,No,98,pharma,stability,ingredient Reptol and must be taken with food,ingredient Reptol and must be taken without food,ingredient Psylo and must be taken with food,ingredient Psylo and must be taken without food,either must be taken with food or must be taken without food,"and medicines containing either ingredient must taken with food or without food, depending on the medication"
5/24/22 12:42,5/24/22 12:48,IP Address,*******,100,357,TRUE,5/24/22 12:48,R_31RwlOWyJmVTtUO,*******,*******,*******,*******,*******,*******,anonymous,EN,I consent,60d16d8508376851521a55b9,Yes,No,No,No,,,,,I learned that medicine with Type-1 reptile has a higher chance of decreasing headaches. It seems like all other ingredients are ineffective in helping. ,,,,,,,,,,,60d16d8508376851521a55b9,$0.60 ,3 minutes,628cf9bf368a7d6198f3ef12,628d26f6996fe2b2fb1bebb4,80,No,85,pharma,proportionality,ingredient Type-1 Reptol,ingredient Type-2 Reptol,ingredient Type-1 Psylo,ingredient Type-2 Psylo,that both ingredients come in two types: Type-1 and Type-2,each of which come in one of two types: Type-1 and Type-2
5/24/22 12:42,5/24/22 12:48,IP Address,*******,100,363,TRUE,5/24/22 12:48,R_2466KUfnkl3ct0E,*******,*******,*******,*******,*******,*******,anonymous,EN,I consent,60fdbd971aab70ac228ed016,Yes,Yes,No,No,,,,,Reptol  A and B  type 1 were more effective than the other two medicines,,,,,,,,,,no,60fdbd971aab70ac228ed016,$0.60 ,3 minutes,628cf9bf368a7d6198f3ef12,628d26f0ab8e62d6eda281b4,50,Yes,85,pharma,proportionality,ingredient Type-1 Reptol,ingredient Type-2 Reptol,ingredient Type-1 Psylo,ingredient Type-2 Psylo,that both ingredients come in two types: Type-1 and Type-2,each of which come in one of two types: Type-1 and Type-2
5/24/22 12:45,5/24/22 12:48,IP Address,*******,100,204,TRUE,5/24/22 12:48,R_1rkXgKL1CxTbnWt,*******,*******,*******,*******,*******,*******,anonymous,EN,I consent,5df0932af9a01d0dabd9313d,,,,,,,,,,Yes,Yes,No,No,,,,,It seems that training studies that rely on case studies to train are much more likely to produce good employees than ones that rely on simulations. It also appears that the program being on the weekend has a slightly better chance of producing better employees.,No,5df0932af9a01d0dabd9313d,$0.60 ,3 minutes,628cf9bf368a7d6198f3ef11,628d27a8ae4a05e9a19edee6,50,Yes,85,training,stability,case studies and takes place on weekends,case studies and does not take place on weekends,simulations and takes place on weekends,simulations and does not take place on weekends,either take place on weekends or do not take place on weekends,and they either take place on weekends or do not take place on weekends
5/24/22 12:42,5/24/22 12:49,IP Address,*******,100,420,TRUE,5/24/22 12:49,R_1Iawp62mFMW4Y5A,*******,*******,*******,*******,*******,*******,anonymous,EN,I consent,5ff4c0dc8ac182bcb6ecbd8b,Yes,No,No,No,,,,,"I think that the efficacy of ingredients in headache medicines takes a lot of research and consideration when it comes to putting them on stock. Initially, the second medicine which had a 70% reduction in headaches made me think that it would have been okay to put up on stock, but as instructed only those with 80% belonged there, and so I had to follow the rules. I felt that even though I thought I would have been okay with 70, the fact is the efficacy of active ingredients have to prove to be useful enough to affect a large amount of patients who suffer under headaches or any sort of disease. ",,,,,,,,,,"I don't consider myself to be smart so it was just confusing having to make correlations and ""educational"" analysis on medicine so I think that for some people and mmaybe myself they may have had difficulty in just answering the open-ended question or may have taken a bit more time to understand the question.",5ff4c0dc8ac182bcb6ecbd8b,$0.60 ,3 minutes,628cf9bf368a7d6198f3ef11,628d2719b1de8c86b886ef7e,80,No,85,pharma,proportionality,ingredient Type-1 Reptol,ingredient Type-2 Reptol,ingredient Type-1 Psylo,ingredient Type-2 Psylo,that both ingredients come in two types: Type-1 and Type-2,each of which come in one of two types: Type-1 and Type-2
5/24/22 12:46,5/24/22 12:49,IP Address,*******,100,192,TRUE,5/24/22 12:49,R_2QLl9lYrXI1FocF,*******,*******,*******,*******,*******,*******,anonymous,EN,I consent,5d2eac390aca250001e9c3e1,Yes,Yes,No,No,,,,,"Psylo only has a one percent rate if effectiveness, while medications with Reptol show similar levels of high effectiveness with or without food.",,,,,,,,,,,5d2eac390aca250001e9c3e1,$0.60 ,3 minutes,628cf9bf368a7d6198f3ef12,628d28082836a519f614bf25,50,Yes,98,pharma,stability,ingredient Reptol and must be taken with food,ingredient Reptol and must be taken without food,ingredient Psylo and must be taken with food,ingredient Psylo and must be taken without food,either must be taken with food or must be taken without food,"and medicines containing either ingredient must taken with food or without food, depending on the medication"
5/24/22 12:47,5/24/22 12:50,IP Address,*******,100,146,TRUE,5/24/22 12:50,R_3LhXBD8Z11bqmBr,*******,*******,*******,*******,*******,*******,anonymous,EN,I consent,58cbd23d5d42920001414dd8,,,,,,,,,,Yes,Yes,No,No,Yes,No,No,No,The boss suggested that we don't use any training program that doesn't have at least an 80% effective rate. Only A did. The others were 70% or 1%.,,58cbd23d5d42920001414dd8,$0.60 ,3 minutes,628cf9bf368a7d6198f3ef11,628d28546fbf3d84764c70f9,80,No,98,training,proportionality,Type-1 case studies,Type-2 case studies,Type-1 simulations,Type-2 simulations,that both simulations and case studies come in two types: Type-1 and Type 2,each of which come in one of two types: Type-1 and Type-2
5/24/22 12:47,5/24/22 12:50,IP Address,*******,100,194,TRUE,5/24/22 12:50,R_1prppftHfIV0yOu,*******,*******,*******,*******,*******,*******,anonymous,EN,I consent,57f2da5c6c19420001438d19,,,,,,,,,,Yes,No,No,No,,,,,I would say that some may have been accurate and some may have not been so accurate. I question the one that showed only 1% being successful.,,57f2da5c6c19420001438d19,$0.60 ,3 minutes,628cf9bf368a7d6198f3ef12,628d2839d38530eeee16cf64,80,No,85,training,proportionality,Type-1 case studies,Type-2 case studies,Type-1 simulations,Type-2 simulations,that both simulations and case studies come in two types: Type-1 and Type 2,each of which come in one of two types: Type-1 and Type-2
5/24/22 12:46,5/24/22 12:51,IP Address,*******,100,268,TRUE,5/24/22 12:51,R_3G1ltK7PF8cUsbf,*******,*******,*******,*******,*******,*******,anonymous,EN,I consent,5904f5ca56cdc40001bc5629,Yes,Yes,No,No,,,,,The active ingredient in a medicine didn't matter so much. The past results of which medicine works better is a better predictor for the future efficacy of the medicine. Type 1 seemed better than type 2.,,,,,,,,,,,5904f5ca56cdc40001bc5629,$0.60 ,3 minutes,628cf9bf368a7d6198f3ef11,628d280916969f33b651e1f5,50,Yes,85,pharma,proportionality,ingredient Type-1 Reptol,ingredient Type-2 Reptol,ingredient Type-1 Psylo,ingredient Type-2 Psylo,that both ingredients come in two types: Type-1 and Type-2,each of which come in one of two types: Type-1 and Type-2
5/24/22 12:48,5/24/22 12:51,IP Address,*******,100,158,TRUE,5/24/22 12:51,R_4UdBc2r6cXU2ykh,*******,*******,*******,*******,*******,*******,anonymous,EN,I consent,59014a56baa70f0001ea4c3b,,,,,,,,,,Yes,Yes,No,No,,,,,The use of case studies has a much higher sucess rate. The training on the weekends is also more impactful.,,59014a56baa70f0001ea4c3b,$0.60 ,3 minutes,628cf9bf368a7d6198f3ef11,628d2876aa7b2f2409e024f1,50,Yes,98,training,stability,case studies and takes place on weekends,case studies and does not take place on weekends,simulations and takes place on weekends,simulations and does not take place on weekends,either take place on weekends or do not take place on weekends,and they either take place on weekends or do not take place on weekends
5/24/22 12:39,5/24/22 12:51,IP Address,*******,100,713,TRUE,5/24/22 12:51,R_2wsPRdaZQNPLprB,*******,*******,*******,*******,*******,*******,anonymous,EN,I consent,5a6ab0fbab58b500015f29db,,,,,,,,,,Yes,No,No,No,,,,,"It seems that case studies, especially Type-1, led to over 80% success. The rest were not very successful or did not reach this goal. ",None. ,5a6ab0fbab58b500015f29db,$0.60 ,3 minutes,628cf9bf368a7d6198f3ef12,628d25451acf1a7fdcfd9b55,80,No,85,training,proportionality,Type-1 case studies,Type-2 case studies,Type-1 simulations,Type-2 simulations,that both simulations and case studies come in two types: Type-1 and Type 2,each of which come in one of two types: Type-1 and Type-2
5/24/22 12:47,5/24/22 12:51,IP Address,*******,100,204,TRUE,5/24/22 12:51,R_2fDV8wpumHMHmIF,*******,*******,*******,*******,*******,*******,anonymous,EN,I consent,5d4a36e8a61675000169036f,Yes,Yes,No,No,,,,,The ingredient Reptol seems to be effective in both types. Both types cause most people to have improved symptoms. The ingredient Psylo does not seem to be effective in either type. ,,,,,,,,,,,5d4a36e8a61675000169036f,$0.60 ,3 minutes,628cf9bf368a7d6198f3ef12,628d284ee40f563cca96cbc6,50,Yes,85,pharma,proportionality,ingredient Type-1 Reptol,ingredient Type-2 Reptol,ingredient Type-1 Psylo,ingredient Type-2 Psylo,that both ingredients come in two types: Type-1 and Type-2,each of which come in one of two types: Type-1 and Type-2
5/24/22 12:46,5/24/22 12:51,IP Address,*******,100,297,TRUE,5/24/22 12:51,R_1gSXXL8DC0p8Y1o,*******,*******,*******,*******,*******,*******,anonymous,EN,I consent,60fdeeb6d06fe688836696e1,Yes,Yes,No,No,,,,,Reptol is more effective at reducing headaches than Psylo. Reptol must be taken with food and Psylo must be taken without.,,,,,,,,,,,60fdeeb6d06fe688836696e1,$0.60 ,3 minutes,628cf9bf368a7d6198f3ef12,628d280606f80582ae028e8d,50,Yes,98,pharma,stability,ingredient Reptol and must be taken with food,ingredient Reptol and must be taken without food,ingredient Psylo and must be taken with food,ingredient Psylo and must be taken without food,either must be taken with food or must be taken without food,"and medicines containing either ingredient must taken with food or without food, depending on the medication"
5/24/22 12:49,5/24/22 12:51,IP Address,*******,100,153,TRUE,5/24/22 12:51,R_UKFWTCEiT2YiVJ7,*******,*******,*******,*******,*******,*******,anonymous,EN,I consent,609f58e8af0f5f3acedd9806,,,,,,,,,,Yes,Yes,No,No,,,,,Both type one and type two case studies are more effective than type one and type two simulations in real life studies. ,,609f58e8af0f5f3acedd9806,$0.60 ,3 minutes,628cf9bf368a7d6198f3ef12,628d28a2bc30d57abf2ae7ad,50,Yes,85,training,proportionality,Type-1 case studies,Type-2 case studies,Type-1 simulations,Type-2 simulations,that both simulations and case studies come in two types: Type-1 and Type 2,each of which come in one of two types: Type-1 and Type-2
5/24/22 12:47,5/24/22 12:51,IP Address,*******,100,275,TRUE,5/24/22 12:51,R_6Pg4l7IruvIwAW5,*******,*******,*******,*******,*******,*******,anonymous,EN,I consent,623a4d7294028cfe9638272f,Yes,No,No,No,,,,,"I learned that Psylo is virtually useless in reducing headache severity when taken with or without food. I also learned that Reptol is quite effective at reducing symptoms, but that it works best when taken with food.",,,,,,,,,,No.,623a4d7294028cfe9638272f,$0.60 ,3 minutes,628cf9bf368a7d6198f3ef12,628d27ac5664fa263b19be75,80,No,85,pharma,stability,ingredient Reptol and must be taken with food,ingredient Reptol and must be taken without food,ingredient Psylo and must be taken with food,ingredient Psylo and must be taken without food,either must be taken with food or must be taken without food,"and medicines containing either ingredient must taken with food or without food, depending on the medication"
5/24/22 12:36,5/24/22 12:52,IP Address,*******,100,935,TRUE,5/24/22 12:52,R_2drT0J6LKpi5KNf,*******,*******,*******,*******,*******,*******,anonymous,EN,I consent,561bbdf9811d22000df3138a,Yes,No,No,No,,,,,It seemed that the medicines that had Reptol in them may have been more effective as that was in the only medication that met the 80% threshold mentioned in the reading. ,,,,,,,,,,,561bbdf9811d22000df3138a,$0.60 ,3 minutes,628cf9bf368a7d6198f3ef11,628d25b7a5b6724b4c38efe6,80,No,85,pharma,stability,ingredient Reptol and must be taken with food,ingredient Reptol and must be taken without food,ingredient Psylo and must be taken with food,ingredient Psylo and must be taken without food,either must be taken with food or must be taken without food,"and medicines containing either ingredient must taken with food or without food, depending on the medication"
5/24/22 12:47,5/24/22 12:52,IP Address,*******,100,292,TRUE,5/24/22 12:52,R_2xVPzOTQEipE41M,*******,*******,*******,*******,*******,*******,anonymous,EN,I consent,5fd0ed3ee993330172b0b97a,,,,,,,,,,Yes,No,No,No,,,,,"When more than 80% of new hires attend training either on the weekend or nor, based on simulation or real scenarios they are sucessful.",,5fd0ed3ee993330172b0b97a,$0.60 ,3 minutes,628cf9bf368a7d6198f3ef11,628d284bc94247f99f2ef759,80,No,98,training,stability,case studies and takes place on weekends,case studies and does not take place on weekends,simulations and takes place on weekends,simulations and does not take place on weekends,either take place on weekends or do not take place on weekends,and they either take place on weekends or do not take place on weekends
5/24/22 12:50,5/24/22 12:52,IP Address,*******,100,121,TRUE,5/24/22 12:52,R_24cPI9nlLTmZV0k,*******,*******,*******,*******,*******,*******,anonymous,EN,I consent,6080956cb039d0b097c4c595,Yes,No,No,No,,,,,The active ingredients in type one are the best. The ingredients are reptil ,,,,,,,,,,,6080956cb039d0b097c4c595,$0.60 ,3 minutes,628cf9bf368a7d6198f3ef12,628d29011a96868001f73fde,80,No,98,pharma,proportionality,ingredient Type-1 Reptol,ingredient Type-2 Reptol,ingredient Type-1 Psylo,ingredient Type-2 Psylo,that both ingredients come in two types: Type-1 and Type-2,each of which come in one of two types: Type-1 and Type-2
5/24/22 12:49,5/24/22 12:53,IP Address,*******,100,220,TRUE,5/24/22 12:53,R_XTAQxhc006IZe4V,*******,*******,*******,*******,*******,*******,anonymous,EN,I consent,5c3d49f6486a390001e87d8e,Yes,Yes,No,No,,,,,"Both ingredients show to provide relief from headaches in at least 50% of the population, usually much more. Medications with these ingredients often indicate whether or not they must be taken with food. ",,,,,,,,,,,5c3d49f6486a390001e87d8e,$0.60 ,3 minutes,628cf9bf368a7d6198f3ef12,628d28a89cb52c46af951a5a,50,Yes,98,pharma,stability,ingredient Reptol and must be taken with food,ingredient Reptol and must be taken without food,ingredient Psylo and must be taken with food,ingredient Psylo and must be taken without food,either must be taken with food or must be taken without food,"and medicines containing either ingredient must taken with food or without food, depending on the medication"
5/24/22 12:49,5/24/22 12:53,IP Address,*******,100,207,TRUE,5/24/22 12:53,R_2wsnoboNgEowWCM,*******,*******,*******,*******,*******,*******,anonymous,EN,I consent,60c024ebe9f5a4229ecfb232,Yes,No,No,No,,,,,The effectiveness highly depends on a large sample size of data from patients that took the medication and reported a reduction in pain.,,,,,,,,,,,60c024ebe9f5a4229ecfb232,$0.60 ,3 minutes,628cf9bf368a7d6198f3ef11,628d28cd2ec9f8bcb77bed96,80,No,98,pharma,proportionality,ingredient Type-1 Reptol,ingredient Type-2 Reptol,ingredient Type-1 Psylo,ingredient Type-2 Psylo,that both ingredients come in two types: Type-1 and Type-2,each of which come in one of two types: Type-1 and Type-2
5/24/22 12:50,5/24/22 12:53,IP Address,*******,100,164,TRUE,5/24/22 12:53,R_yQ0Y5g14kPLlp97,*******,*******,*******,*******,*******,*******,anonymous,EN,I consent,61272733b6c8fe076880e02c,,,,,,,,,,Yes,No,No,No,,,,,"It would seem that using case studies and taking place on the weekend dramatically increases the results. This is a surface level analysis, though, and there could be other details that factor into its effectiveness. ",,61272733b6c8fe076880e02c,$0.60 ,3 minutes,628cf9bf368a7d6198f3ef11,628d2907f3994117c11766b0,80,No,85,training,stability,case studies and takes place on weekends,case studies and does not take place on weekends,simulations and takes place on weekends,simulations and does not take place on weekends,either take place on weekends or do not take place on weekends,and they either take place on weekends or do not take place on weekends
5/24/22 12:49,5/24/22 12:53,IP Address,*******,100,230,TRUE,5/24/22 12:53,R_2CWDCELB1aF4lU4,*******,*******,*******,*******,*******,*******,anonymous,EN,I consent,60fddeb6dfaa94f6424e0916,,,,,,,,,,Yes,Yes,No,No,,,,,"The first two training programs are highly effective and successful, while the last two training programs are very inefficient and faulty. I would recommend the Type-1 trainings, particularly in the format of the first data point because it had nearly a 100% efficacy rate.","I found this survey to be very interesting! I was constantly looking for a back button to look at the chart again because I forgot basically everything, and then I realized that was the purpose of the survey!",60fddeb6dfaa94f6424e0916,$0.60 ,3 minutes,628cf9bf368a7d6198f3ef12,628d28c8a404d5339f4b902f,50,Yes,98,training,proportionality,Type-1 case studies,Type-2 case studies,Type-1 simulations,Type-2 simulations,that both simulations and case studies come in two types: Type-1 and Type 2,each of which come in one of two types: Type-1 and Type-2
5/24/22 12:49,5/24/22 12:53,IP Address,*******,100,231,TRUE,5/24/22 12:53,R_10wNj4UGWgicAOu,*******,*******,*******,*******,*******,*******,anonymous,EN,I consent,56797198c3041a0012b64b5e,,,,,,,,,,Yes,Yes,No,No,,,,,"The training programs that have the best end results, more than 50% successful employees, are also most successful in other training areas. When employees are not subsequently successful at work, they also were not successful in the training program.",no,56797198c3041a0012b64b5e,$0.60 ,3 minutes,628cf9bf368a7d6198f3ef12,628d28cc54ac39b2bcdd3c07,50,Yes,85,training,proportionality,Type-1 case studies,Type-2 case studies,Type-1 simulations,Type-2 simulations,that both simulations and case studies come in two types: Type-1 and Type 2,each of which come in one of two types: Type-1 and Type-2
5/24/22 12:53,5/24/22 12:54,IP Address,*******,100,79,TRUE,5/24/22 12:54,R_x0ebZseUlyWT0HL,*******,*******,*******,*******,*******,*******,anonymous,EN,I consent,60fd50570dd4923fec4a6f50,,,,,,,,,,Yes,Yes,No,No,Yes,No,No,No,You only want to use the training programs that had 80% or higher of success rate. ,,60fd50570dd4923fec4a6f50,$0.60 ,3 minutes,628cf9bf368a7d6198f3ef12,628d2992abca1d3718cec66b,80,No,98,training,proportionality,Type-1 case studies,Type-2 case studies,Type-1 simulations,Type-2 simulations,that both simulations and case studies come in two types: Type-1 and Type 2,each of which come in one of two types: Type-1 and Type-2
5/24/22 12:51,5/24/22 12:54,IP Address,*******,100,181,TRUE,5/24/22 12:54,R_1pWMo5U1mCjmdgK,*******,*******,*******,*******,*******,*******,anonymous,EN,I consent,6090578fb2299eacaec32b7a,Yes,Yes,No,No,,,,,"From the medicines I chose to stock or not, it seems like medication with the active ingredient Reptol were effective and those with Psylo were not. Having to be taken with or without food did not seem to make a difference.",,,,,,,,,,,6090578fb2299eacaec32b7a,$0.60 ,3 minutes,628cf9bf368a7d6198f3ef12,628d293d8fdbd614d22510f8,50,Yes,85,pharma,stability,ingredient Reptol and must be taken with food,ingredient Reptol and must be taken without food,ingredient Psylo and must be taken with food,ingredient Psylo and must be taken without food,either must be taken with food or must be taken without food,"and medicines containing either ingredient must taken with food or without food, depending on the medication"
5/24/22 12:48,5/24/22 12:55,IP Address,*******,100,385,TRUE,5/24/22 12:55,R_1K24Nwtu4dHNxkd,*******,*******,*******,*******,*******,*******,anonymous,EN,I consent,60008e2ee4d8c913c602e0cd,,,,,,,,,,Yes,Yes,No,No,,,,,It seems like the Type 2 training programs were significantly less efficacious than the Type 1 ,Not particularly,60008e2ee4d8c913c602e0cd,$0.60 ,3 minutes,628cf9bf368a7d6198f3ef11,628d287b76cb52a851133b6c,50,Yes,98,training,proportionality,Type-1 case studies,Type-2 case studies,Type-1 simulations,Type-2 simulations,that both simulations and case studies come in two types: Type-1 and Type 2,each of which come in one of two types: Type-1 and Type-2
5/24/22 12:51,5/24/22 12:55,IP Address,*******,100,234,TRUE,5/24/22 12:55,R_2VPkOAI6iYDbbm6,*******,*******,*******,*******,*******,*******,anonymous,EN,I consent,60fe22beeb612ead4d261590,,,,,,,,,,Yes,No,No,No,,,,,"Training programs that take place on the weekends and use case studies seem to be the most effective method of training new employees so that they become successful. Training that takes place during the work week seems like it would be more strenuous on both employees and employers, since most businesses still have to be open during the week. However, training that uses simulations seems to be fairly effective, as long as the training is during the weekend. ",,60fe22beeb612ead4d261590,$0.60 ,3 minutes,628cf9bf368a7d6198f3ef12,628d2933bdd922b33a9a7bff,80,No,85,training,stability,case studies and takes place on weekends,case studies and does not take place on weekends,simulations and takes place on weekends,simulations and does not take place on weekends,either take place on weekends or do not take place on weekends,and they either take place on weekends or do not take place on weekends
5/24/22 12:52,5/24/22 12:55,IP Address,*******,100,198,TRUE,5/24/22 12:55,R_3dTffDHY4Q2LGnb,*******,*******,*******,*******,*******,*******,anonymous,EN,I consent,61222038c2048b50449284a1,,,,,,,,,,Yes,Yes,No,No,,,,,"I learned that successful programs had at least 50% of participants go on to be successful. To me, it didn't appear significant of the training was on the weekends or not.",,61222038c2048b50449284a1,$0.60 ,3 minutes,628cf9bf368a7d6198f3ef12,628d2969553b009e0159c168,50,Yes,85,training,stability,case studies and takes place on weekends,case studies and does not take place on weekends,simulations and takes place on weekends,simulations and does not take place on weekends,either take place on weekends or do not take place on weekends,and they either take place on weekends or do not take place on weekends
5/24/22 12:52,5/24/22 12:56,IP Address,*******,100,202,TRUE,5/24/22 12:56,R_5sswaaTXA9SSTDz,*******,*******,*******,*******,*******,*******,anonymous,EN,I consent,60feeb09b7d82ce1c4d2abd0,Yes,No,No,No,,,,,Different ingredients react with the body in different ways. Sometimes they require food to help prevent unwanted side effects or even to help the medicine work more completely. ,,,,,,,,,,,60feeb09b7d82ce1c4d2abd0,$0.60 ,3 minutes,628cf9bf368a7d6198f3ef12,628d29853154d13a062eef65,80,No,85,pharma,stability,ingredient Reptol and must be taken with food,ingredient Reptol and must be taken without food,ingredient Psylo and must be taken with food,ingredient Psylo and must be taken without food,either must be taken with food or must be taken without food,"and medicines containing either ingredient must taken with food or without food, depending on the medication"
5/24/22 12:49,5/24/22 12:56,IP Address,*******,100,415,TRUE,5/24/22 12:56,R_s5WfgsUDEvORhFT,*******,*******,*******,*******,*******,*******,anonymous,EN,I consent,5ba004dbba595e00015c75e8,Yes,No,No,No,,,,,I've learned that the most effective active medication and condition combination is Reptol taken with food at 98% experiencing reduction. The same ingredient is slight less effective when not taken with food at 71%. Psylo seems to be the less effective active ingredient as evidenced by the low (1%) reports if efficacy whether take with or without food.,,,,,,,,,,,5ba004dbba595e00015c75e8,$0.60 ,3 minutes,628cf9bf368a7d6198f3ef12,628d28c39a260752d70628b3,80,No,98,pharma,stability,ingredient Reptol and must be taken with food,ingredient Reptol and must be taken without food,ingredient Psylo and must be taken with food,ingredient Psylo and must be taken without food,either must be taken with food or must be taken without food,"and medicines containing either ingredient must taken with food or without food, depending on the medication"
5/24/22 12:55,5/24/22 12:56,IP Address,*******,100,108,TRUE,5/24/22 12:56,R_3IadHVIafFnKyhX,*******,*******,*******,*******,*******,*******,anonymous,EN,I consent,5fa06c88d51d970a4fe2cb34,,,,,,,,,,Yes,Yes,No,No,,,,,Well the efficacy didn't seem very consistent. There was one study for each type that had really high scores and two others with equally low scores. I think it might even out regardless of which one is chosen. ,,5fa06c88d51d970a4fe2cb34,$0.60 ,3 minutes,628cf9bf368a7d6198f3ef12,628d2a020e2e0f71c452b4b9,50,Yes,85,training,proportionality,Type-1 case studies,Type-2 case studies,Type-1 simulations,Type-2 simulations,that both simulations and case studies come in two types: Type-1 and Type 2,each of which come in one of two types: Type-1 and Type-2
5/24/22 12:52,5/24/22 12:56,IP Address,*******,100,255,TRUE,5/24/22 12:56,R_3PcYpz08uJausDb,*******,*******,*******,*******,*******,*******,anonymous,EN,I consent,5e7a2ccd69a7770604dfb352,,,,,,,,,,Yes,No,No,No,,,,,"It seems that only those program that use Type 1 Case Studies meet or exceed the goal that my manager has laid out. Those that utilize simulations fall far below the required threshold, and whether they are Type 1 or Type 2 still have a dismal 1% rate. The Type 2 Case Studies programs are just under the required minimum. It could be fair to say that Case Studies are more successful that Case Simulations.",,5e7a2ccd69a7770604dfb352,$0.60 ,3 minutes,628cf9bf368a7d6198f3ef12,628d296c402a982f1d907c5f,80,No,98,training,proportionality,Type-1 case studies,Type-2 case studies,Type-1 simulations,Type-2 simulations,that both simulations and case studies come in two types: Type-1 and Type 2,each of which come in one of two types: Type-1 and Type-2
5/24/22 12:52,5/24/22 12:57,IP Address,*******,100,263,TRUE,5/24/22 12:57,R_1QhJjuESs1ydIkQ,*******,*******,*******,*******,*******,*******,anonymous,EN,I consent,5def36764194415d17f32c5b,Yes,Yes,No,No,,,,,"Only medications containing Reptol, whether Type-1 or Type-2, were sufficiently effective at treating headaches. Type-1 Reptol was around 20% more effective than Type-2 Reptol. Medications containing either Type-1 and Type-2 Psylo were only 1% effective at treating headaches.",,,,,,,,,,,5def36764194415d17f32c5b,$0.60 ,3 minutes,628cf9bf368a7d6198f3ef12,628d2977386f9583b6c283d5,50,Yes,98,pharma,proportionality,ingredient Type-1 Reptol,ingredient Type-2 Reptol,ingredient Type-1 Psylo,ingredient Type-2 Psylo,that both ingredients come in two types: Type-1 and Type-2,each of which come in one of two types: Type-1 and Type-2
5/24/22 12:55,5/24/22 12:57,IP Address,*******,100,92,TRUE,5/24/22 12:57,R_2SvHJyXsnxDYaKa,*******,*******,*******,*******,*******,*******,anonymous,EN,I consent,5d63f9cd26a2ac001758c70d,,,,,,,,,,Yes,No,No,No,,,,,That there is a high variety of the success rate. It can be completely successful or not at all.,,5d63f9cd26a2ac001758c70d,$0.60 ,3 minutes,628cf9bf368a7d6198f3ef11,628d2a28d82880346df062cc,80,No,98,training,stability,case studies and takes place on weekends,case studies and does not take place on weekends,simulations and takes place on weekends,simulations and does not take place on weekends,either take place on weekends or do not take place on weekends,and they either take place on weekends or do not take place on weekends
5/24/22 12:54,5/24/22 12:58,IP Address,*******,100,249,TRUE,5/24/22 12:58,R_1DHZqA8hVQ4Cgz0,*******,*******,*******,*******,*******,*******,anonymous,EN,I consent,61116fa0d9fd46ba1427122a,Yes,No,No,No,,,,,"It seems to be that Reptol works a lot better at reducing headaches than Psylo. In addition, if you take food with the medicine, as shown in option A, the results are a lot better than without food in option B. ",,,,,,,,,,,61116fa0d9fd46ba1427122a,$0.60 ,3 minutes,628cf9bf368a7d6198f3ef12,628d29c3acdfc1ed4520a4db,80,No,85,pharma,stability,ingredient Reptol and must be taken with food,ingredient Reptol and must be taken without food,ingredient Psylo and must be taken with food,ingredient Psylo and must be taken without food,either must be taken with food or must be taken without food,"and medicines containing either ingredient must taken with food or without food, depending on the medication"
5/24/22 12:52,5/24/22 12:58,IP Address,*******,100,318,TRUE,5/24/22 12:58,R_2tEDcydOJloJRnd,*******,*******,*******,*******,*******,*******,anonymous,EN,I consent,606a3cf263a18869ac8ee0ed,,,,,,,,,,Yes,Yes,No,No,,,,,I am only to recommend to my supervisor the training programs which lead to 50% or more of the employees being successful . training A and B Both had A higher than 50% rate of employees being successful after enduring that training . out of the two choices I would choose training a which led to 98% of the employees being successful . There were two types of training C and D which both had very low percentages for the employees being successful so I would not use either of those two.,no,606a3cf263a18869ac8ee0ed,$0.60 ,3 minutes,628cf9bf368a7d6198f3ef12,628d29768d0965535291581c,50,Yes,98,training,proportionality,Type-1 case studies,Type-2 case studies,Type-1 simulations,Type-2 simulations,that both simulations and case studies come in two types: Type-1 and Type 2,each of which come in one of two types: Type-1 and Type-2
5/24/22 12:54,5/24/22 12:58,IP Address,*******,100,216,TRUE,5/24/22 12:58,R_2Ez89UFkwo8ED9g,*******,*******,*******,*******,*******,*******,anonymous,EN,I consent,60fe134bea0a58a6b9d96ee3,Yes,Yes,No,No,,,,,"the medications with reptol and psylo, which must be taken with food or without food, are not as effective at reducing headaches.",,,,,,,,,,,60fe134bea0a58a6b9d96ee3,$0.60 ,3 minutes,628cf9bf368a7d6198f3ef12,628d29fb4b579dfdd4b1ce3b,50,Yes,98,pharma,stability,ingredient Reptol and must be taken with food,ingredient Reptol and must be taken without food,ingredient Psylo and must be taken with food,ingredient Psylo and must be taken without food,either must be taken with food or must be taken without food,"and medicines containing either ingredient must taken with food or without food, depending on the medication"
5/24/22 12:56,5/24/22 12:59,IP Address,*******,100,147,TRUE,5/24/22 12:59,R_308lvuaaM2mrXt1,*******,*******,*******,*******,*******,*******,anonymous,EN,I consent,5dbf5fe16849043f135aa2c0,,,,,,,,,,Yes,No,No,No,,,,,I learned that some types of training studies are very successful - 80% and over - and that others are very unsuccessful - only 1% of trainees are successful. ,,5dbf5fe16849043f135aa2c0,$0.60 ,3 minutes,628cf9bf368a7d6198f3ef11,628d2a550b463f6fb705649c,80,No,85,training,proportionality,Type-1 case studies,Type-2 case studies,Type-1 simulations,Type-2 simulations,that both simulations and case studies come in two types: Type-1 and Type 2,each of which come in one of two types: Type-1 and Type-2
5/24/22 12:52,5/24/22 12:59,IP Address,*******,100,407,TRUE,5/24/22 12:59,R_3R4vu5hEvGkrsZS,*******,*******,*******,*******,*******,*******,anonymous,EN,I consent,5e3af922a4907231695c413e,Yes,No,No,No,,,,,Some of these medications relieve headaches in different percentages based on experiments. The ones with the higher percentages like 75-80% tend to be more efficient at relieving headaches thus should be offered to customers on shelves. The one at 1% seems unreliable and shouldn't be up for consideration as it would be a waste of time and money for the customer. ,,,,,,,,,,,5e3af922a4907231695c413e,$0.60 ,3 minutes,628cf9bf368a7d6198f3ef12,628d2959bd56af713fc12e55,80,No,85,pharma,stability,ingredient Reptol and must be taken with food,ingredient Reptol and must be taken without food,ingredient Psylo and must be taken with food,ingredient Psylo and must be taken without food,either must be taken with food or must be taken without food,"and medicines containing either ingredient must taken with food or without food, depending on the medication"
5/24/22 12:57,5/24/22 12:59,IP Address,*******,100,118,TRUE,5/24/22 12:59,R_2az97htxdB9usbU,*******,*******,*******,*******,*******,*******,anonymous,EN,I consent,5f129bc4329d461f67269693,,,,,,,,,,Yes,Yes,No,No,,,,,"More people go on to become successful employees when using Type-1. When they use Type-2, they typically do not go on to become successful employees.",,5f129bc4329d461f67269693,$0.60 ,3 minutes,628cf9bf368a7d6198f3ef12,628d2a7d8a40b9a6a00ccc51,50,Yes,98,training,proportionality,Type-1 case studies,Type-2 case studies,Type-1 simulations,Type-2 simulations,that both simulations and case studies come in two types: Type-1 and Type 2,each of which come in one of two types: Type-1 and Type-2
5/24/22 12:56,5/24/22 12:59,IP Address,*******,100,180,TRUE,5/24/22 12:59,R_wTSf9jrLp2pncsN,*******,*******,*******,*******,*******,*******,anonymous,EN,I consent,60eeed7cce4ddb957b239f03,Yes,Yes,No,No,,,,,Reptol seems to have a much higher level of efficacy than Psylo,,,,,,,,,,"no, thank you",60eeed7cce4ddb957b239f03,$0.60 ,3 minutes,628cf9bf368a7d6198f3ef12,628d2a41ac5019875b6a9dd9,50,Yes,98,pharma,stability,ingredient Reptol and must be taken with food,ingredient Reptol and must be taken without food,ingredient Psylo and must be taken with food,ingredient Psylo and must be taken without food,either must be taken with food or must be taken without food,"and medicines containing either ingredient must taken with food or without food, depending on the medication"
5/24/22 12:55,5/24/22 12:59,IP Address,*******,100,240,TRUE,5/24/22 12:59,R_2aDcDNf38P3pbWF,*******,*******,*******,*******,*******,*******,anonymous,EN,I consent,615a084387075364a7462335,Yes,No,No,No,,,,,"It seems that Psylo, whether type 1 or 2, only reduces headache severity in 1% of patients. Type 2 Reptol is more effective at reducing headaches, doing so in 70% of patients. The most effective and the only one meeting the pharmacy stocking threshold is Type 1 Reptol, which is effective in 98% of patients.",,,,,,,,,,,615a084387075364a7462335,$0.60 ,3 minutes,628cf9bf368a7d6198f3ef12,628d2a1bc94247f99f2ef77a,80,No,98,pharma,proportionality,ingredient Type-1 Reptol,ingredient Type-2 Reptol,ingredient Type-1 Psylo,ingredient Type-2 Psylo,that both ingredients come in two types: Type-1 and Type-2,each of which come in one of two types: Type-1 and Type-2
5/24/22 12:55,5/24/22 12:59,IP Address,*******,100,233,TRUE,5/24/22 12:59,R_1hTiL4Nsr1KzURS,*******,*******,*******,*******,*******,*******,anonymous,EN,I consent,62792b036e44afa1c88af1e8,Yes,Yes,No,No,,,,,None are 100% effective so it's important to check efficacy to be at least over 50%.,,,,,,,,,,,62792b036e44afa1c88af1e8,$0.60 ,3 minutes,628cf9bf368a7d6198f3ef12,628d2a33884fd7371aff9d76,50,Yes,85,pharma,proportionality,ingredient Type-1 Reptol,ingredient Type-2 Reptol,ingredient Type-1 Psylo,ingredient Type-2 Psylo,that both ingredients come in two types: Type-1 and Type-2,each of which come in one of two types: Type-1 and Type-2
5/24/22 12:55,5/24/22 13:00,IP Address,*******,100,284,TRUE,5/24/22 13:00,R_1Cfi8lceswC9SN2,*******,*******,*******,*******,*******,*******,anonymous,EN,I consent,611199bbda5407637f219a2d,,,,,,,,,,Yes,No,No,No,,,,,"There was a great difference in the efficacy of different kinds of training programs. The first one, which was Type-1 had 98% of employees become successful as opposed to two programs where only 1% of employees became successful. The most successful method was Case A using Typw-1 case studies. ",,611199bbda5407637f219a2d,$0.60 ,3 minutes,628cf9bf368a7d6198f3ef12,628d2a10fc452edb3f055dfe,80,No,98,training,proportionality,Type-1 case studies,Type-2 case studies,Type-1 simulations,Type-2 simulations,that both simulations and case studies come in two types: Type-1 and Type 2,each of which come in one of two types: Type-1 and Type-2
5/24/22 12:56,5/24/22 13:00,IP Address,*******,100,216,TRUE,5/24/22 13:00,R_1KxR7mvYAt8qewa,*******,*******,*******,*******,*******,*******,anonymous,EN,I consent,610ab5a4cbc548edb197aaf1,,,,,,,,,,Yes,No,No,No,,,,,Type-1 training had an 85% and 70% success rate of employees going on to be excellent employees. Type-2 had terrible results of 1% and 2%. Type-1 training is best for employees.,,610ab5a4cbc548edb197aaf1,$0.60 ,3 minutes,628cf9bf368a7d6198f3ef12,628d2a598fdbd614d2251101,80,No,85,training,proportionality,Type-1 case studies,Type-2 case studies,Type-1 simulations,Type-2 simulations,that both simulations and case studies come in two types: Type-1 and Type 2,each of which come in one of two types: Type-1 and Type-2
5/24/22 12:54,5/24/22 13:00,IP Address,*******,100,319,TRUE,5/24/22 13:00,R_3kH84uUOC40apuK,*******,*******,*******,*******,*******,*******,anonymous,EN,I consent,612136cb9baf34e320a3ce97,Yes,Yes,No,No,,,,,"The Reptol seems to be most effective at reducing symptoms it's treating (headaches) and can be used with or without food.  The Psylo product does not appear to be effective at treating headaches, regardless of whether or not food is taken wit it.",,,,,,,,,,,612136cb9baf34e320a3ce97,$0.60 ,3 minutes,628cf9bf368a7d6198f3ef12,628d29f93248c7bcd174ca83,50,Yes,85,pharma,stability,ingredient Reptol and must be taken with food,ingredient Reptol and must be taken without food,ingredient Psylo and must be taken with food,ingredient Psylo and must be taken without food,either must be taken with food or must be taken without food,"and medicines containing either ingredient must taken with food or without food, depending on the medication"
5/24/22 12:54,5/24/22 13:00,IP Address,*******,100,380,TRUE,5/24/22 13:00,R_1QuPGNpatki12Fa,*******,*******,*******,*******,*******,*******,anonymous,EN,I consent,5c2c62542c45d400014a32e6,Yes,Yes,No,No,,,,,The type-1 versions seem to be much more effective. The type-2 versions don't seem to be effective at all.,,,,,,,,,,,5c2c62542c45d400014a32e6,$0.60 ,3 minutes,628cf9bf368a7d6198f3ef11,628d29d94e0cc2dd6a4c1201,50,Yes,85,pharma,proportionality,ingredient Type-1 Reptol,ingredient Type-2 Reptol,ingredient Type-1 Psylo,ingredient Type-2 Psylo,that both ingredients come in two types: Type-1 and Type-2,each of which come in one of two types: Type-1 and Type-2
5/24/22 12:54,5/24/22 13:01,IP Address,*******,100,411,TRUE,5/24/22 13:01,R_Ry8sASnkDlf0XmN,*******,*******,*******,*******,*******,*******,anonymous,EN,I consent,5fe49a4ad8918ba1615e298d,Yes,Yes,No,No,,,,,Reptol is far more effective in reducing the pain caused by headaches than Psylo. ,,,,,,,,,,,5fe49a4ad8918ba1615e298d,$0.60 ,3 minutes,628cf9bf368a7d6198f3ef12,628d29da1e9abec5a477b829,50,Yes,98,pharma,stability,ingredient Reptol and must be taken with food,ingredient Reptol and must be taken without food,ingredient Psylo and must be taken with food,ingredient Psylo and must be taken without food,either must be taken with food or must be taken without food,"and medicines containing either ingredient must taken with food or without food, depending on the medication"
5/24/22 12:58,5/24/22 13:01,IP Address,*******,100,151,TRUE,5/24/22 13:01,R_cInIxDRt1H0PgmB,*******,*******,*******,*******,*******,*******,anonymous,EN,I consent,5b9980ce6fe80f0001c6add6,Yes,Yes,No,No,,,,,That the ingredient psylo only seems to help headaches in 1% of the people that take it.,,,,,,,,,,,5b9980ce6fe80f0001c6add6,$0.60 ,3 minutes,628cf9bf368a7d6198f3ef12,628d2aec322ff239a6970f89,50,Yes,98,pharma,stability,ingredient Reptol and must be taken with food,ingredient Reptol and must be taken without food,ingredient Psylo and must be taken with food,ingredient Psylo and must be taken without food,either must be taken with food or must be taken without food,"and medicines containing either ingredient must taken with food or without food, depending on the medication"
5/24/22 13:00,5/24/22 13:01,IP Address,*******,100,84,TRUE,5/24/22 13:01,R_1o4EEom1M7wr2Ou,*******,*******,*******,*******,*******,*******,anonymous,EN,I consent,5b8588fdec7fa30001d6103b,Yes,Yes,No,No,,,,,Well seems like reptol seems to work the best psylo is kinda garbo,,,,,,,,,,,5b8588fdec7fa30001d6103b,$0.60 ,3 minutes,628cf9bf368a7d6198f3ef11,628d2b4d69f9d3b1d135686a,50,Yes,98,pharma,proportionality,ingredient Type-1 Reptol,ingredient Type-2 Reptol,ingredient Type-1 Psylo,ingredient Type-2 Psylo,that both ingredients come in two types: Type-1 and Type-2,each of which come in one of two types: Type-1 and Type-2
5/24/22 12:59,5/24/22 13:02,IP Address,*******,100,147,TRUE,5/24/22 13:02,R_3MyAD4SAXEqdYe8,*******,*******,*******,*******,*******,*******,anonymous,EN,I consent,6103049fc6f76dd9afd945a6,,,,,,,,,,Yes,Yes,No,No,,,,,Training programs that are successful are more worth it to implement compared to ones that are not very successful. Programs that take place on weekends may or may not cause employees to be successful.,no,6103049fc6f76dd9afd945a6,$0.60 ,3 minutes,628cf9bf368a7d6198f3ef11,628d29a81ca17d1b70e1d671,50,Yes,85,training,stability,case studies and takes place on weekends,case studies and does not take place on weekends,simulations and takes place on weekends,simulations and does not take place on weekends,either take place on weekends or do not take place on weekends,and they either take place on weekends or do not take place on weekends
5/24/22 12:56,5/24/22 13:02,IP Address,*******,100,351,TRUE,5/24/22 13:02,R_3IXe0O1YVV5RGGI,*******,*******,*******,*******,*******,*******,anonymous,EN,I consent,60fddc61782d31b27035c833,Yes,Yes,No,No,,,,,"Both were ingredients that were either present or absent in the examples of headache medicines I was supposed to choose from to stock or not. The medications were either effective for 70% of users and up, or only 1% of users experienced an improvement of their headache when taking it.",,,,,,,,,,,60fddc61782d31b27035c833,$0.60 ,3 minutes,628cf9bf368a7d6198f3ef12,628d2a5f8faacb30ebf3bb77,50,Yes,98,pharma,stability,ingredient Reptol and must be taken with food,ingredient Reptol and must be taken without food,ingredient Psylo and must be taken with food,ingredient Psylo and must be taken without food,either must be taken with food or must be taken without food,"and medicines containing either ingredient must taken with food or without food, depending on the medication"
5/24/22 12:59,5/24/22 13:02,IP Address,*******,100,211,TRUE,5/24/22 13:02,R_xGFqdPjO5RkRpg5,*******,*******,*******,*******,*******,*******,anonymous,EN,I consent,60fcc8340941136df8103247,,,,,,,,,,Yes,No,No,No,,,,,"Programs that use case studies have higher percentages, with programs that use case studies and occur on the weekend having the highest percentage. Programs that use simulations have significantly lower percentages, with no difference between whether or not the program occurs on the weekends or not.",,60fcc8340941136df8103247,$0.60 ,3 minutes,628cf9bf368a7d6198f3ef12,628d2af5e53f99f31df8c23c,80,No,98,training,stability,case studies and takes place on weekends,case studies and does not take place on weekends,simulations and takes place on weekends,simulations and does not take place on weekends,either take place on weekends or do not take place on weekends,and they either take place on weekends or do not take place on weekends
5/24/22 12:59,5/24/22 13:02,IP Address,*******,100,209,TRUE,5/24/22 13:02,R_2YhAkYwZnI5TzTe,*******,*******,*******,*******,*******,*******,anonymous,EN,I consent,5d93a2e8e248c2001967fb0a,Yes,No,No,No,,,,,"Reptol Type-1 is the most effective in reducing the severity of headaches.  Reptol Type-2 was the second most effective, but did not meet the threshold for stocking.  Psylo Type-1 and Type-2 were not effective at all.",,,,,,,,,,,5d93a2e8e248c2001967fb0a,$0.60 ,3 minutes,628cf9bf368a7d6198f3ef11,628d2b044a801f98f8e231e3,80,No,85,pharma,proportionality,ingredient Type-1 Reptol,ingredient Type-2 Reptol,ingredient Type-1 Psylo,ingredient Type-2 Psylo,that both ingredients come in two types: Type-1 and Type-2,each of which come in one of two types: Type-1 and Type-2
5/24/22 12:57,5/24/22 13:02,IP Address,*******,100,339,TRUE,5/24/22 13:02,R_1ouPUYM7Bxc77Yc,*******,*******,*******,*******,*******,*******,anonymous,EN,I consent,5fee0c90eb52700cd9752702,Yes,No,No,No,,,,,"The Psylo should be banned as fraudulent.
A food sign should accompany the display for Reptol.",,,,,,,,,,,5fee0c90eb52700cd9752702,$0.60 ,3 minutes,628cf9bf368a7d6198f3ef12,628d2a82b5cd38e364d81b56,80,No,85,pharma,stability,ingredient Reptol and must be taken with food,ingredient Reptol and must be taken without food,ingredient Psylo and must be taken with food,ingredient Psylo and must be taken without food,either must be taken with food or must be taken without food,"and medicines containing either ingredient must taken with food or without food, depending on the medication"
5/24/22 12:59,5/24/22 13:03,IP Address,*******,100,204,TRUE,5/24/22 13:03,R_pbmWmXdtP6x43Bf,*******,*******,*******,*******,*******,*******,anonymous,EN,I consent,5a95a63e4eecca0001dd4cfa,Yes,Yes,No,No,Yes,No,No,No,Type-1 Reptol is the ingredient that we should focus on and the other types are not worth using because they are not effective ,,,,,,,,,,,5a95a63e4eecca0001dd4cfa,$0.60 ,3 minutes,628cf9bf368a7d6198f3ef11,628d2b1f0da7f553f690c93a,80,No,98,pharma,proportionality,ingredient Type-1 Reptol,ingredient Type-2 Reptol,ingredient Type-1 Psylo,ingredient Type-2 Psylo,that both ingredients come in two types: Type-1 and Type-2,each of which come in one of two types: Type-1 and Type-2
5/24/22 13:00,5/24/22 13:03,IP Address,*******,100,166,TRUE,5/24/22 13:03,R_OfL1yr0yhRovIf7,*******,*******,*******,*******,*******,*******,anonymous,EN,I consent,5c7cf8b58ca9000001b52f6e,Yes,No,No,No,,,,,"I learned about Reptol, Psylo and how to only stock medicine that has an 80% and high efficacy rate of reducing symptoms in patients.",,,,,,,,,,Thank you,5c7cf8b58ca9000001b52f6e,$0.60 ,3 minutes,628cf9bf368a7d6198f3ef11,628d2b475d1876dc992f83a2,80,No,85,pharma,proportionality,ingredient Type-1 Reptol,ingredient Type-2 Reptol,ingredient Type-1 Psylo,ingredient Type-2 Psylo,that both ingredients come in two types: Type-1 and Type-2,each of which come in one of two types: Type-1 and Type-2
5/24/22 12:59,5/24/22 13:03,IP Address,*******,100,244,TRUE,5/24/22 13:03,R_2zTIInKR9MAVvtT,*******,*******,*******,*******,*******,*******,anonymous,EN,I consent,5f7a0bc4853bd46503a27113,,,,,,,,,,Yes,No,No,No,,,,,"I didn't learn very much about the content of these training programs, but I did learn about how effective they are at predicting reliability and efficiency of trainees. Type 1 was the most reliable of these trainings because of how effective it was at advocating for the placement of reliable trainees.","I didn't love how little information was given to make these decisions, however that might just be the point of this study.",5f7a0bc4853bd46503a27113,$0.60 ,3 minutes,628cf9bf368a7d6198f3ef12,628d2afb342146674dc3e5fd,80,No,85,training,proportionality,Type-1 case studies,Type-2 case studies,Type-1 simulations,Type-2 simulations,that both simulations and case studies come in two types: Type-1 and Type 2,each of which come in one of two types: Type-1 and Type-2
5/24/22 12:59,5/24/22 13:03,IP Address,*******,100,225,TRUE,5/24/22 13:03,R_xyJXbjfAFkpGQI9,*******,*******,*******,*******,*******,*******,anonymous,EN,I consent,5966aae6d9e2860001b26dc7,Yes,No,No,No,,,,,I'm a little confused. I was focusing on the efficacy of the medication overall and didn't realize I needed to also focus on which ingredient was more effective. I don't know how to answer this question without going back to review the previous screen.,,,,,,,,,,"Yes, the survey was frustrating to me because the instructions were not clear. Were we supposed to be making an assessment on the effectiveness of the ingredients? If so, that should have been stated. Also, the debrief didn't make a bit of sense to me and could have been made a lot more clear.",5966aae6d9e2860001b26dc7,$0.60 ,3 minutes,628cf9bf368a7d6198f3ef12,628d2b1a553b009e0159c181,80,No,98,pharma,stability,ingredient Reptol and must be taken with food,ingredient Reptol and must be taken without food,ingredient Psylo and must be taken with food,ingredient Psylo and must be taken without food,either must be taken with food or must be taken without food,"and medicines containing either ingredient must taken with food or without food, depending on the medication"
5/24/22 12:59,5/24/22 13:03,IP Address,*******,100,234,TRUE,5/24/22 13:03,R_YVQUaB3i34QbWTv,*******,*******,*******,*******,*******,*******,anonymous,EN,I consent,60da4f9aa1ced7efeecca18a,Yes,Yes,No,No,,,,,"Reptol is generally effective, and a majority of the patients who took the drug with or without food had improved symptoms. Psylo is ineffective and does not help patients.",,,,,,,,,,,60da4f9aa1ced7efeecca18a,$0.60 ,3 minutes,628cf9bf368a7d6198f3ef12,628d2b23bd56af713fc12e78,50,Yes,98,pharma,stability,ingredient Reptol and must be taken with food,ingredient Reptol and must be taken without food,ingredient Psylo and must be taken with food,ingredient Psylo and must be taken without food,either must be taken with food or must be taken without food,"and medicines containing either ingredient must taken with food or without food, depending on the medication"
5/24/22 12:58,5/24/22 13:03,IP Address,*******,100,310,TRUE,5/24/22 13:04,R_1qUK0hhEd8PTygj,*******,*******,*******,*******,*******,*******,anonymous,EN,I consent,601cbb3526aa517be4a924ce,,,,,,,,,,Yes,Yes,No,No,,,,,"I've learned that the fact of using case studies vs simulations doesn't predict the success rate. What day of the week doesn't predict it either. What predicts success is the percentage rate of completion, specifically 50 percent and above.",no,601cbb3526aa517be4a924ce,$0.60 ,3 minutes,628cf9bf368a7d6198f3ef12,628d2ac9bd56af713fc12e73,50,Yes,98,training,stability,case studies and takes place on weekends,case studies and does not take place on weekends,simulations and takes place on weekends,simulations and does not take place on weekends,either take place on weekends or do not take place on weekends,and they either take place on weekends or do not take place on weekends
5/24/22 13:00,5/24/22 13:04,IP Address,*******,100,191,TRUE,5/24/22 13:04,R_1Cmb05ozVba87kJ,*******,*******,*******,*******,*******,*******,anonymous,EN,I consent,5ee14ed849cc8215cfd8b285,,,,,,,,,,Yes,No,No,No,,,,,Training programs that occur on weekends seem to have a high success rate. I find this surprising. Case studies also seem to be beneficial to these trainings. ,,5ee14ed849cc8215cfd8b285,$0.60 ,3 minutes,628cf9bf368a7d6198f3ef12,628d2b65cb0e1e06ca847d9e,80,No,98,training,stability,case studies and takes place on weekends,case studies and does not take place on weekends,simulations and takes place on weekends,simulations and does not take place on weekends,either take place on weekends or do not take place on weekends,and they either take place on weekends or do not take place on weekends
5/24/22 13:00,5/24/22 13:04,IP Address,*******,100,234,TRUE,5/24/22 13:04,R_3s695caJAbgCY1S,*******,*******,*******,*******,*******,*******,anonymous,EN,I consent,57db16a1a4e40600014e9040,,,,,,,,,,Yes,Yes,No,No,,,,,"Taking place on the weekends doesn't impact the effectiveness, and simulations are important.",,57db16a1a4e40600014e9040,$0.60 ,3 minutes,628cf9bf368a7d6198f3ef12,628d2b3f63a0a96b66a755fd,50,Yes,85,training,stability,case studies and takes place on weekends,case studies and does not take place on weekends,simulations and takes place on weekends,simulations and does not take place on weekends,either take place on weekends or do not take place on weekends,and they either take place on weekends or do not take place on weekends
5/24/22 13:02,5/24/22 13:05,IP Address,*******,100,172,TRUE,5/24/22 13:05,R_1QLakjerq9roole,*******,*******,*******,*******,*******,*******,anonymous,EN,I consent,6273366f084fd44cef93529d,Yes,Yes,No,No,,,,,I learned that Reptol and Psylo help reduce headaches in patients.  I also learned that they must be taken with food.,,,,,,,,,,no,6273366f084fd44cef93529d,$0.60 ,3 minutes,628cf9bf368a7d6198f3ef11,628d2baef36f63bd71744faf,50,Yes,85,pharma,stability,ingredient Reptol and must be taken with food,ingredient Reptol and must be taken without food,ingredient Psylo and must be taken with food,ingredient Psylo and must be taken without food,either must be taken with food or must be taken without food,"and medicines containing either ingredient must taken with food or without food, depending on the medication"
5/24/22 12:59,5/24/22 13:05,IP Address,*******,100,322,TRUE,5/24/22 13:05,R_yqDUxY2iCGd44XT,*******,*******,*******,*******,*******,*******,anonymous,EN,I consent,612134a532f2c6cddb2205fa,,,,,,,,,,Yes,Yes,No,No,,,,,"The Type-1 training program has over 50% chance of becoming successful in the future when looking at data from A and C. The Type-2 program, labeled B and D, both resulted in only a 1% chance of being successful later on in life.",,612134a532f2c6cddb2205fa,$0.60 ,3 minutes,628cf9bf368a7d6198f3ef12,628d2b1d948645a460e04f26,50,Yes,85,training,proportionality,Type-1 case studies,Type-2 case studies,Type-1 simulations,Type-2 simulations,that both simulations and case studies come in two types: Type-1 and Type 2,each of which come in one of two types: Type-1 and Type-2
5/24/22 13:00,5/24/22 13:05,IP Address,*******,100,307,TRUE,5/24/22 13:05,R_3O08ch4JZgQv8jD,*******,*******,*******,*******,*******,*******,anonymous,EN,I consent,5d901b10d7a21a001d635d12,,,,,,,,,,Yes,Yes,No,No,,,,,"The training programs for A and B met the required standards that the management required, since they were both above 50%. Training programs C and D were not as useful since only 1% of employees would succeed after the training.",The instructions were clear.,5d901b10d7a21a001d635d12,$0.60 ,3 minutes,628cf9bf368a7d6198f3ef11,628d2b35b83f65f979ec400f,50,Yes,85,training,proportionality,Type-1 case studies,Type-2 case studies,Type-1 simulations,Type-2 simulations,that both simulations and case studies come in two types: Type-1 and Type 2,each of which come in one of two types: Type-1 and Type-2
5/24/22 12:55,5/24/22 13:05,IP Address,*******,100,588,TRUE,5/24/22 13:05,R_3gRQa8MFpAhJSTh,*******,*******,*******,*******,*******,*******,anonymous,EN,I consent,615efd1df11a7d21f0f12f68,Yes,Yes,No,No,Yes,Yes,No,No,Medications with the active ingredient Reptol turn out to be more effective against headaches.,,,,,,,,,,,615efd1df11a7d21f0f12f68,$0.60 ,3 minutes,628cf9bf368a7d6198f3ef12,628d2a0c0a60ae45d26d8d3d,80,No,98,pharma,stability,ingredient Reptol and must be taken with food,ingredient Reptol and must be taken without food,ingredient Psylo and must be taken with food,ingredient Psylo and must be taken without food,either must be taken with food or must be taken without food,"and medicines containing either ingredient must taken with food or without food, depending on the medication"
5/24/22 13:01,5/24/22 13:05,IP Address,*******,100,206,TRUE,5/24/22 13:05,R_wNpaIdrVWs38BmF,*******,*******,*******,*******,*******,*******,anonymous,EN,I consent,6266bb112b25f2d6a4ebef7e,,,,,,,,,,Yes,No,No,No,,,,,Training type 1 has a higher success rate than training type 2.,,6266bb112b25f2d6a4ebef7e,$0.60 ,3 minutes,628cf9bf368a7d6198f3ef12,628d2b9fbe62beb5ab149bd7,80,No,98,training,proportionality,Type-1 case studies,Type-2 case studies,Type-1 simulations,Type-2 simulations,that both simulations and case studies come in two types: Type-1 and Type 2,each of which come in one of two types: Type-1 and Type-2
5/24/22 12:55,5/24/22 13:05,IP Address,*******,100,615,TRUE,5/24/22 13:05,R_1n0JHBPVg7HDbLh,*******,*******,*******,*******,*******,*******,anonymous,EN,I consent,5cbe7fdb82218d00172aa4f3,,,,,,,,,,Yes,No,No,No,,,,,"Well, there is not a lot to go on as far as what the training entails, other than their type, % of success, and whether they were on the weekend. Besides, the boss wanted at least an 80% success rate on new hires so I went with that. ",all was just fine,5cbe7fdb82218d00172aa4f3,$0.60 ,3 minutes,628cf9bf368a7d6198f3ef12,628d2a0f0da7f553f690c929,80,No,85,training,stability,case studies and takes place on weekends,case studies and does not take place on weekends,simulations and takes place on weekends,simulations and does not take place on weekends,either take place on weekends or do not take place on weekends,and they either take place on weekends or do not take place on weekends
5/24/22 13:03,5/24/22 13:05,IP Address,*******,100,146,TRUE,5/24/22 13:05,R_Tkof3VBYZLYQPpD,*******,*******,*******,*******,*******,*******,anonymous,EN,I consent,6100904f5ea462cf2de87dfe,,,,,,,,,,Yes,Yes,Yes,Yes,Yes,No,No,No,Different kinds of training programs will result in different results.,,6100904f5ea462cf2de87dfe,$0.60 ,3 minutes,628cf9bf368a7d6198f3ef12,628d2bfdce598c174961e581,80,No,85,training,stability,case studies and takes place on weekends,case studies and does not take place on weekends,simulations and takes place on weekends,simulations and does not take place on weekends,either take place on weekends or do not take place on weekends,and they either take place on weekends or do not take place on weekends
5/24/22 13:00,5/24/22 13:06,IP Address,*******,100,311,TRUE,5/24/22 13:06,R_3GvWxxWiopLcjoi,*******,*******,*******,*******,*******,*******,anonymous,EN,I consent,5fa1636a77c875235bd8e1f6,Yes,No,No,No,,,,,"I learned that not all medications are the same. Research is important in understanding which medications are most effective for various conditions. It seems as though Reptol type-1 is the most effective at what it does, whereas Reptol type-2 is less effective, and both types of Psylo are the least effective.",,,,,,,,,,N/A,5fa1636a77c875235bd8e1f6,$0.60 ,3 minutes,628cf9bf368a7d6198f3ef11,628d2b628ae76c83c4707478,80,No,85,pharma,proportionality,ingredient Type-1 Reptol,ingredient Type-2 Reptol,ingredient Type-1 Psylo,ingredient Type-2 Psylo,that both ingredients come in two types: Type-1 and Type-2,each of which come in one of two types: Type-1 and Type-2
5/24/22 12:59,5/24/22 13:06,IP Address,*******,100,423,TRUE,5/24/22 13:06,R_210bz7jdBqY80sg,*******,*******,*******,*******,*******,*******,anonymous,EN,I consent,606479c20b621e3a22d6c0d5,,,,,,,,,,Yes,Yes,No,No,,,,,Well I guess the most clear thing is two of the training options are very ineffective.  With only 1% of the people in the training programs going on to be successful employees...you can honestly permanently eliminate those two options and move on to perfecting the other two courses...with one of those courses already being highly successful.  So - I look at it beyond the simulations and the weekends versus weekdays...this is about the track records of classes...and with two being very ineffective...cut the losses and focus on the other two and combine the best elements of both into one great class/program.,,606479c20b621e3a22d6c0d5,$0.60 ,3 minutes,628cf9bf368a7d6198f3ef11,628d2aef13088f946781432c,50,Yes,98,training,stability,case studies and takes place on weekends,case studies and does not take place on weekends,simulations and takes place on weekends,simulations and does not take place on weekends,either take place on weekends or do not take place on weekends,and they either take place on weekends or do not take place on weekends
5/24/22 13:00,5/24/22 13:06,IP Address,*******,100,368,TRUE,5/24/22 13:06,R_1IuEiNRU4PXpX5K,*******,*******,*******,*******,*******,*******,anonymous,EN,I consent,60e4a68fea6bb239a06fc072,,,,,,,,,,Yes,Yes,No,No,,,,,"Some cause great success and others do not, based on the Type and Training Program",,60e4a68fea6bb239a06fc072,$0.60 ,3 minutes,628cf9bf368a7d6198f3ef12,628d2aebba0963a85f39c0b7,50,Yes,98,training,proportionality,Type-1 case studies,Type-2 case studies,Type-1 simulations,Type-2 simulations,that both simulations and case studies come in two types: Type-1 and Type 2,each of which come in one of two types: Type-1 and Type-2
5/24/22 13:04,5/24/22 13:06,IP Address,*******,100,106,TRUE,5/24/22 13:06,R_1gqAPUfbd4exeiA,*******,*******,*******,*******,*******,*******,anonymous,EN,I consent,5588ee6ffdf99b304dd48297,,,,,,,,,,Yes,Yes,No,No,,,,,"I learned that between the training programs to choose from, that the training efficacy needs to be at 50% percent, and the higher the percentage, the better to choose.",no,5588ee6ffdf99b304dd48297,$0.60 ,3 minutes,628cf9bf368a7d6198f3ef12,628d2c55a9f1bea833a0f658,50,Yes,98,training,proportionality,Type-1 case studies,Type-2 case studies,Type-1 simulations,Type-2 simulations,that both simulations and case studies come in two types: Type-1 and Type 2,each of which come in one of two types: Type-1 and Type-2
5/24/22 13:01,5/24/22 13:06,IP Address,*******,100,312,TRUE,5/24/22 13:06,R_5hjV4qCTAD2z733,*******,*******,*******,*******,*******,*******,anonymous,EN,I consent,5d8d12f6d88e3a00142c9751,,,,,,,,,,Yes,Yes,No,No,,,,,"There are two training programs that have high efficacy: in one of them, 85% of trainees go on to be successful employees; in another, 70% of trainees go on to be successful employees. In the program with the highest efficacy (85%), the training takes place on the weekend. In the program with the second highest efficacy (70%), the training does not take place on the weekend. The other two training programs have the same efficacy (1%); one takes place on the weekend and the other does not.",,5d8d12f6d88e3a00142c9751,$0.60 ,3 minutes,628cf9bf368a7d6198f3ef11,628d2b87cb7193021372f8b5,50,Yes,85,training,stability,case studies and takes place on weekends,case studies and does not take place on weekends,simulations and takes place on weekends,simulations and does not take place on weekends,either take place on weekends or do not take place on weekends,and they either take place on weekends or do not take place on weekends
5/24/22 13:03,5/24/22 13:07,IP Address,*******,100,203,TRUE,5/24/22 13:07,R_3KC7bJ7qieb2rwa,*******,*******,*******,*******,*******,*******,anonymous,EN,I consent,62347468f15bf026b4a41468,Yes,Yes,No,No,,,,,Drugs with Reptol are highly effective at reducing headache pain. Drugs with Psylo do not seem to be effective.,,,,,,,,,,,62347468f15bf026b4a41468,$0.60 ,3 minutes,628cf9bf368a7d6198f3ef12,628d2c0d44f2667429db260a,50,Yes,85,pharma,proportionality,ingredient Type-1 Reptol,ingredient Type-2 Reptol,ingredient Type-1 Psylo,ingredient Type-2 Psylo,that both ingredients come in two types: Type-1 and Type-2,each of which come in one of two types: Type-1 and Type-2
5/24/22 13:03,5/24/22 13:07,IP Address,*******,100,256,TRUE,5/24/22 13:07,R_308G6JpoyTiF6RM,*******,*******,*******,*******,*******,*******,anonymous,EN,I consent,61071ee0d98a6df6efb59716,,,,,,,,,,Yes,Yes,No,No,,,,,Their effiancy varies greatly. Half of them were very effective and half of them were very ineffective. ,,61071ee0d98a6df6efb59716,$0.60 ,3 minutes,628cf9bf368a7d6198f3ef12,628d2bec20dd3409de256b23,50,Yes,98,training,stability,case studies and takes place on weekends,case studies and does not take place on weekends,simulations and takes place on weekends,simulations and does not take place on weekends,either take place on weekends or do not take place on weekends,and they either take place on weekends or do not take place on weekends
5/24/22 13:03,5/24/22 13:07,IP Address,*******,100,255,TRUE,5/24/22 13:07,R_2amebPJK4vFodiT,*******,*******,*******,*******,*******,*******,anonymous,EN,I consent,6103159a48c853995ad5039a,Yes,No,No,No,,,,,"Surprisingly only one medication seemed to have significant results (I forgot which medication is which) the next acceptable medication still was 70% effective which isn't bad, definitely better than the two medications that only worked 1% of the time ",,,,,,,,,,,6103159a48c853995ad5039a,$0.60 ,3 minutes,628cf9bf368a7d6198f3ef12,628d2bfcc3af32eaa26ade57,80,No,85,pharma,proportionality,ingredient Type-1 Reptol,ingredient Type-2 Reptol,ingredient Type-1 Psylo,ingredient Type-2 Psylo,that both ingredients come in two types: Type-1 and Type-2,each of which come in one of two types: Type-1 and Type-2
5/24/22 13:04,5/24/22 13:08,IP Address,*******,100,227,TRUE,5/24/22 13:08,R_3ozPW13yKbCZxPo,*******,*******,*******,*******,*******,*******,anonymous,EN,I consent,5f7a28b8bedcf2112ebd1289,Yes,No,No,No,,,,,It seems that after completing the previous questions on the previous screen that most headache medications do not have a high success rate.,,,,,,,,,,no,5f7a28b8bedcf2112ebd1289,$0.60 ,3 minutes,628cf9bf368a7d6198f3ef12,628d2c2c89300cd246240809,80,No,85,pharma,stability,ingredient Reptol and must be taken with food,ingredient Reptol and must be taken without food,ingredient Psylo and must be taken with food,ingredient Psylo and must be taken without food,either must be taken with food or must be taken without food,"and medicines containing either ingredient must taken with food or without food, depending on the medication"
5/24/22 13:03,5/24/22 13:08,IP Address,*******,100,256,TRUE,5/24/22 13:08,R_u7xYxHaXo56SVgJ,*******,*******,*******,*******,*******,*******,anonymous,EN,I consent,58be162d2e4dc0000164b12c,Yes,No,No,No,,,,,I can only stock medications in which 80% of patients who take them as directed receive a reduction om the severity of pain of headache. ,,,,,,,,,,,58be162d2e4dc0000164b12c,$0.60 ,3 minutes,628cf9bf368a7d6198f3ef12,628d2c1154bf78531f2b7ab8,80,No,98,pharma,stability,ingredient Reptol and must be taken with food,ingredient Reptol and must be taken without food,ingredient Psylo and must be taken with food,ingredient Psylo and must be taken without food,either must be taken with food or must be taken without food,"and medicines containing either ingredient must taken with food or without food, depending on the medication"
5/24/22 13:05,5/24/22 13:08,IP Address,*******,100,200,TRUE,5/24/22 13:08,R_39QrQkO4M77b7tD,*******,*******,*******,*******,*******,*******,anonymous,EN,I consent,5b5d13d25256470001bc5ef2,Yes,Yes,No,No,,,,,"Reptol-1 is the best at treating headaches, but Reptol-2 is good as well. Both types of  Psylo are very ineffective.",,,,,,,,,,,5b5d13d25256470001bc5ef2,$0.60 ,3 minutes,628cf9bf368a7d6198f3ef11,628d2c6942661fa59471145d,50,Yes,85,pharma,proportionality,ingredient Type-1 Reptol,ingredient Type-2 Reptol,ingredient Type-1 Psylo,ingredient Type-2 Psylo,that both ingredients come in two types: Type-1 and Type-2,each of which come in one of two types: Type-1 and Type-2
5/24/22 13:03,5/24/22 13:08,IP Address,*******,100,327,TRUE,5/24/22 13:08,R_2qxcHK05in4B6VK,*******,*******,*******,*******,*******,*******,anonymous,EN,I consent,60fe17a7fbe55f58560251a3,Yes,Yes,No,No,,,,,It seemed like the efficacy rate of Psylo was incredibly low in comparison to Reptol. There seemed not to be a point to stock Psylo if the efficacy rate is less than 20%,,,,,,,,,,,60fe17a7fbe55f58560251a3,$0.60 ,3 minutes,628cf9bf368a7d6198f3ef12,628d2bf1e201449abc13330d,50,Yes,85,pharma,stability,ingredient Reptol and must be taken with food,ingredient Reptol and must be taken without food,ingredient Psylo and must be taken with food,ingredient Psylo and must be taken without food,either must be taken with food or must be taken without food,"and medicines containing either ingredient must taken with food or without food, depending on the medication"
5/24/22 13:04,5/24/22 13:09,IP Address,*******,100,273,TRUE,5/24/22 13:09,R_A7CZ6SzZ6OoUuHv,*******,*******,*******,*******,*******,*******,anonymous,EN,I consent,5d1c364ec2696c0019647629,,,,,,,,,,Yes,Yes,No,No,No,Yes,No,Yes,Well I have learned that only one training program is more successful than the other programs. There are only a few programs that will actually take place on the weekends.,No.,5d1c364ec2696c0019647629,$0.60 ,3 minutes,628cf9bf368a7d6198f3ef11,628d2c3afb2d000f0f3bb8c0,80,No,85,training,stability,case studies and takes place on weekends,case studies and does not take place on weekends,simulations and takes place on weekends,simulations and does not take place on weekends,either take place on weekends or do not take place on weekends,and they either take place on weekends or do not take place on weekends
5/24/22 13:02,5/24/22 13:09,IP Address,*******,100,410,TRUE,5/24/22 13:09,R_1oHl8u0knwS8WlY,*******,*******,*******,*******,*******,*******,anonymous,EN,I consent,60dfd72817ea2f37bba6b24a,Yes,No,No,No,,,,,Patients that took Type-1 Reptol had a much higher success rate than patients that took type 2 or Psylo. The differences were fairly large.,,,,,,,,,,The survey was fine. Thank you.,60dfd72817ea2f37bba6b24a,$0.60 ,3 minutes,628cf9bf368a7d6198f3ef12,628d2b97bc1ce84b8c3316d8,80,No,98,pharma,proportionality,ingredient Type-1 Reptol,ingredient Type-2 Reptol,ingredient Type-1 Psylo,ingredient Type-2 Psylo,that both ingredients come in two types: Type-1 and Type-2,each of which come in one of two types: Type-1 and Type-2
5/24/22 13:04,5/24/22 13:09,IP Address,*******,100,271,TRUE,5/24/22 13:09,R_2dWtydR5IW5XzoD,*******,*******,*******,*******,*******,*******,anonymous,EN,I consent,6234c1abfc04a4163c09a78f,No,No,No,No,Yes,No,No,No,That the Reptol and Psylo helps reduce headaches. And that they come in two types of type-1 and type-2.,,,,,,,,,,,6234c1abfc04a4163c09a78f,$0.60 ,3 minutes,628cf9bf368a7d6198f3ef12,628d2c45b969aee275db6178,80,No,98,pharma,proportionality,ingredient Type-1 Reptol,ingredient Type-2 Reptol,ingredient Type-1 Psylo,ingredient Type-2 Psylo,that both ingredients come in two types: Type-1 and Type-2,each of which come in one of two types: Type-1 and Type-2
5/24/22 13:04,5/24/22 13:09,IP Address,*******,100,306,TRUE,5/24/22 13:09,R_3O6VthH5iiQNlG1,*******,*******,*******,*******,*******,*******,anonymous,EN,I consent,609ac8ca9e4928ec75d40a10,,,,,,,,,,Yes,No,No,No,Yes,Yes,No,No,With study Type-1 and Type-2 case studies result in a 50% plus of new hires to stay within the company.,,609ac8ca9e4928ec75d40a10,$0.60 ,3 minutes,628cf9bf368a7d6198f3ef12,628d2c273bbaadbfd025036e,50,Yes,85,training,proportionality,Type-1 case studies,Type-2 case studies,Type-1 simulations,Type-2 simulations,that both simulations and case studies come in two types: Type-1 and Type 2,each of which come in one of two types: Type-1 and Type-2
5/24/22 13:05,5/24/22 13:09,IP Address,*******,100,232,TRUE,5/24/22 13:09,R_3GCmnHbcLh92aE1,*******,*******,*******,*******,*******,*******,anonymous,EN,I consent,626810ad271afa9ad1c19e33,,,,,,,,,,Yes,Yes,No,No,,,,,"Case studies are much more effective than using simulations during training.  Whether the training falls on the weekend or during the week, doesn't seem to matter.",,626810ad271afa9ad1c19e33,$0.60 ,3 minutes,628cf9bf368a7d6198f3ef12,628d2c8e71f8c371b0e2e46c,50,Yes,98,training,stability,case studies and takes place on weekends,case studies and does not take place on weekends,simulations and takes place on weekends,simulations and does not take place on weekends,either take place on weekends or do not take place on weekends,and they either take place on weekends or do not take place on weekends
5/24/22 13:07,5/24/22 13:10,IP Address,*******,100,129,TRUE,5/24/22 13:10,R_1DDb7qaeWMY9otM,*******,*******,*******,*******,*******,*******,anonymous,EN,I consent,60fecc34039be9319e47ba24,,,,,,,,,,Yes,Yes,No,No,,,,,"If the case study was over the 50% mark, then it means it is successful for getting successful employees. ",,60fecc34039be9319e47ba24,$0.60 ,3 minutes,628cf9bf368a7d6198f3ef12,628d2d04c96d6140bd3060e0,50,Yes,98,training,proportionality,Type-1 case studies,Type-2 case studies,Type-1 simulations,Type-2 simulations,that both simulations and case studies come in two types: Type-1 and Type 2,each of which come in one of two types: Type-1 and Type-2
5/24/22 13:08,5/24/22 13:10,IP Address,*******,100,82,TRUE,5/24/22 13:10,R_2Bh5wkvYamJDZ9R,*******,*******,*******,*******,*******,*******,anonymous,EN,I consent,60fd786a5f880122aa23530c,Yes,Yes,No,No,,,,,type 1 seems to have a higher reduction in headache patients,,,,,,,,,,no,60fd786a5f880122aa23530c,$0.60 ,3 minutes,628cf9bf368a7d6198f3ef12,628d2d3aa413fc47b6c4599c,50,Yes,98,pharma,proportionality,ingredient Type-1 Reptol,ingredient Type-2 Reptol,ingredient Type-1 Psylo,ingredient Type-2 Psylo,that both ingredients come in two types: Type-1 and Type-2,each of which come in one of two types: Type-1 and Type-2
5/24/22 13:07,5/24/22 13:10,IP Address,*******,100,172,TRUE,5/24/22 13:10,R_3FP4znv2ZHaCYBm,*******,*******,*******,*******,*******,*******,anonymous,EN,I consent,6238caf8bbe2f000db32e9fb,Yes,Yes,No,No,,,,,Headache medicine is not 100% and they have different ingredients. It sounds like some are more effective than others based upon their ingredients.,,,,,,,,,,,6238caf8bbe2f000db32e9fb,$0.60 ,3 minutes,628cf9bf368a7d6198f3ef11,628d2ceb5cf6a321d89eebfb,50,Yes,85,pharma,proportionality,ingredient Type-1 Reptol,ingredient Type-2 Reptol,ingredient Type-1 Psylo,ingredient Type-2 Psylo,that both ingredients come in two types: Type-1 and Type-2,each of which come in one of two types: Type-1 and Type-2
5/24/22 13:02,5/24/22 13:10,IP Address,*******,100,486,TRUE,5/24/22 13:10,R_OybJxCsx0X7dicF,*******,*******,*******,*******,*******,*******,anonymous,EN,I consent,610a408f7b9aa8daebbd08f2,,,,,,,,,,Yes,Yes,No,No,,,,,"I have learned that it depends on the program (case studies or trainings), but the success of the training program does not depend on its success based on which days it falls on.",No.,610a408f7b9aa8daebbd08f2,$0.60 ,3 minutes,628cf9bf368a7d6198f3ef12,628d2bc22bd79b871b936e13,50,Yes,98,training,stability,case studies and takes place on weekends,case studies and does not take place on weekends,simulations and takes place on weekends,simulations and does not take place on weekends,either take place on weekends or do not take place on weekends,and they either take place on weekends or do not take place on weekends
5/24/22 13:04,5/24/22 13:10,IP Address,*******,100,368,TRUE,5/24/22 13:10,R_2Y4ZOHFifYb0Nje,*******,*******,*******,*******,*******,*******,anonymous,EN,I consent,5fa4f94e535f3b1aa628e0ab,Yes,No,No,No,,,,,Efficacy can vary wildly. Different ingredients can have different efficacies and can be influenced by how the medication is taken.,,,,,,,,,,no,5fa4f94e535f3b1aa628e0ab,$0.60 ,3 minutes,628cf9bf368a7d6198f3ef11,628d2c479480509c73b4a454,80,No,85,pharma,stability,ingredient Reptol and must be taken with food,ingredient Reptol and must be taken without food,ingredient Psylo and must be taken with food,ingredient Psylo and must be taken without food,either must be taken with food or must be taken without food,"and medicines containing either ingredient must taken with food or without food, depending on the medication"
5/24/22 13:07,5/24/22 13:10,IP Address,*******,100,232,TRUE,5/24/22 13:10,R_3dTciJXJndQ5jIZ,*******,*******,*******,*******,*******,*******,anonymous,EN,I consent,609122350e5b8e743ab41f79,,,,,,,,,,Yes,Yes,No,No,,,,,"I think the training programs that work for more people are a mix of simulation and case studies. Everyone learns differently. Some training methods are more effective than others due to factors such as time spent with the trainees, and material used.",,609122350e5b8e743ab41f79,$0.60 ,3 minutes,628cf9bf368a7d6198f3ef12,628d2cd4459ad65d04a7336f,50,Yes,85,training,proportionality,Type-1 case studies,Type-2 case studies,Type-1 simulations,Type-2 simulations,that both simulations and case studies come in two types: Type-1 and Type 2,each of which come in one of two types: Type-1 and Type-2
5/24/22 13:06,5/24/22 13:11,IP Address,*******,100,259,TRUE,5/24/22 13:11,R_3hykvj4ZNLZxSGs,*******,*******,*******,*******,*******,*******,anonymous,EN,I consent,5da8566c033d5700135798fb,Yes,Yes,No,No,,,,,The active ingredients don't seem to directly impact whether or not it's effective in reducing the severity of headaches. ,,,,,,,,,,,5da8566c033d5700135798fb,$0.60 ,3 minutes,628cf9bf368a7d6198f3ef11,628d2c59a1de0cf02d790103,50,Yes,98,pharma,stability,ingredient Reptol and must be taken with food,ingredient Reptol and must be taken without food,ingredient Psylo and must be taken with food,ingredient Psylo and must be taken without food,either must be taken with food or must be taken without food,"and medicines containing either ingredient must taken with food or without food, depending on the medication"
5/24/22 13:06,5/24/22 13:11,IP Address,*******,100,322,TRUE,5/24/22 13:11,R_WuN6mcI85NRUhzj,*******,*******,*******,*******,*******,*******,anonymous,EN,I consent,60c4e59f7d316239aa92f87d,Yes,No,No,No,,,,,It seems Psylo types 1 and 2 aren't effective at relieving headaches.,,,,,,,,,,no,60c4e59f7d316239aa92f87d,$0.60 ,3 minutes,628cf9bf368a7d6198f3ef12,628d2c87066ad094dceea8b1,80,No,98,pharma,proportionality,ingredient Type-1 Reptol,ingredient Type-2 Reptol,ingredient Type-1 Psylo,ingredient Type-2 Psylo,that both ingredients come in two types: Type-1 and Type-2,each of which come in one of two types: Type-1 and Type-2
5/24/22 13:07,5/24/22 13:11,IP Address,*******,100,279,TRUE,5/24/22 13:11,R_1nSZNDzTPc6rVX7,*******,*******,*******,*******,*******,*******,anonymous,EN,I consent,58064d91f25c440001678a10,,,,,,,,,,Yes,Yes,No,No,,,,,I learned that both types of training programs would give good results. The simulations seemed to give poor results in every use.,,58064d91f25c440001678a10,$0.60 ,3 minutes,628cf9bf368a7d6198f3ef11,628d2cdeb7d65772add5080e,50,Yes,85,training,proportionality,Type-1 case studies,Type-2 case studies,Type-1 simulations,Type-2 simulations,that both simulations and case studies come in two types: Type-1 and Type 2,each of which come in one of two types: Type-1 and Type-2
5/24/22 13:07,5/24/22 13:11,IP Address,*******,100,262,TRUE,5/24/22 13:11,R_3g1Uc8YjeYldddD,*******,*******,*******,*******,*******,*******,anonymous,EN,I consent,60e792f25e9ab875f9605cf5,,,,,,,,,,Yes,No,No,No,,,,,Case studies are the best training.   Unfortunately only type 1 case studies produce rates higher than the 80% requirement. Type 2 is lower than type 1 in the case study training and they are both bad in the simulations. ,,60e792f25e9ab875f9605cf5,$0.60 ,3 minutes,628cf9bf368a7d6198f3ef12,628d2cc9a6e1f8925da3fc59,80,No,98,training,proportionality,Type-1 case studies,Type-2 case studies,Type-1 simulations,Type-2 simulations,that both simulations and case studies come in two types: Type-1 and Type 2,each of which come in one of two types: Type-1 and Type-2
5/24/22 13:09,5/24/22 13:12,IP Address,*******,100,182,TRUE,5/24/22 13:12,R_1dvt963VAVyY7BC,*******,*******,*******,*******,*******,*******,anonymous,EN,I consent,6055000cb1a64adf976d8653,Yes,Yes,No,No,,,,,These active ingredients are effective in reducing headaches. They probably require the correct amount and mixture of other ingredients to be most effective.,,,,,,,,,,,6055000cb1a64adf976d8653,$0.60 ,3 minutes,628cf9bf368a7d6198f3ef12,628d2d6668a3d5ee99bba904,50,Yes,98,pharma,proportionality,ingredient Type-1 Reptol,ingredient Type-2 Reptol,ingredient Type-1 Psylo,ingredient Type-2 Psylo,that both ingredients come in two types: Type-1 and Type-2,each of which come in one of two types: Type-1 and Type-2
5/24/22 13:07,5/24/22 13:13,IP Address,*******,100,355,TRUE,5/24/22 13:13,R_6WGSa9I6qSATnIR,*******,*******,*******,*******,*******,*******,anonymous,EN,I consent,60414290c0fe110c5aae7e22,,,,,,,,,,No,Yes,No,No,Yes,No,No,No,Unsure of how the variables affect the outcome in this study,"I wanted to select the answer for not conducting training on weekends, despite the answer being against the instructions. I was unable to proceed without ""correctly"" answering the question. In a real world situation, if I was given those instructions, I would still select the training program not on weekends even if my boss was disastisfied with the  efficacy. Meaning I would deliberately avoid following instructions in order to benefit the employees.",60414290c0fe110c5aae7e22,$0.60 ,3 minutes,628cf9bf368a7d6198f3ef11,628d2ce9170273538247640d,80,No,98,training,stability,case studies and takes place on weekends,case studies and does not take place on weekends,simulations and takes place on weekends,simulations and does not take place on weekends,either take place on weekends or do not take place on weekends,and they either take place on weekends or do not take place on weekends
5/24/22 13:10,5/24/22 13:13,IP Address,*******,100,175,TRUE,5/24/22 13:13,R_1eqvObz9DPNNHpy,*******,*******,*******,*******,*******,*******,anonymous,EN,I consent,5dd32014b51b3e33ec0d07cc,Yes,No,No,No,,,,,"I din't learn anything, I just followed the instructions given to me",,,,,,,,,,No,5dd32014b51b3e33ec0d07cc,$0.60 ,3 minutes,628cf9bf368a7d6198f3ef11,628d2db4b08b068b45a6b0b5,80,No,98,pharma,stability,ingredient Reptol and must be taken with food,ingredient Reptol and must be taken without food,ingredient Psylo and must be taken with food,ingredient Psylo and must be taken without food,either must be taken with food or must be taken without food,"and medicines containing either ingredient must taken with food or without food, depending on the medication"
5/24/22 13:09,5/24/22 13:13,IP Address,*******,100,267,TRUE,5/24/22 13:13,R_sb4F8r8fASUozLj,*******,*******,*******,*******,*******,*******,anonymous,EN,I consent,5d4c92d7c6a3d60001173022,,,,,,,,,,Yes,Yes,No,No,,,,,The programs that were effective were the ones that used case studies. Programs that used simulations were ineffective. Whether or not the program took place on a weekend was irrelevant to the program's effectiveness.,,5d4c92d7c6a3d60001173022,$0.60 ,3 minutes,628cf9bf368a7d6198f3ef12,628d2d5f3712357fd9d5f1de,50,Yes,85,training,stability,case studies and takes place on weekends,case studies and does not take place on weekends,simulations and takes place on weekends,simulations and does not take place on weekends,either take place on weekends or do not take place on weekends,and they either take place on weekends or do not take place on weekends
5/24/22 13:11,5/24/22 13:14,IP Address,*******,100,155,TRUE,5/24/22 13:14,R_vigxmzbcqPChaGR,*******,*******,*******,*******,*******,*******,anonymous,EN,I consent,5dab320180cabf00168279d7,Yes,Yes,No,No,,,,,"Reptol works, but more efficiently with food. Psylo does not work.",,,,,,,,,,no,5dab320180cabf00168279d7,$0.60 ,3 minutes,628cf9bf368a7d6198f3ef11,628d2de5e6fe5451e3adb9c6,50,Yes,85,pharma,stability,ingredient Reptol and must be taken with food,ingredient Reptol and must be taken without food,ingredient Psylo and must be taken with food,ingredient Psylo and must be taken without food,either must be taken with food or must be taken without food,"and medicines containing either ingredient must taken with food or without food, depending on the medication"
5/24/22 13:01,5/24/22 13:14,IP Address,*******,100,775,TRUE,5/24/22 13:14,R_1gLtRHpoeQgpRC4,*******,*******,*******,*******,*******,*******,anonymous,EN,I consent,5d321a7348bf98001646aeb2,Yes,No,No,No,,,,,That. one works better than the other when it comes to controlling the pain with the headaches.,,,,,,,,,,,5d321a7348bf98001646aeb2,$0.60 ,3 minutes,628cf9bf368a7d6198f3ef12,628d2b7a91fcd1cae460cf12,80,No,98,pharma,proportionality,ingredient Type-1 Reptol,ingredient Type-2 Reptol,ingredient Type-1 Psylo,ingredient Type-2 Psylo,that both ingredients come in two types: Type-1 and Type-2,each of which come in one of two types: Type-1 and Type-2
5/24/22 13:09,5/24/22 13:14,IP Address,*******,100,343,TRUE,5/24/22 13:14,R_3fBQj2kTZCLj1Ni,*******,*******,*******,*******,*******,*******,anonymous,EN,I consent,5ecbdb9194a726075eb697c2,,,,,,,,,,Yes,No,No,No,,,,,There are two kinds of training programs. Ones that take place on weekends or do not. They use simulations and case studies. My supervisor is looking for 80% or more new hires.,This study was pretty confusing. The wording was confusing.,5ecbdb9194a726075eb697c2,$0.60 ,3 minutes,628cf9bf368a7d6198f3ef11,628d2d4ab5164c71f5cd7b59,80,No,85,training,stability,case studies and takes place on weekends,case studies and does not take place on weekends,simulations and takes place on weekends,simulations and does not take place on weekends,either take place on weekends or do not take place on weekends,and they either take place on weekends or do not take place on weekends
5/24/22 13:05,5/24/22 13:14,IP Address,*******,100,547,TRUE,5/24/22 13:14,R_3Q4iTAZ8caREMsF,*******,*******,*******,*******,*******,*******,anonymous,EN,I consent,6124d122d91be3f612508804,,,,,,,,,,Yes,No,No,No,,,,,I learned that training programs should be strict and straight to the point.,"It was a nice study, good luck with your research!",6124d122d91be3f612508804,$0.60 ,3 minutes,628cf9bf368a7d6198f3ef12,628d2c7cca0d135d1f1f6eab,80,No,85,training,stability,case studies and takes place on weekends,case studies and does not take place on weekends,simulations and takes place on weekends,simulations and does not take place on weekends,either take place on weekends or do not take place on weekends,and they either take place on weekends or do not take place on weekends
5/24/22 13:06,5/24/22 13:14,IP Address,*******,100,502,TRUE,5/24/22 13:14,R_1EhbUwywZkGP11W,*******,*******,*******,*******,*******,*******,anonymous,EN,I consent,5fadd628cd4e9e1c42dab969,Yes,No,No,No,,,,,"The active ingredient Reptol is much better at reducing headache symptoms, especially Medication A which was taken with food. Medication B which was taken without food was still 70% effective with Reptol as the active ingredient. Medications C and D which each had Psylo as the active ingredient were only 1% effective. It didn't seem to matter if it was taken with food as Medication C was or without as D was since they were both similarly ineffective. Reptol is the much better choice for alleviating headaches.",,,,,,,,,,,5fadd628cd4e9e1c42dab969,$0.60 ,3 minutes,628cf9bf368a7d6198f3ef12,628d2cb5c974d9e55a98ff89,80,No,98,pharma,stability,ingredient Reptol and must be taken with food,ingredient Reptol and must be taken without food,ingredient Psylo and must be taken with food,ingredient Psylo and must be taken without food,either must be taken with food or must be taken without food,"and medicines containing either ingredient must taken with food or without food, depending on the medication"
5/24/22 13:12,5/24/22 13:15,IP Address,*******,100,178,TRUE,5/24/22 13:15,R_25ZwRlaV62qMJ9T,*******,*******,*******,*******,*******,*******,anonymous,EN,I consent,605a943f4994cf6834e4e8c6,,,,,,,,,,Yes,Yes,No,No,,,,,It seems that the  Type-1 training method is far more effective at churning out successful employees. Type-2 seems to have a very low success rate and I didn't pick it per my superiors orders. ,No I understood it. ,605a943f4994cf6834e4e8c6,$0.60 ,3 minutes,628cf9bf368a7d6198f3ef11,628d2e2777519b50318f29d9,50,Yes,98,training,proportionality,Type-1 case studies,Type-2 case studies,Type-1 simulations,Type-2 simulations,that both simulations and case studies come in two types: Type-1 and Type 2,each of which come in one of two types: Type-1 and Type-2
5/24/22 13:11,5/24/22 13:16,IP Address,*******,100,253,TRUE,5/24/22 13:16,R_2S03MYD4kRG4W7Z,*******,*******,*******,*******,*******,*******,anonymous,EN,I consent,5fb97228ff45687f38da7813,Yes,Yes,No,No,Yes,No,No,No,"I have learned that Active ingredient Type-1 Reptol has over 70% reduction in headaches, which is pretty good, even if it misses the cut off of 80%.",,,,,,,,,,It was fine,5fb97228ff45687f38da7813,$0.60 ,3 minutes,628cf9bf368a7d6198f3ef11,628d2de7720d4f17debe36c6,80,No,98,pharma,proportionality,ingredient Type-1 Reptol,ingredient Type-2 Reptol,ingredient Type-1 Psylo,ingredient Type-2 Psylo,that both ingredients come in two types: Type-1 and Type-2,each of which come in one of two types: Type-1 and Type-2
5/24/22 13:06,5/24/22 13:16,IP Address,*******,100,590,TRUE,5/24/22 13:16,R_2xRIHKmE7qtR227,*******,*******,*******,*******,*******,*******,anonymous,EN,I consent,5d295e07d3edf9001a801625,Yes,No,No,No,,,,,"Reptol is very effective in reducing headache severity for a lot of people and must be taken with food.  Psylo must be taken without food and is not very effective at all.  Reptol helped up to 85% of those who used it, while Psylo helped very few, only 1% of those who used it.",,,,,,,,,,,5d295e07d3edf9001a801625,$0.60 ,3 minutes,628cf9bf368a7d6198f3ef12,628d2c503c750956fbaafc1d,80,No,85,pharma,stability,ingredient Reptol and must be taken with food,ingredient Reptol and must be taken without food,ingredient Psylo and must be taken with food,ingredient Psylo and must be taken without food,either must be taken with food or must be taken without food,"and medicines containing either ingredient must taken with food or without food, depending on the medication"
5/24/22 13:02,5/24/22 13:17,IP Address,*******,100,869,TRUE,5/24/22 13:17,R_0VvGystpExLFN73,*******,*******,*******,*******,*******,*******,anonymous,EN,I consent,626976d0dfd20d6832fc92aa,,,,,,,,,,Yes,No,No,No,,,,,"Type-1 case studies were the only method that reached an 80% success rate, making it the only acceptable method for training new employees, according to management. Type-2 case studies were slightly less than 80%, making it an unacceptable method. Simulations, both Type-1 and Type-2, only had a 1% success rate, making it unacceptable and almost completely useless.",N/A,626976d0dfd20d6832fc92aa,$0.60 ,3 minutes,628cf9bf368a7d6198f3ef11,628d2bca1d6f1e735897eb86,80,No,98,training,proportionality,Type-1 case studies,Type-2 case studies,Type-1 simulations,Type-2 simulations,that both simulations and case studies come in two types: Type-1 and Type 2,each of which come in one of two types: Type-1 and Type-2
5/24/22 13:14,5/24/22 13:17,IP Address,*******,100,151,TRUE,5/24/22 13:17,R_2dnblV0Eft9B2yJ,*******,*******,*******,*******,*******,*******,anonymous,EN,I consent,5b3b934edd6af000014d3152,Yes,Yes,No,No,,,,,"Reptol has very high efficacy with food, and only slightly lower efficacy without food.  This is in stark contrast to Psylo, which has almost no efficacy in either situation, bordering on completely useless in a general purpose setting.",,,,,,,,,,,5b3b934edd6af000014d3152,$0.60 ,3 minutes,628cf9bf368a7d6198f3ef11,628d2ea4c3af32eaa26ade81,50,Yes,98,pharma,stability,ingredient Reptol and must be taken with food,ingredient Reptol and must be taken without food,ingredient Psylo and must be taken with food,ingredient Psylo and must be taken without food,either must be taken with food or must be taken without food,"and medicines containing either ingredient must taken with food or without food, depending on the medication"
5/24/22 13:11,5/24/22 13:17,IP Address,*******,100,364,TRUE,5/24/22 13:17,R_2chmeezjy3jlbLq,*******,*******,*******,*******,*******,*******,anonymous,EN,I consent,5d8998025e8a740001d6e2f1,,,,,,,,,,Yes,No,No,No,,,,,It seems that training that uses case studies and takes place on the weekends has a good success rate.,,5d8998025e8a740001d6e2f1,$0.60 ,3 minutes,628cf9bf368a7d6198f3ef11,628d2ddd603f94fb052b734b,80,No,85,training,stability,case studies and takes place on weekends,case studies and does not take place on weekends,simulations and takes place on weekends,simulations and does not take place on weekends,either take place on weekends or do not take place on weekends,and they either take place on weekends or do not take place on weekends
5/24/22 13:14,5/24/22 13:17,IP Address,*******,100,200,TRUE,5/24/22 13:17,R_3Mgtr2DUjuPbgux,*******,*******,*******,*******,*******,*******,anonymous,EN,I consent,588bfe305b97190001a4617c,,,,,,,,,,Yes,No,No,No,,,,,"I'm still at a lost what Type-1 and Type-2 is, but simply followed the directions of having a success threshold of 80% for the programs.",,588bfe305b97190001a4617c,$0.60 ,3 minutes,628cf9bf368a7d6198f3ef11,628d2e82978da7b31790a4a3,80,No,85,training,proportionality,Type-1 case studies,Type-2 case studies,Type-1 simulations,Type-2 simulations,that both simulations and case studies come in two types: Type-1 and Type 2,each of which come in one of two types: Type-1 and Type-2
5/24/22 13:15,5/24/22 13:18,IP Address,*******,100,181,TRUE,5/24/22 13:18,R_307eJD7TCmO3zmj,*******,*******,*******,*******,*******,*******,anonymous,EN,I consent,601c696f0370f35c7883cf99,Yes,Yes,No,No,Yes,Yes,No,No,"Reptol has been found to have a higher percentage in patients for reducing headaches, while Psylo has been found to have only a 1% reduction in headaches for patients. For Reptol, type 1 has been found to be more effective than type 2, but for Psylo the type did not make any difference.",,,,,,,,,,,601c696f0370f35c7883cf99,$0.60 ,3 minutes,628cf9bf368a7d6198f3ef11,628d2ec323553e1134991944,80,No,85,pharma,proportionality,ingredient Type-1 Reptol,ingredient Type-2 Reptol,ingredient Type-1 Psylo,ingredient Type-2 Psylo,that both ingredients come in two types: Type-1 and Type-2,each of which come in one of two types: Type-1 and Type-2
5/24/22 13:15,5/24/22 13:18,IP Address,*******,100,202,TRUE,5/24/22 13:18,R_1dtobjjs2ygsgqC,*******,*******,*******,*******,*******,*******,anonymous,EN,I consent,6108295fdd0270d7544b5a8a,,,,,,,,,,Yes,No,No,No,,,,,"Case studies appear far more effective than simulation-based programs. There may also be a slightly higher efficacy of weekend trainings than non-weekend trainings, but it there is not enough data to say for sure.",,6108295fdd0270d7544b5a8a,$0.60 ,3 minutes,628cf9bf368a7d6198f3ef12,628d2ecba0b46aec63f23f6d,80,No,98,training,stability,case studies and takes place on weekends,case studies and does not take place on weekends,simulations and takes place on weekends,simulations and does not take place on weekends,either take place on weekends or do not take place on weekends,and they either take place on weekends or do not take place on weekends
5/24/22 13:17,5/24/22 13:21,IP Address,*******,100,199,TRUE,5/24/22 13:21,R_3eff2lbAUXzhqSc,*******,*******,*******,*******,*******,*******,anonymous,EN,I consent,6100ce5caed0c666773f2982,Yes,Yes,No,No,,,,,Medicines A and B had the most effectiveness and thus should be stocked while C and D had the lowest effectiveness scores ,,,,,,,,,,,6100ce5caed0c666773f2982,$0.60 ,3 minutes,628cf9bf368a7d6198f3ef11,628d2f53b74a704a2e270932,50,Yes,85,pharma,stability,ingredient Reptol and must be taken with food,ingredient Reptol and must be taken without food,ingredient Psylo and must be taken with food,ingredient Psylo and must be taken without food,either must be taken with food or must be taken without food,"and medicines containing either ingredient must taken with food or without food, depending on the medication"
5/24/22 13:18,5/24/22 13:21,IP Address,*******,100,182,TRUE,5/24/22 13:21,R_2SJHjh8o7OX7ErG,*******,*******,*******,*******,*******,*******,anonymous,EN,I consent,62728f0c68b9ecf571a2dbd4,,,,,,,,,,Yes,No,No,No,,,,,From the examples given weekend studies were less successful along with simulation training,,62728f0c68b9ecf571a2dbd4,$0.60 ,3 minutes,628cf9bf368a7d6198f3ef11,628d2f6e87cdc2e47d84bc49,80,No,98,training,stability,case studies and takes place on weekends,case studies and does not take place on weekends,simulations and takes place on weekends,simulations and does not take place on weekends,either take place on weekends or do not take place on weekends,and they either take place on weekends or do not take place on weekends
5/24/22 13:18,5/24/22 13:22,IP Address,*******,100,226,TRUE,5/24/22 13:22,R_3Ge1EALPyPOo36D,*******,*******,*******,*******,*******,*******,anonymous,EN,I consent,603ecd847a63f50124aa5822,Yes,No,No,No,Yes,No,No,No,I've learned that a lot of the medicines aren't really even effective ,,,,,,,,,,,603ecd847a63f50124aa5822,$0.60 ,3 minutes,628cf9bf368a7d6198f3ef11,628d2f75b59e18a8defd2195,50,Yes,85,pharma,stability,ingredient Reptol and must be taken with food,ingredient Reptol and must be taken without food,ingredient Psylo and must be taken with food,ingredient Psylo and must be taken without food,either must be taken with food or must be taken without food,"and medicines containing either ingredient must taken with food or without food, depending on the medication"
5/24/22 13:13,5/24/22 13:24,IP Address,*******,100,623,TRUE,5/24/22 13:24,R_2uBUSftHKbbqwWn,*******,*******,*******,*******,*******,*******,anonymous,EN,I consent,62348a6d578faf950d112cd3,,,,,,,,,,Yes,Yes,No,No,,,,,"Case studies do vastly better than case simulations, and type 1 case studies seem to do noticeably better than type 2 case studies. Case simulations seem to perform poorly regardless of the type.",Nothing.,62348a6d578faf950d112cd3,$0.60 ,3 minutes,628cf9bf368a7d6198f3ef11,628d2dfec3af32eaa26ade76,50,Yes,98,training,proportionality,Type-1 case studies,Type-2 case studies,Type-1 simulations,Type-2 simulations,that both simulations and case studies come in two types: Type-1 and Type 2,each of which come in one of two types: Type-1 and Type-2
5/24/22 13:22,5/24/22 13:24,IP Address,*******,100,141,TRUE,5/24/22 13:24,R_RnvVuyR6CiSWmCB,*******,*******,*******,*******,*******,*******,anonymous,EN,I consent,5a9416ba6475f900019fa690,,,,,,,,,,Yes,Yes,No,No,,,,,One program had an efficacy of 70 and 85 respectively while the other was only 1 percent. I can't remember which one was which or whether it took place on weekends or not,,5a9416ba6475f900019fa690,$0.60 ,3 minutes,628cf9bf368a7d6198f3ef11,628d306e44a14cd1cc674b68,50,Yes,85,training,stability,case studies and takes place on weekends,case studies and does not take place on weekends,simulations and takes place on weekends,simulations and does not take place on weekends,either take place on weekends or do not take place on weekends,and they either take place on weekends or do not take place on weekends
5/24/22 13:22,5/24/22 13:25,IP Address,*******,100,159,TRUE,5/24/22 13:25,R_sCluftqlXZrN3Md,*******,*******,*******,*******,*******,*******,anonymous,EN,I consent,61fa92835719bc09cb834a61,Yes,No,No,No,,,,,"I do not recall the details regarding Reptol and Psylo, nor the variations related to Type. I am unsure whether Reptol or Psylo is more efficacious. I do not know whether Type-1 or Type-2 Reptol is more effective. I do not know whether Type-1 or Type-2 Psylo is more effective.",,,,,,,,,,,61fa92835719bc09cb834a61,$0.60 ,3 minutes,628cf9bf368a7d6198f3ef11,628d306ec4d170bf5a0ac61b,80,No,98,pharma,proportionality,ingredient Type-1 Reptol,ingredient Type-2 Reptol,ingredient Type-1 Psylo,ingredient Type-2 Psylo,that both ingredients come in two types: Type-1 and Type-2,each of which come in one of two types: Type-1 and Type-2
5/24/22 13:22,5/24/22 13:25,IP Address,*******,100,166,TRUE,5/24/22 13:25,R_24pegiHDS1HyyHZ,*******,*******,*******,*******,*******,*******,anonymous,EN,I consent,60721a45b75cb8f4b00abd05,Yes,No,No,No,,,,,It seems like only the product with Type 1 Reptol in it were worth stocking on the shelves. Nothing else came close to treating 80%.,,,,,,,,,,,60721a45b75cb8f4b00abd05,$0.60 ,3 minutes,628cf9bf368a7d6198f3ef11,628d307d0be531f56b507f85,80,No,85,pharma,proportionality,ingredient Type-1 Reptol,ingredient Type-2 Reptol,ingredient Type-1 Psylo,ingredient Type-2 Psylo,that both ingredients come in two types: Type-1 and Type-2,each of which come in one of two types: Type-1 and Type-2
5/24/22 13:24,5/24/22 13:26,IP Address,*******,100,139,TRUE,5/24/22 13:26,R_2zwiSHqXv8doOFJ,*******,*******,*******,*******,*******,*******,anonymous,EN,I consent,581d38509b5b8800014d507e,Yes,Yes,No,No,,,,,"i have learned very little, as i was limited to the samples that all contained the active ingredients, and even then only 4. i suppose we can surmise Reptol seems to show some efficacy",,,,,,,,,,,581d38509b5b8800014d507e,$0.60 ,3 minutes,628cf9bf368a7d6198f3ef11,628d30ed593d183f14ccf645,50,Yes,98,pharma,stability,ingredient Reptol and must be taken with food,ingredient Reptol and must be taken without food,ingredient Psylo and must be taken with food,ingredient Psylo and must be taken without food,either must be taken with food or must be taken without food,"and medicines containing either ingredient must taken with food or without food, depending on the medication"
5/24/22 13:23,5/24/22 13:28,IP Address,*******,100,303,TRUE,5/24/22 13:28,R_dj0wepbZSx80O5z,*******,*******,*******,*******,*******,*******,anonymous,EN,I consent,5f8f389c0700d11741b7e476,,,,,,,,,,Yes,Yes,No,No,,,,,They have better success if they aren't on the weekends.,,5f8f389c0700d11741b7e476,$0.60 ,3 minutes,628cf9bf368a7d6198f3ef11,628d30b46bbc071d09b78e68,50,Yes,85,training,stability,case studies and takes place on weekends,case studies and does not take place on weekends,simulations and takes place on weekends,simulations and does not take place on weekends,either take place on weekends or do not take place on weekends,and they either take place on weekends or do not take place on weekends
5/24/22 13:26,5/24/22 13:28,IP Address,*******,100,172,TRUE,5/24/22 13:28,R_1dE4eKIMNR3pVj0,*******,*******,*******,*******,*******,*******,anonymous,EN,I consent,610a81561cb8c17ebce209b3,,,,,,,,,,Yes,Yes,No,No,,,,,The case trainings that take place on the weekends are far more effective than the simulations. ,,610a81561cb8c17ebce209b3,$0.60 ,3 minutes,628cf9bf368a7d6198f3ef11,628d31491d6161e4db31e95f,50,Yes,85,training,stability,case studies and takes place on weekends,case studies and does not take place on weekends,simulations and takes place on weekends,simulations and does not take place on weekends,either take place on weekends or do not take place on weekends,and they either take place on weekends or do not take place on weekends
5/24/22 13:26,5/24/22 13:29,IP Address,*******,100,159,TRUE,5/24/22 13:29,R_5tJLBAHrkFSuvSx,*******,*******,*******,*******,*******,*******,anonymous,EN,I consent,5b9fa85b4bca610001d791f3,Yes,Yes,No,No,,,,,"That at least on the groups that were tested/used the headache medications, Reptol and Psylo were more effective for the majority of users.",,,,,,,,,,,5b9fa85b4bca610001d791f3,$0.60 ,3 minutes,628cf9bf368a7d6198f3ef11,628d313e9b260f4cb8445771,50,Yes,98,pharma,proportionality,ingredient Type-1 Reptol,ingredient Type-2 Reptol,ingredient Type-1 Psylo,ingredient Type-2 Psylo,that both ingredients come in two types: Type-1 and Type-2,each of which come in one of two types: Type-1 and Type-2
5/24/22 13:24,5/24/22 13:30,IP Address,*******,100,344,TRUE,5/24/22 13:30,R_2tMqN4nWCLXkhjW,*******,*******,*******,*******,*******,*******,anonymous,EN,I consent,614e0f70c4f1690a32f4b1a4,Yes,No,No,No,,,,,"The active ingredient Psylo is not effective in either the type 1 or type 2 version. The active ingredient Reptile is very effective in it's type 1 version, but less so in the type two version.",,,,,,,,,,,614e0f70c4f1690a32f4b1a4,$0.60 ,3 minutes,628cf9bf368a7d6198f3ef11,628d30ebd81f403920c7dcf2,80,No,98,pharma,proportionality,ingredient Type-1 Reptol,ingredient Type-2 Reptol,ingredient Type-1 Psylo,ingredient Type-2 Psylo,that both ingredients come in two types: Type-1 and Type-2,each of which come in one of two types: Type-1 and Type-2
5/24/22 13:15,5/24/22 13:30,IP Address,*******,100,885,TRUE,5/24/22 13:30,R_6JrXMiskPLyp50R,*******,*******,*******,*******,*******,*******,anonymous,EN,I consent,57210674951c9b0011d3eaaa,Yes,No,No,No,,,,,It's in customers best to provide a medicine at least proven 85% effective rate of reducing headaches.,,,,,,,,,,,57210674951c9b0011d3eaaa,$0.60 ,3 minutes,628cf9bf368a7d6198f3ef11,628d2ed17f55120b8a6f23fa,80,No,85,pharma,proportionality,ingredient Type-1 Reptol,ingredient Type-2 Reptol,ingredient Type-1 Psylo,ingredient Type-2 Psylo,that both ingredients come in two types: Type-1 and Type-2,each of which come in one of two types: Type-1 and Type-2
5/24/22 13:19,5/24/22 13:30,IP Address,*******,100,681,TRUE,5/24/22 13:30,R_2cqizl5Q4JZzFdU,*******,*******,*******,*******,*******,*******,anonymous,EN,I consent,611b1d3794ac948af7e57e7a,,,,,,,,,,Yes,Yes,No,No,,,,,"Depending on programs, the students who attended them can be more successful after having learned in different ways. ",,611b1d3794ac948af7e57e7a,$0.60 ,3 minutes,628cf9bf368a7d6198f3ef11,628d2f5deb426fe0375007d9,50,Yes,98,training,proportionality,Type-1 case studies,Type-2 case studies,Type-1 simulations,Type-2 simulations,that both simulations and case studies come in two types: Type-1 and Type 2,each of which come in one of two types: Type-1 and Type-2
5/24/22 13:28,5/24/22 13:31,IP Address,*******,100,190,TRUE,5/24/22 13:31,R_3qP8c74bDOWiVB7,*******,*******,*******,*******,*******,*******,anonymous,EN,I consent,5a4f6c4b5f741700018a79a8,,,,,,,,,,Yes,No,No,No,,,,,The differences between the training programs is that they vary in the efficacy rate or rAte of success wildly from 1% to 85%,,5a4f6c4b5f741700018a79a8,$0.60 ,3 minutes,628cf9bf368a7d6198f3ef11,628d31cacc7dc23558da1ca8,80,No,85,training,proportionality,Type-1 case studies,Type-2 case studies,Type-1 simulations,Type-2 simulations,that both simulations and case studies come in two types: Type-1 and Type 2,each of which come in one of two types: Type-1 and Type-2
5/24/22 13:22,5/24/22 13:31,IP Address,*******,100,572,TRUE,5/24/22 13:31,R_2VroiFKY55Yy6oA,*******,*******,*******,*******,*******,*******,anonymous,EN,I consent,5d548912e1c7130018e019dc,,,,,,,,,,Yes,Yes,No,No,,,,,It doesnt matter so much about when the training takes place but more so the method of training. It is very apparent that case study based training leads to much more successful and competent employees,,5d548912e1c7130018e019dc,$0.60 ,3 minutes,628cf9bf368a7d6198f3ef11,628d306c3a0358f834d30638,50,Yes,98,training,stability,case studies and takes place on weekends,case studies and does not take place on weekends,simulations and takes place on weekends,simulations and does not take place on weekends,either take place on weekends or do not take place on weekends,and they either take place on weekends or do not take place on weekends
5/24/22 13:26,5/24/22 13:32,IP Address,*******,100,365,TRUE,5/24/22 13:32,R_3fJdJqb8pzIftYf,*******,*******,*******,*******,*******,*******,anonymous,EN,I consent,5588b04ffdf99b7a91e75ddb,,,,,,,,,,Yes,No,No,No,,,,,"It seems that programs that use case studies have the highest degree of success and lead new hires to be successful going forward in their careers. This also seems to be the case for either Type 1 or Type 2, case studies where the data clearly shows case type 2 had a 70% success rate which doesn't meet the 80% threshold but still shows a HUGE success rate compared to the simulations where both programs came in at a mere 1%",everything was clear! no issues!,5588b04ffdf99b7a91e75ddb,$0.60 ,3 minutes,628cf9bf368a7d6198f3ef11,628d3146d7005d22d1f4cf79,80,No,85,training,proportionality,Type-1 case studies,Type-2 case studies,Type-1 simulations,Type-2 simulations,that both simulations and case studies come in two types: Type-1 and Type 2,each of which come in one of two types: Type-1 and Type-2
5/24/22 13:30,5/24/22 13:32,IP Address,*******,100,119,TRUE,5/24/22 13:32,R_2ylNNlZTE35aLEa,*******,*******,*******,*******,*******,*******,anonymous,EN,I consent,5e9f3f09ccc75a0c345e4845,,,,,,,,,,Yes,Yes,No,No,,,,,Either type of program can be successful or unsuccessful.,,5e9f3f09ccc75a0c345e4845,$0.60 ,3 minutes,628cf9bf368a7d6198f3ef12,628d32411d6161e4db31e969,50,Yes,98,training,proportionality,Type-1 case studies,Type-2 case studies,Type-1 simulations,Type-2 simulations,that both simulations and case studies come in two types: Type-1 and Type 2,each of which come in one of two types: Type-1 and Type-2
5/24/22 13:28,5/24/22 13:32,IP Address,*******,100,251,TRUE,5/24/22 13:32,R_3kdItOWObdT52Oa,*******,*******,*******,*******,*******,*******,anonymous,EN,I consent,5831f08ebfb3b400015a6ad4,Yes,Yes,No,No,Yes,Yes,No,No,Go with the one that has 80 percent to be effective.,,,,,,,,,,,5831f08ebfb3b400015a6ad4,$0.60 ,3 minutes,628cf9bf368a7d6198f3ef11,628d31daa0b3a2ff36233a5d,80,No,98,pharma,stability,ingredient Reptol and must be taken with food,ingredient Reptol and must be taken without food,ingredient Psylo and must be taken with food,ingredient Psylo and must be taken without food,either must be taken with food or must be taken without food,"and medicines containing either ingredient must taken with food or without food, depending on the medication"
5/24/22 13:30,5/24/22 13:32,IP Address,*******,100,168,TRUE,5/24/22 13:32,R_1M6EYt9Ajda15XS,*******,*******,*******,*******,*******,*******,anonymous,EN,I consent,5e82a76d09f66f9cd3aeb0e7,Yes,No,No,No,,,,,I learned different ingredients has different efficacies at different levels. I also learned some need to be taken with food and others don't. ,,,,,,,,,,,5e82a76d09f66f9cd3aeb0e7,$0.60 ,3 minutes,628cf9bf368a7d6198f3ef11,628d323613d8afe2d6228e1c,80,No,85,pharma,stability,ingredient Reptol and must be taken with food,ingredient Reptol and must be taken without food,ingredient Psylo and must be taken with food,ingredient Psylo and must be taken without food,either must be taken with food or must be taken without food,"and medicines containing either ingredient must taken with food or without food, depending on the medication"
5/24/22 13:30,5/24/22 13:33,IP Address,*******,100,128,TRUE,5/24/22 13:33,R_1ds67O9YtmEsaSG,*******,*******,*******,*******,*******,*******,anonymous,EN,I consent,6038743a95e000257b4fefdd,Yes,Yes,No,No,,,,,Reptol seemed to be the most effective. Taking Psylo without food was almost worthless.,,,,,,,,,,,6038743a95e000257b4fefdd,$0.60 ,3 minutes,628cf9bf368a7d6198f3ef11,628d3267e09dcb58ea291e25,50,Yes,85,pharma,stability,ingredient Reptol and must be taken with food,ingredient Reptol and must be taken without food,ingredient Psylo and must be taken with food,ingredient Psylo and must be taken without food,either must be taken with food or must be taken without food,"and medicines containing either ingredient must taken with food or without food, depending on the medication"
5/24/22 13:30,5/24/22 13:33,IP Address,*******,100,170,TRUE,5/24/22 13:33,R_21sMYC9equAMF1I,*******,*******,*******,*******,*******,*******,anonymous,EN,I consent,5f2f0027956a3f2cfe9bd04c,,,,,,,,,,Yes,No,No,No,,,,,type-1 is better since a higher % became successful employees ,,5f2f0027956a3f2cfe9bd04c,$0.60 ,3 minutes,628cf9bf368a7d6198f3ef11,628d32015cd572d314c85eb3,80,No,98,training,proportionality,Type-1 case studies,Type-2 case studies,Type-1 simulations,Type-2 simulations,that both simulations and case studies come in two types: Type-1 and Type 2,each of which come in one of two types: Type-1 and Type-2
5/24/22 13:30,5/24/22 13:33,IP Address,*******,100,188,TRUE,5/24/22 13:33,R_2PhaD0dLf9J4qLK,*******,*******,*******,*******,*******,*******,anonymous,EN,I consent,60c10acc73ff7d406c3d940d,,,,,,,,,,Yes,No,No,No,,,,,When Type 1 works then it works really well. Multiple training programs programs are only successful for one percent of workers.,I have no idea what the proper answer was.,60c10acc73ff7d406c3d940d,$0.60 ,3 minutes,628cf9bf368a7d6198f3ef11,628d325f4dce5de11563fbdd,80,No,98,training,proportionality,Type-1 case studies,Type-2 case studies,Type-1 simulations,Type-2 simulations,that both simulations and case studies come in two types: Type-1 and Type 2,each of which come in one of two types: Type-1 and Type-2
5/24/22 13:32,5/24/22 13:34,IP Address,*******,100,108,TRUE,5/24/22 13:34,R_2rOP7I4MyYs0R1D,*******,*******,*******,*******,*******,*******,anonymous,EN,I consent,60712d937752fb8780e89951,Yes,No,No,No,,,,,"I learned the some are more effective than others, and you should stock the most effective ones",,,,,,,,,,Nope,60712d937752fb8780e89951,$0.60 ,3 minutes,628cf9bf368a7d6198f3ef11,628d32c5fddefb0e84136241,80,No,85,pharma,stability,ingredient Reptol and must be taken with food,ingredient Reptol and must be taken without food,ingredient Psylo and must be taken with food,ingredient Psylo and must be taken without food,either must be taken with food or must be taken without food,"and medicines containing either ingredient must taken with food or without food, depending on the medication"
5/24/22 13:28,5/24/22 13:34,IP Address,*******,100,384,TRUE,5/24/22 13:34,R_1Nb6YkBbYWJfWxN,*******,*******,*******,*******,*******,*******,anonymous,EN,I consent,583f12f545073d0001fac52d,,,,,,,,,,Yes,Yes,Yes,Yes,Yes,Yes,No,No,"The trainings that used Type 1 simulations and case studies resulted in a high percentage of employees becoming successful.

Therefore, there is a positive impact in all of this.",No problems,583f12f545073d0001fac52d,$0.60 ,3 minutes,628cf9bf368a7d6198f3ef11,628d31d0f5d46df2b76a95e1,50,Yes,85,training,proportionality,Type-1 case studies,Type-2 case studies,Type-1 simulations,Type-2 simulations,that both simulations and case studies come in two types: Type-1 and Type 2,each of which come in one of two types: Type-1 and Type-2
5/24/22 13:33,5/24/22 13:35,IP Address,*******,100,146,TRUE,5/24/22 13:35,R_1jj2THTnP7w3t5o,*******,*******,*******,*******,*******,*******,anonymous,EN,I consent,5f99e87c962bbc0cf6dc92d2,,,,,,,,,,Yes,Yes,No,No,,,,,There seemed to be no difference in efficacy between type 1 and 2 training. The specific training itself seems to be the factor that impacts the rate of success. ,,5f99e87c962bbc0cf6dc92d2,$0.60 ,3 minutes,628cf9bf368a7d6198f3ef11,628d32fe3a0358f834d30658,50,Yes,98,training,proportionality,Type-1 case studies,Type-2 case studies,Type-1 simulations,Type-2 simulations,that both simulations and case studies come in two types: Type-1 and Type 2,each of which come in one of two types: Type-1 and Type-2
5/24/22 13:33,5/24/22 13:36,IP Address,*******,100,204,TRUE,5/24/22 13:36,R_3MEW7pkTVERDewp,*******,*******,*******,*******,*******,*******,anonymous,EN,I consent,5eae37af3ac6885048af8db3,Yes,No,Yes,Yes,No,No,Yes,Yes,"It seems that reptol is a bit more efficient in reducing headaches, but needs to be taken with food. The other meds seem to be less effective.",,,,,,,,,,,5eae37af3ac6885048af8db3,$0.60 ,3 minutes,628cf9bf368a7d6198f3ef11,628d32ef6b77d1377f2a7ced,50,Yes,85,pharma,stability,ingredient Reptol and must be taken with food,ingredient Reptol and must be taken without food,ingredient Psylo and must be taken with food,ingredient Psylo and must be taken without food,either must be taken with food or must be taken without food,"and medicines containing either ingredient must taken with food or without food, depending on the medication"
5/24/22 13:34,5/24/22 13:36,IP Address,*******,100,156,TRUE,5/24/22 13:36,R_3KOynn2A8xgXGM4,*******,*******,*******,*******,*******,*******,anonymous,EN,I consent,6149527a450140c071bd5c2e,Yes,No,No,No,,,,,"Certain ingredients have greater efficacy in headache treatment than others. Some active ingredients have virtually no effect, while others are highly effective and therefore merit being stocked on shelves.",,,,,,,,,,,6149527a450140c071bd5c2e,$0.60 ,3 minutes,628cf9bf368a7d6198f3ef11,628d3323f838ffb71551aa76,80,No,85,pharma,proportionality,ingredient Type-1 Reptol,ingredient Type-2 Reptol,ingredient Type-1 Psylo,ingredient Type-2 Psylo,that both ingredients come in two types: Type-1 and Type-2,each of which come in one of two types: Type-1 and Type-2
5/24/22 13:34,5/24/22 13:36,IP Address,*******,100,116,TRUE,5/24/22 13:36,R_6xH2D0iN9amPhF7,*******,*******,*******,*******,*******,*******,anonymous,EN,I consent,5f2d53adba96c505ddce8cca,,,,,,,,,,Yes,No,No,No,,,,,I'd feel that simulations during the week would be most job appropriate,,5f2d53adba96c505ddce8cca,$0.60 ,3 minutes,628cf9bf368a7d6198f3ef11,628d335d6b77d1377f2a7cf5,80,No,98,training,stability,case studies and takes place on weekends,case studies and does not take place on weekends,simulations and takes place on weekends,simulations and does not take place on weekends,either take place on weekends or do not take place on weekends,and they either take place on weekends or do not take place on weekends
5/24/22 13:35,5/24/22 13:37,IP Address,*******,100,112,TRUE,5/24/22 13:37,R_3O2PqeklD0t1YLb,*******,*******,*******,*******,*******,*******,anonymous,EN,I consent,596e1af7a09655000197d4bb,,,,,,,,,,Yes,Yes,No,No,,,,,"Type-1 and Type-2 training have similar results, but Type-1 was 15% more effective in training and retaining resources.",nope,596e1af7a09655000197d4bb,$0.60 ,3 minutes,628cf9bf368a7d6198f3ef11,628d33686be320dbdfa174ef,50,Yes,85,training,proportionality,Type-1 case studies,Type-2 case studies,Type-1 simulations,Type-2 simulations,that both simulations and case studies come in two types: Type-1 and Type 2,each of which come in one of two types: Type-1 and Type-2
5/24/22 13:35,5/24/22 13:40,IP Address,*******,100,276,TRUE,5/24/22 13:40,R_2qfwQ5B9T871W7X,*******,*******,*******,*******,*******,*******,anonymous,EN,I consent,5e10d288a2c6967a2c655aad,Yes,No,No,No,,,,,"Reptol and Psylo are two active ingredients in various headache medications. Depending on the specific medication they are used in, they must be taken either with or without food. Their efficacy also varies quite a bit depending on the medication, thus I would assume that by themselves it is not always certain whether they are effective.",,,,,,,,,,,5e10d288a2c6967a2c655aad,$0.60 ,3 minutes,628cf9bf368a7d6198f3ef11,628d3379e557d2f6ee8366d1,80,No,98,pharma,stability,ingredient Reptol and must be taken with food,ingredient Reptol and must be taken without food,ingredient Psylo and must be taken with food,ingredient Psylo and must be taken without food,either must be taken with food or must be taken without food,"and medicines containing either ingredient must taken with food or without food, depending on the medication"
5/24/22 13:37,5/24/22 13:40,IP Address,*******,100,175,TRUE,5/24/22 13:40,R_2uvThunLFYLCmPT,*******,*******,*******,*******,*******,*******,anonymous,EN,I consent,5f4f12010c816616c12ab29d,,,,,,,,,,Yes,No,No,No,,,,,"There is a very large variance in success based on what training an employee underwent. It is to be expected that there will be variance, but this range from 1% to 85% is staggering. Ultimately, only one training program hit the 80% threshold my manager required and that had an 85% success rate. ",,5f4f12010c816616c12ab29d,$0.60 ,3 minutes,628cf9bf368a7d6198f3ef11,628d33ea98805749d6220851,80,No,85,training,proportionality,Type-1 case studies,Type-2 case studies,Type-1 simulations,Type-2 simulations,that both simulations and case studies come in two types: Type-1 and Type 2,each of which come in one of two types: Type-1 and Type-2
5/24/22 13:38,5/24/22 13:41,IP Address,*******,100,213,TRUE,5/24/22 13:41,R_1ISqIGV82ocCAny,*******,*******,*******,*******,*******,*******,anonymous,EN,I consent,6045e5cdb5547f7347302e2b,Yes,Yes,No,No,,,,,I didn't really learn anything. I just looked at the number and judged if it was over the 50% threshold. I was not expecting to have to investigate what active ingredients may be effective and which ingredients may not be effective.,,,,,,,,,,"Yes, I did not realize I was expected to examine the information and try to determine which ingredients are effective and which aren't. Sorry if I missed that instruction. I thought the task was to simply mark if I should stock a product or not.",6045e5cdb5547f7347302e2b,$0.60 ,3 minutes,628cf9bf368a7d6198f3ef11,628d341fc271bb2c59d36186,50,Yes,98,pharma,proportionality,ingredient Type-1 Reptol,ingredient Type-2 Reptol,ingredient Type-1 Psylo,ingredient Type-2 Psylo,that both ingredients come in two types: Type-1 and Type-2,each of which come in one of two types: Type-1 and Type-2
5/24/22 13:39,5/24/22 13:42,IP Address,*******,100,173,TRUE,5/24/22 13:42,R_30qkWN3f10lodzR,*******,*******,*******,*******,*******,*******,anonymous,EN,I consent,60d4ae17ee61ee2f8ad2bcc3,Yes,Yes,No,No,,,,,"Reptol was much more effective at reducing headaches in trials, whether it was taken with food or without food. Psylo was not effective at all at reducing headaches.",,,,,,,,,,,60d4ae17ee61ee2f8ad2bcc3,$0.60 ,3 minutes,628cf9bf368a7d6198f3ef11,628d3465845deb1f1abe855f,50,Yes,85,pharma,stability,ingredient Reptol and must be taken with food,ingredient Reptol and must be taken without food,ingredient Psylo and must be taken with food,ingredient Psylo and must be taken without food,either must be taken with food or must be taken without food,"and medicines containing either ingredient must taken with food or without food, depending on the medication"
5/24/22 13:35,5/24/22 13:42,IP Address,*******,100,454,TRUE,5/24/22 13:42,R_UiGqrDGSMUBXpUl,*******,*******,*******,*******,*******,*******,anonymous,EN,I consent,5f37f046d1a0bd2af1cb0ce6,Yes,Yes,No,No,,,,,In studies it has been shown that headache medications made with Reptol show a decrease in patients pain after taking as directed.  Medications made with Reptol may require being taken either with food or on a empty stomach.  On the other end of the spectrum headache medications made with Psylo has not shown in studies to decrease a patients pain after taking as directed.  In conclusion only medications made with Reptol should be stocked.,,,,,,,,,,"Nothing confusing, best of luck with this study! :)",5f37f046d1a0bd2af1cb0ce6,$0.60 ,3 minutes,628cf9bf368a7d6198f3ef11,628d335afe3b5015012bfe95,50,Yes,98,pharma,stability,ingredient Reptol and must be taken with food,ingredient Reptol and must be taken without food,ingredient Psylo and must be taken with food,ingredient Psylo and must be taken without food,either must be taken with food or must be taken without food,"and medicines containing either ingredient must taken with food or without food, depending on the medication"
5/24/22 13:38,5/24/22 13:43,IP Address,*******,100,316,TRUE,5/24/22 13:43,R_3plE6lmDUdhtc2R,*******,*******,*******,*******,*******,*******,anonymous,EN,I consent,6062902e483d246ae9b25071,,,,,,,,,,Yes,No,No,No,,,,,"One of the training programs was 85% effective.  The goal was to have at least 80% of the trainees be successful.  And, the effective program took place on weekends.",,6062902e483d246ae9b25071,$0.60 ,3 minutes,628cf9bf368a7d6198f3ef11,628d34182c1606336bfdb009,80,No,85,training,stability,case studies and takes place on weekends,case studies and does not take place on weekends,simulations and takes place on weekends,simulations and does not take place on weekends,either take place on weekends or do not take place on weekends,and they either take place on weekends or do not take place on weekends
5/24/22 13:41,5/24/22 13:44,IP Address,*******,100,207,TRUE,5/24/22 13:44,R_2Wv7oD4SNE4bTp8,*******,*******,*******,*******,*******,*******,anonymous,EN,I consent,60fc855e03afaabca212e804,,,,,,,,,,Yes,No,No,No,,,,,The best are case study based taking place on weekends. This was show to have an 85% of going on to be successful employees.,"No, very clear thank you",60fc855e03afaabca212e804,$0.60 ,3 minutes,628cf9bf368a7d6198f3ef11,628d34d374d2c00d4f173513,80,No,85,training,stability,case studies and takes place on weekends,case studies and does not take place on weekends,simulations and takes place on weekends,simulations and does not take place on weekends,either take place on weekends or do not take place on weekends,and they either take place on weekends or do not take place on weekends
5/24/22 13:43,5/24/22 13:47,IP Address,*******,100,253,TRUE,5/24/22 13:47,R_1LTOvRbEnqYMRJJ,*******,*******,*******,*******,*******,*******,anonymous,EN,I consent,5c7afb18de6f7900150c33d2,Yes,No,Yes,No,Yes,No,No,No,some patients experienced a reduction. Others didn't.,,,,,,,,,,,5c7afb18de6f7900150c33d2,$0.60 ,3 minutes,628cf9bf368a7d6198f3ef11,628d35374da71273d7189e69,80,No,98,pharma,proportionality,ingredient Type-1 Reptol,ingredient Type-2 Reptol,ingredient Type-1 Psylo,ingredient Type-2 Psylo,that both ingredients come in two types: Type-1 and Type-2,each of which come in one of two types: Type-1 and Type-2
5/24/22 13:46,5/24/22 13:49,IP Address,*******,100,140,TRUE,5/24/22 13:49,R_PSetCAwHkShtwxr,*******,*******,*******,*******,*******,*******,anonymous,EN,I consent,5dea494eb3adb21655dfadf4,,,,,,,,,,Yes,No,No,No,,,,,The efficacy between the two training program varies.,no,5dea494eb3adb21655dfadf4,$0.60 ,3 minutes,628cf9bf368a7d6198f3ef11,628d362657b1861679d26756,80,No,98,training,proportionality,Type-1 case studies,Type-2 case studies,Type-1 simulations,Type-2 simulations,that both simulations and case studies come in two types: Type-1 and Type 2,each of which come in one of two types: Type-1 and Type-2
5/24/22 13:45,5/24/22 13:49,IP Address,*******,100,246,TRUE,5/24/22 13:49,R_31X9mT8X0YiXlFc,*******,*******,*******,*******,*******,*******,anonymous,EN,I consent,5c3b70640eaa0100018ea877,Yes,No,No,No,,,,,"Only Reptol (both variations) provide statistically significant results.  However, Reptol-2 falls 10% short of the 80% rate needed for stocking.

Both versions of Psylo are fully ineffective.",,,,,,,,,,"no, all was fine",5c3b70640eaa0100018ea877,$0.60 ,3 minutes,628cf9bf368a7d6198f3ef11,628d35e2eaf936d6a4a3a9bc,80,No,98,pharma,proportionality,ingredient Type-1 Reptol,ingredient Type-2 Reptol,ingredient Type-1 Psylo,ingredient Type-2 Psylo,that both ingredients come in two types: Type-1 and Type-2,each of which come in one of two types: Type-1 and Type-2
5/24/22 13:48,5/24/22 13:50,IP Address,*******,100,118,TRUE,5/24/22 13:50,R_6R1W1dP48uuB4el,*******,*******,*******,*******,*******,*******,anonymous,EN,I consent,60d3740f31606cb50e49f00c,Yes,No,No,No,,,,,Medications taken with food that contain Reptol seem to be the most effective at eliminating headaches,,,,,,,,,,Nothing confusing,60d3740f31606cb50e49f00c,$0.60 ,3 minutes,628cf9bf368a7d6198f3ef11,628d36970571b9c571964cc2,80,No,98,pharma,stability,ingredient Reptol and must be taken with food,ingredient Reptol and must be taken without food,ingredient Psylo and must be taken with food,ingredient Psylo and must be taken without food,either must be taken with food or must be taken without food,"and medicines containing either ingredient must taken with food or without food, depending on the medication"
5/24/22 13:44,5/24/22 13:50,IP Address,*******,100,397,TRUE,5/24/22 13:50,R_39RKnrWO02bjRjX,*******,*******,*******,*******,*******,*******,anonymous,EN,I consent,5ebc6d34046b2a0bc9f2b3b8,Yes,Yes,No,No,,,,,Reptol seems more effective at reducing headaches. Psylo seems relatively less effective. ,,,,,,,,,,nothing noted,5ebc6d34046b2a0bc9f2b3b8,$0.60 ,3 minutes,628cf9bf368a7d6198f3ef11,628d358436c971d1d92061e1,50,Yes,85,pharma,stability,ingredient Reptol and must be taken with food,ingredient Reptol and must be taken without food,ingredient Psylo and must be taken with food,ingredient Psylo and must be taken without food,either must be taken with food or must be taken without food,"and medicines containing either ingredient must taken with food or without food, depending on the medication"
5/24/22 13:42,5/24/22 13:50,IP Address,*******,100,480,TRUE,5/24/22 13:50,R_3F4BYjwvzGH3k3l,*******,*******,*******,*******,*******,*******,anonymous,EN,I consent,60bf6f216d211a615bd1ff81,,,,,,,,,,Yes,Yes,Yes,Yes,Yes,No,Yes,Yes,they offer good quality service for you to learn about ,,60bf6f216d211a615bd1ff81,$0.60 ,3 minutes,628cf9bf368a7d6198f3ef11,628d33a6a46cdaff1b3dc675,50,Yes,85,training,stability,case studies and takes place on weekends,case studies and does not take place on weekends,simulations and takes place on weekends,simulations and does not take place on weekends,either take place on weekends or do not take place on weekends,and they either take place on weekends or do not take place on weekends
5/24/22 13:49,5/24/22 13:51,IP Address,*******,100,141,TRUE,5/24/22 13:51,R_O1DZuapdNF8UfZv,*******,*******,*******,*******,*******,*******,anonymous,EN,I consent,6237de9b86943b2c0aa752aa,Yes,No,No,No,,,,,Some must be taken with food and some with no food,,,,,,,,,,"Seemed like the data could be presented in a different way. More clear. thanks
",6237de9b86943b2c0aa752aa,$0.60 ,3 minutes,628cf9bf368a7d6198f3ef11,628d36c471f9b468deeb1abf,80,No,98,pharma,stability,ingredient Reptol and must be taken with food,ingredient Reptol and must be taken without food,ingredient Psylo and must be taken with food,ingredient Psylo and must be taken without food,either must be taken with food or must be taken without food,"and medicines containing either ingredient must taken with food or without food, depending on the medication"
5/24/22 13:49,5/24/22 13:52,IP Address,*******,100,151,TRUE,5/24/22 13:52,R_2Pv61hNyf57R39h,*******,*******,*******,*******,*******,*******,anonymous,EN,I consent,59add1735e7f4800010ef002,,,,,,,,,,Yes,No,No,No,,,,,It seems that only the first and second training programs are successful regardless of the training type.  It would then only make sense to provide training A of Type-1 which has the higher employee success rate.,,59add1735e7f4800010ef002,$0.60 ,3 minutes,628cf9bf368a7d6198f3ef11,628d36d8d553edd04b8584e5,80,No,85,training,proportionality,Type-1 case studies,Type-2 case studies,Type-1 simulations,Type-2 simulations,that both simulations and case studies come in two types: Type-1 and Type 2,each of which come in one of two types: Type-1 and Type-2
5/24/22 13:50,5/24/22 13:52,IP Address,*******,100,122,TRUE,5/24/22 13:52,R_3iwnqfLfBxszEaF,*******,*******,*******,*******,*******,*******,anonymous,EN,I consent,5a947fb0f05361000171b5a3,Yes,Yes,No,No,,,,,Type-2 of both active ingredients (Reptol and Psylo) appear to be much less efficient than their Type-1 counterparts.,,,,,,,,,,,5a947fb0f05361000171b5a3,$0.60 ,3 minutes,628cf9bf368a7d6198f3ef11,628d36fb1e7807bc13e217bb,50,Yes,85,pharma,proportionality,ingredient Type-1 Reptol,ingredient Type-2 Reptol,ingredient Type-1 Psylo,ingredient Type-2 Psylo,that both ingredients come in two types: Type-1 and Type-2,each of which come in one of two types: Type-1 and Type-2
5/24/22 13:47,5/24/22 13:53,IP Address,*******,100,316,TRUE,5/24/22 13:53,R_aWQ97IiHd3oX95v,*******,*******,*******,*******,*******,*******,anonymous,EN,I consent,5c38f43bb594c40001212d39,,,,,,,,,,Yes,Yes,No,No,,,,,If did not matter if it was Type 1 or Type 2. Both types has high success and low success. So the type is not the determining factor. The ability of the individuals seem to be more important.,,5c38f43bb594c40001212d39,$0.60 ,3 minutes,628cf9bf368a7d6198f3ef11,628d3658a4d21fc7b996dc5c,50,Yes,85,training,proportionality,Type-1 case studies,Type-2 case studies,Type-1 simulations,Type-2 simulations,that both simulations and case studies come in two types: Type-1 and Type 2,each of which come in one of two types: Type-1 and Type-2
5/24/22 13:50,5/24/22 13:53,IP Address,*******,100,175,TRUE,5/24/22 13:53,R_1mrAvepYmCoKDu7,*******,*******,*******,*******,*******,*******,anonymous,EN,I consent,5c32e9588573070001641744,,,,,,,,,,Yes,No,No,No,Yes,Yes,No,No,Type - 2 is  not effective. CD programs are not good in those regards,,5c32e9588573070001641744,$0.60 ,3 minutes,628cf9bf368a7d6198f3ef11,628d3708a23b74b44ada0388,50,Yes,85,training,proportionality,Type-1 case studies,Type-2 case studies,Type-1 simulations,Type-2 simulations,that both simulations and case studies come in two types: Type-1 and Type 2,each of which come in one of two types: Type-1 and Type-2
5/24/22 13:49,5/24/22 13:55,IP Address,*******,100,329,TRUE,5/24/22 13:55,R_XA085EjdLgVsnWF,*******,*******,*******,*******,*******,*******,anonymous,EN,I consent,6229f75ee196c9f948375219,,,,,,,,,,Yes,Yes,No,No,,,,,I learned that in the examples presented programs that used case studies were significantly more successful. I really cannot know whether there will be any difference in their success rates should they be conducted on weekends vs. weekdays. We would want to ask companies B and A to switch their programming to alternate day patterns to see if their results changed. I don't expect it to make a difference. ,,6229f75ee196c9f948375219,$0.60 ,3 minutes,628cf9bf368a7d6198f3ef11,628d36c998805749d6220874,50,Yes,98,training,stability,case studies and takes place on weekends,case studies and does not take place on weekends,simulations and takes place on weekends,simulations and does not take place on weekends,either take place on weekends or do not take place on weekends,and they either take place on weekends or do not take place on weekends
5/24/22 13:50,5/24/22 13:55,IP Address,*******,100,301,TRUE,5/24/22 13:55,R_1laQxb6s0bGlZZj,*******,*******,*******,*******,*******,*******,anonymous,EN,I consent,581e0aee4182b600017307ea,Yes,Yes,No,No,,,,,"The active ingredient Reptol works  70- 80% of the time to reduce headache, The active ingredient Psylo does not work very well at all to reduce headaches if at all.",,,,,,,,,,,581e0aee4182b600017307ea,$0.60 ,3 minutes,628cf9bf368a7d6198f3ef11,628d36f9bf10299b549d8cdb,50,Yes,85,pharma,proportionality,ingredient Type-1 Reptol,ingredient Type-2 Reptol,ingredient Type-1 Psylo,ingredient Type-2 Psylo,that both ingredients come in two types: Type-1 and Type-2,each of which come in one of two types: Type-1 and Type-2
5/24/22 13:49,5/24/22 13:55,IP Address,*******,100,392,TRUE,5/24/22 13:55,R_24tMB3NLXniFkvF,*******,*******,*******,*******,*******,*******,anonymous,EN,I consent,5b1487d330d562000155f1c7,,,,,,,,,,Yes,No,No,No,,,,,I learned that one program that uses Type-1 case studies has a threshold over 80%. I learned that the Type-1 simulations is not over 80%. I learned that neither of the Type-2 case study or simulations have a threshold over 80%.,No.,5b1487d330d562000155f1c7,$0.60 ,3 minutes,628cf9bf368a7d6198f3ef11,628d36b1b5393592aa62262f,80,No,85,training,proportionality,Type-1 case studies,Type-2 case studies,Type-1 simulations,Type-2 simulations,that both simulations and case studies come in two types: Type-1 and Type 2,each of which come in one of two types: Type-1 and Type-2
5/24/22 13:50,5/24/22 13:56,IP Address,*******,100,339,TRUE,5/24/22 13:56,R_3IRnaye8KASucd2,*******,*******,*******,*******,*******,*******,anonymous,EN,I consent,60e88e0b7d305b5fbae3ebef,,,,,,,,,,No,Yes,No,No,No,No,No,No,The training program with a 98 % mark would be much better than the other 70% and the two 1% training programs.,None,60e88e0b7d305b5fbae3ebef,$0.60 ,3 minutes,628cf9bf368a7d6198f3ef11,628d3707efbb322b7ad70bc7,80,No,98,training,stability,case studies and takes place on weekends,case studies and does not take place on weekends,simulations and takes place on weekends,simulations and does not take place on weekends,either take place on weekends or do not take place on weekends,and they either take place on weekends or do not take place on weekends
5/24/22 13:48,5/24/22 13:56,IP Address,*******,100,467,TRUE,5/24/22 13:56,R_3nSKDp6ijLS0GWu,*******,*******,*******,*******,*******,*******,anonymous,EN,I consent,5c55b95b91c0ad0001cf86ab,Yes,Yes,No,No,,,,,Both the with- and without-food medications with Reptol met the 50% threshold for efficacy. The with-food medication was slightly better. Neither of the medications with Psylo came even close.,,,,,,,,,,,5c55b95b91c0ad0001cf86ab,$0.60 ,3 minutes,628cf9bf368a7d6198f3ef11,628d368e1c3c5053b301fca8,50,Yes,98,pharma,stability,ingredient Reptol and must be taken with food,ingredient Reptol and must be taken without food,ingredient Psylo and must be taken with food,ingredient Psylo and must be taken without food,either must be taken with food or must be taken without food,"and medicines containing either ingredient must taken with food or without food, depending on the medication"
5/24/22 13:45,5/24/22 13:56,IP Address,*******,100,695,TRUE,5/24/22 13:56,R_2qy0F1kk6VmsXJe,*******,*******,*******,*******,*******,*******,anonymous,EN,I consent,6051536b3e81428095504b35,,,,,,,,,,Yes,Yes,No,No,,,,,"Both Type-1 and Type-2 training programs that use case studies were significantly more effective as training programs for new employees. Both were well above 50% efficacy.  In contrast, both Type-1 and Type-2 training programs using simulations fell well below the 50% efficacy rate suggesting they are not effective.","Thank you for the explanation, which helped clear up the confusion I had.",6051536b3e81428095504b35,$0.60 ,3 minutes,628cf9bf368a7d6198f3ef11,628d35b6273b3e9f19a292bd,50,Yes,98,training,proportionality,Type-1 case studies,Type-2 case studies,Type-1 simulations,Type-2 simulations,that both simulations and case studies come in two types: Type-1 and Type 2,each of which come in one of two types: Type-1 and Type-2
5/24/22 13:54,5/24/22 13:57,IP Address,*******,100,173,TRUE,5/24/22 13:57,R_1GPT670F29oQyK9,*******,*******,*******,*******,*******,*******,anonymous,EN,I consent,5be10ec03e09dc00010e8ccc,Yes,No,No,No,,,,,Reptol showed efficacy in reducing headache symptoms in over 80% of the sample population for Drug A and must be taken with food. ,,,,,,,,,,,5be10ec03e09dc00010e8ccc,$0.60 ,3 minutes,628cf9bf368a7d6198f3ef11,628d37f2dd55a6d18090cfe1,80,No,85,pharma,stability,ingredient Reptol and must be taken with food,ingredient Reptol and must be taken without food,ingredient Psylo and must be taken with food,ingredient Psylo and must be taken without food,either must be taken with food or must be taken without food,"and medicines containing either ingredient must taken with food or without food, depending on the medication"
5/24/22 13:55,5/24/22 13:57,IP Address,*******,100,132,TRUE,5/24/22 13:57,R_2qdWFj2xhTstOQb,*******,*******,*******,*******,*******,*******,anonymous,EN,I consent,607454aad6e49e25a74d3524,,,,,,,,,,Yes,Yes,No,No,,,,,The programs focused on using case studies had much better success rates than the ones that used simulations.,,607454aad6e49e25a74d3524,$0.60 ,3 minutes,628cf9bf368a7d6198f3ef11,628d38232a0d0f57de61e363,50,Yes,98,training,proportionality,Type-1 case studies,Type-2 case studies,Type-1 simulations,Type-2 simulations,that both simulations and case studies come in two types: Type-1 and Type 2,each of which come in one of two types: Type-1 and Type-2
5/24/22 13:46,5/24/22 13:59,IP Address,*******,100,767,TRUE,5/24/22 13:59,R_2XdQOJSApzHP7Ro,*******,*******,*******,*******,*******,*******,anonymous,EN,I consent,61524786648792b8da40fcb2,Yes,No,No,No,,,,,"Efficacy required to be at minimum of 80%, one such instance provided had that rating. All were required to be taken with or without food. Some were rated rather poorly. ",,,,,,,,,,,61524786648792b8da40fcb2,$0.60 ,3 minutes,628cf9bf368a7d6198f3ef11,628d36044bea6fa66d537658,80,No,98,pharma,stability,ingredient Reptol and must be taken with food,ingredient Reptol and must be taken without food,ingredient Psylo and must be taken with food,ingredient Psylo and must be taken without food,either must be taken with food or must be taken without food,"and medicines containing either ingredient must taken with food or without food, depending on the medication"
5/24/22 13:47,5/24/22 13:59,IP Address,*******,100,719,TRUE,5/24/22 13:59,R_2tg9FsFV6sh95c0,*******,*******,*******,*******,*******,*******,anonymous,EN,I consent,5cb67a7ab73e8a001507fae5,Yes,Yes,No,No,Yes,No,No,No,It appears that medication with the active ingredient Reptol does a better job.  It has to be taken with food but gave the results of 85% and 70% respectively.  Psylo only gave results of 1% each.,,,,,,,,,,No - it was interesting to learn about medicines and efficacy.,5cb67a7ab73e8a001507fae5,$0.60 ,3 minutes,628cf9bf368a7d6198f3ef11,628d363a7c959a3b3060c08c,80,No,85,pharma,stability,ingredient Reptol and must be taken with food,ingredient Reptol and must be taken without food,ingredient Psylo and must be taken with food,ingredient Psylo and must be taken without food,either must be taken with food or must be taken without food,"and medicines containing either ingredient must taken with food or without food, depending on the medication"
5/24/22 13:53,5/24/22 14:00,IP Address,*******,100,388,TRUE,5/24/22 14:00,R_tKSX8sQRqa3aPp7,*******,*******,*******,*******,*******,*******,anonymous,EN,I consent,60de6eaecf5d59c0e0670050,,,,,,,,,,Yes,No,No,No,,,,,"If 80% or more of employees under a training program went on to become successful, then I could recommend the training program to my director. ",,60de6eaecf5d59c0e0670050,$0.60 ,3 minutes,628cf9bf368a7d6198f3ef11,628d37d35beeb2168a154bb2,80,No,98,training,proportionality,Type-1 case studies,Type-2 case studies,Type-1 simulations,Type-2 simulations,that both simulations and case studies come in two types: Type-1 and Type 2,each of which come in one of two types: Type-1 and Type-2
5/24/22 13:48,5/24/22 14:00,IP Address,*******,100,757,TRUE,5/24/22 14:00,R_SDnflNTvaJYMzXb,*******,*******,*******,*******,*******,*******,anonymous,EN,I consent,61699743bb6d44b1d978e630,Yes,No,No,No,Yes,Yes,Yes,Yes,"I've learned that the ingredients,  seem to not really  be helping all that many people since a low percentage of then, have pain taken away
",,,,,,,,,,"I think the overall theme of the survey  was a bit confusing to me at least, but I'm weird lol, at first I thought it was a moral decision on weather not I should put the medications on the self knowing that other meds have better results. ",61699743bb6d44b1d978e630,$0.60 ,3 minutes,628cf9bf368a7d6198f3ef11,628d3678c993fdaa3f4fd3b8,50,Yes,98,pharma,stability,ingredient Reptol and must be taken with food,ingredient Reptol and must be taken without food,ingredient Psylo and must be taken with food,ingredient Psylo and must be taken without food,either must be taken with food or must be taken without food,"and medicines containing either ingredient must taken with food or without food, depending on the medication"
5/24/22 13:58,5/24/22 14:02,IP Address,*******,100,231,TRUE,5/24/22 14:02,R_1Im8EbtWXhK2fwX,*******,*******,*******,*******,*******,*******,anonymous,EN,I consent,6266a849331cc893a5b22cf6,Yes,Yes,No,No,Yes,No,No,No,"Reptol seems to be very effect, with Type-1 being somewhat more effective than Type-2. Psylo, however, seems to be highly ineffective, and this goes for both Type-1 and Type-2.",,,,,,,,,,,6266a849331cc893a5b22cf6,$0.60 ,3 minutes,628cf9bf368a7d6198f3ef11,628d38f1681bdd1f8d6b0597,80,No,85,pharma,proportionality,ingredient Type-1 Reptol,ingredient Type-2 Reptol,ingredient Type-1 Psylo,ingredient Type-2 Psylo,that both ingredients come in two types: Type-1 and Type-2,each of which come in one of two types: Type-1 and Type-2
5/24/22 13:59,5/24/22 14:02,IP Address,*******,100,160,TRUE,5/24/22 14:02,R_3kyTx7MiET5CnoX,*******,*******,*******,*******,*******,*******,anonymous,EN,I consent,603e97018512c2f752512f0b,Yes,Yes,No,No,,,,,"Reptol and Psylo, each of which come in one of two types: Type-1 and Type-2. Reptol 1 had 90% headache reduction, Reptol 2 had 70% and Psylo had 1% for both types.",,,,,,,,,,,603e97018512c2f752512f0b,$0.60 ,3 minutes,628cf9bf368a7d6198f3ef11,628d393bb2b1c5cb74e96387,50,Yes,98,pharma,proportionality,ingredient Type-1 Reptol,ingredient Type-2 Reptol,ingredient Type-1 Psylo,ingredient Type-2 Psylo,that both ingredients come in two types: Type-1 and Type-2,each of which come in one of two types: Type-1 and Type-2
5/24/22 13:59,5/24/22 14:02,IP Address,*******,100,207,TRUE,5/24/22 14:02,R_12yukV9KKLQgexx,*******,*******,*******,*******,*******,*******,anonymous,EN,I consent,61509f6eb3a929e50f33ede1,Yes,No,No,No,,,,,Reptol Type-1 provides headache relief in more than 80% of the patients tested. The rest do not.,,,,,,,,,,,61509f6eb3a929e50f33ede1,$0.60 ,3 minutes,628cf9bf368a7d6198f3ef11,628d3910ad8138e0183fe35a,80,No,98,pharma,proportionality,ingredient Type-1 Reptol,ingredient Type-2 Reptol,ingredient Type-1 Psylo,ingredient Type-2 Psylo,that both ingredients come in two types: Type-1 and Type-2,each of which come in one of two types: Type-1 and Type-2
5/24/22 13:59,5/24/22 14:03,IP Address,*******,100,233,TRUE,5/24/22 14:03,R_uxJgsbCyVYfovBv,*******,*******,*******,*******,*******,*******,anonymous,EN,I consent,5e0696dea7fba607951ae479,,,,,,,,,,Yes,Yes,No,No,,,,,The higher percentage went on to succeed when it was placed on weekends. I learned that it does matter when it is taking place. It is the same trainings but some different days.,no,5e0696dea7fba607951ae479,$0.60 ,3 minutes,628cf9bf368a7d6198f3ef11,628d390f26213d7f071972e0,50,Yes,85,training,stability,case studies and takes place on weekends,case studies and does not take place on weekends,simulations and takes place on weekends,simulations and does not take place on weekends,either take place on weekends or do not take place on weekends,and they either take place on weekends or do not take place on weekends
5/24/22 13:58,5/24/22 14:03,IP Address,*******,100,295,TRUE,5/24/22 14:03,R_qKgQFXRJJttbaw1,*******,*******,*******,*******,*******,*******,anonymous,EN,I consent,5c37ecbfbef9a20001e3b0d9,,,,,,,,,,Yes,Yes,No,No,,,,,I learned that weekend trainings and weekday are about the same in efficacy. Along with use case and simulation studies also being the roughly the same. It seems that it comes down to individual training sessions.,,5c37ecbfbef9a20001e3b0d9,$0.60 ,3 minutes,628cf9bf368a7d6198f3ef11,628d38eeee2e48e5a39826c9,50,Yes,98,training,stability,case studies and takes place on weekends,case studies and does not take place on weekends,simulations and takes place on weekends,simulations and does not take place on weekends,either take place on weekends or do not take place on weekends,and they either take place on weekends or do not take place on weekends
5/24/22 13:59,5/24/22 14:03,IP Address,*******,100,248,TRUE,5/24/22 14:03,R_28MVWIGXakHy1Hx,*******,*******,*******,*******,*******,*******,anonymous,EN,I consent,615f2b3f0eafbabe579b889a,,,,,,,,,,Yes,No,No,No,Yes,Yes,No,No,its has to be at least 50 percent to train most of them were over 50 percent in general. The two types are A and B one had 98 percent and the other had 70 percent. It fell for the requirement.,none,615f2b3f0eafbabe579b889a,$0.60 ,3 minutes,628cf9bf368a7d6198f3ef11,628d392d967b8cc7940f1ab2,50,Yes,98,training,stability,case studies and takes place on weekends,case studies and does not take place on weekends,simulations and takes place on weekends,simulations and does not take place on weekends,either take place on weekends or do not take place on weekends,and they either take place on weekends or do not take place on weekends
5/24/22 14:04,5/24/22 14:06,IP Address,*******,100,126,TRUE,5/24/22 14:06,R_3RlsfKUVRdWEqYC,*******,*******,*******,*******,*******,*******,anonymous,EN,I consent,5c43c90d5aca820001f73f6f,,,,,,,,,,Yes,No,No,No,,,,,"Well I know that 70%+ are good but the job only wants 80%+ so it was limiting on potential. I chose what they wanted, it didn't matter what I think.",I hope my answers help you!,5c43c90d5aca820001f73f6f,$0.60 ,3 minutes,628cf9bf368a7d6198f3ef11,628d3a41cf6604feb77846cc,80,No,85,training,proportionality,Type-1 case studies,Type-2 case studies,Type-1 simulations,Type-2 simulations,that both simulations and case studies come in two types: Type-1 and Type 2,each of which come in one of two types: Type-1 and Type-2
5/24/22 13:58,5/24/22 14:08,IP Address,*******,100,641,TRUE,5/24/22 14:08,R_2PmRwKDBSH4fneb,*******,*******,*******,*******,*******,*******,anonymous,EN,I consent,600e743b58d8176a980803a1,,,,,,,,,,Yes,Yes,No,No,,,,,There did not seem to be much correlation between having training on weekends or not as far as being over the 50% trainee hiring rate.  Half of the programs suit the needs provided while the other half do not.,,600e743b58d8176a980803a1,$0.60 ,3 minutes,628cf9bf368a7d6198f3ef11,628d38cf98f102ba4746a5b4,50,Yes,85,training,stability,case studies and takes place on weekends,case studies and does not take place on weekends,simulations and takes place on weekends,simulations and does not take place on weekends,either take place on weekends or do not take place on weekends,and they either take place on weekends or do not take place on weekends
5/24/22 14:03,5/24/22 14:09,IP Address,*******,100,350,TRUE,5/24/22 14:09,R_bP21GQbUam60RmV,*******,*******,*******,*******,*******,*******,anonymous,EN,I consent,614ead1e38ca4b390b860c23,Yes,No,No,No,,,,,Reptol is better than Psylo at reducing headache symptoms.,,,,,,,,,,,614ead1e38ca4b390b860c23,$0.60 ,3 minutes,628cf9bf368a7d6198f3ef11,628d39f95a309bddf47ecb8c,80,No,98,pharma,stability,ingredient Reptol and must be taken with food,ingredient Reptol and must be taken without food,ingredient Psylo and must be taken with food,ingredient Psylo and must be taken without food,either must be taken with food or must be taken without food,"and medicines containing either ingredient must taken with food or without food, depending on the medication"
5/24/22 14:06,5/24/22 14:10,IP Address,*******,100,216,TRUE,5/24/22 14:10,R_Y3RmWdgI6uKMzfP,*******,*******,*******,*******,*******,*******,anonymous,EN,I consent,5c0de097af19750001df3313,,,,,,,,,,Yes,Yes,No,No,,,,,"Both methods of training can be effective I believe. When using case studies, real world examples are easy for students to learn from. Simulations give the real life experience. ",,5c0de097af19750001df3313,$0.60 ,3 minutes,628cf9bf368a7d6198f3ef11,628d3acc5f262fada86526cf,50,Yes,98,training,stability,case studies and takes place on weekends,case studies and does not take place on weekends,simulations and takes place on weekends,simulations and does not take place on weekends,either take place on weekends or do not take place on weekends,and they either take place on weekends or do not take place on weekends
5/24/22 14:08,5/24/22 14:12,IP Address,*******,100,218,TRUE,5/24/22 14:12,R_2sbfbAgEcyIcDnn,*******,*******,*******,*******,*******,*******,anonymous,EN,I consent,5ef42ba59401801d9f859e2d,Yes,No,No,No,,,,,The first option was best and the second was close to being stocked. The last two options seemed to not do anything in most,,,,,,,,,,Great Survey Thank You,5ef42ba59401801d9f859e2d,$0.60 ,3 minutes,628cf9bf368a7d6198f3ef11,628d3b3bc0eaaebeeaf9d782,80,No,85,pharma,proportionality,ingredient Type-1 Reptol,ingredient Type-2 Reptol,ingredient Type-1 Psylo,ingredient Type-2 Psylo,that both ingredients come in two types: Type-1 and Type-2,each of which come in one of two types: Type-1 and Type-2
5/24/22 14:09,5/24/22 14:12,IP Address,*******,100,183,TRUE,5/24/22 14:12,R_1jB6SIITddwpaTv,*******,*******,*******,*******,*******,*******,anonymous,EN,I consent,5ed2bb7a67d51b24b2ac4037,,,,,,,,,,Yes,No,No,No,,,,,"I found that training programs that take place on the weekend have the highest rate of success for employees and that training programs that use simulations tend to have the lowest, almost no success with employees. I found that programs that use case studies and information also have better success than those that don't.",,5ed2bb7a67d51b24b2ac4037,$0.60 ,3 minutes,628cf9bf368a7d6198f3ef11,628d3b66147e61ec035be253,80,No,85,training,stability,case studies and takes place on weekends,case studies and does not take place on weekends,simulations and takes place on weekends,simulations and does not take place on weekends,either take place on weekends or do not take place on weekends,and they either take place on weekends or do not take place on weekends
5/24/22 14:10,5/24/22 14:12,IP Address,*******,100,104,TRUE,5/24/22 14:12,R_25FRBtG7YhJ0Vly,*******,*******,*******,*******,*******,*******,anonymous,EN,I consent,5e7227c4e9253c1509f76f96,Yes,Yes,No,No,,,,,"Reptol and Psylo can reduce headaches in 70 or 85% of the patients.  However, if it isn't prepared correctly, it helps only 1%.",,,,,,,,,,,5e7227c4e9253c1509f76f96,$0.60 ,3 minutes,628cf9bf368a7d6198f3ef11,628d3bcaf6ee0bf090030747,50,Yes,85,pharma,stability,ingredient Reptol and must be taken with food,ingredient Reptol and must be taken without food,ingredient Psylo and must be taken with food,ingredient Psylo and must be taken without food,either must be taken with food or must be taken without food,"and medicines containing either ingredient must taken with food or without food, depending on the medication"
5/24/22 14:10,5/24/22 14:13,IP Address,*******,100,129,TRUE,5/24/22 14:13,R_UQhktkWRcSVTbQB,*******,*******,*******,*******,*******,*******,anonymous,EN,I consent,5aa5952e1eda41000136d06b,Yes,Yes,No,No,,,,,"The ingredients in Medicine A and B, along with the recommended eating patterns seemed largely more effective.",,,,,,,,,,,5aa5952e1eda41000136d06b,$0.60 ,3 minutes,628cf9bf368a7d6198f3ef11,628d3bc66c431933b69a20d6,50,Yes,98,pharma,stability,ingredient Reptol and must be taken with food,ingredient Reptol and must be taken without food,ingredient Psylo and must be taken with food,ingredient Psylo and must be taken without food,either must be taken with food or must be taken without food,"and medicines containing either ingredient must taken with food or without food, depending on the medication"
5/24/22 14:08,5/24/22 14:13,IP Address,*******,100,277,TRUE,5/24/22 14:13,R_2S93p6UTlYGnzPc,*******,*******,*******,*******,*******,*******,anonymous,EN,I consent,614fb5f505179343600daf54,Yes,Yes,No,No,,,,,I have learned nothing. I just followed your condition and applied it accurately ,,,,,,,,,,No,614fb5f505179343600daf54,$0.60 ,3 minutes,628cf9bf368a7d6198f3ef11,628d3b332692715548db9385,50,Yes,98,pharma,proportionality,ingredient Type-1 Reptol,ingredient Type-2 Reptol,ingredient Type-1 Psylo,ingredient Type-2 Psylo,that both ingredients come in two types: Type-1 and Type-2,each of which come in one of two types: Type-1 and Type-2
5/24/22 14:08,5/24/22 14:16,IP Address,*******,100,479,TRUE,5/24/22 14:16,R_riq44IOvMzk0nw5,*******,*******,*******,*******,*******,*******,anonymous,EN,I consent,612ee4c5848318d0c3a3f172,,,,,,,,,,Yes,Yes,No,No,,,,,Programs A and B are over 70% efficient. While program C isn’t efficient at less than 1%. It doesn’t matter whether it’s type 1 or type 2. ,,612ee4c5848318d0c3a3f172,$0.60 ,3 minutes,628cf9bf368a7d6198f3ef11,628d3b3e18434372758e49e1,50,Yes,85,training,proportionality,Type-1 case studies,Type-2 case studies,Type-1 simulations,Type-2 simulations,that both simulations and case studies come in two types: Type-1 and Type 2,each of which come in one of two types: Type-1 and Type-2
5/24/22 14:15,5/24/22 14:18,IP Address,*******,100,191,TRUE,5/24/22 14:18,R_3h43UInzYZdoewO,*******,*******,*******,*******,*******,*******,anonymous,EN,I consent,5bd9fed6780d50000109c503,,,,,,,,,,Yes,No,No,No,,,,,"Case studies seem to be more effective than simulations, and there may be some advantage to doing this on a weekend, though there's not enough data to tell. Ultimately, the results could be close depending on the actual numbers we're talking about. ",,5bd9fed6780d50000109c503,$0.60 ,3 minutes,628cf9bf368a7d6198f3ef11,628d3cbe4d7adfc537a61bfd,80,No,85,training,stability,case studies and takes place on weekends,case studies and does not take place on weekends,simulations and takes place on weekends,simulations and does not take place on weekends,either take place on weekends or do not take place on weekends,and they either take place on weekends or do not take place on weekends
5/24/22 14:15,5/24/22 14:18,IP Address,*******,100,181,TRUE,5/24/22 14:18,R_b8VKhoK1uCspODf,*******,*******,*******,*******,*******,*******,anonymous,EN,I consent,615deda1b7f4112d93335556,,,,,,,,,,Yes,No,No,No,,,,,I haven't learned much at all to be perfectly honest as I don't know what differentiates type 1 and type 2 simulations.  All I know is my boss wanted above 80% so that's how I decided.,,615deda1b7f4112d93335556,$0.60 ,3 minutes,628cf9bf368a7d6198f3ef11,628d3cebdaddb73832255277,80,No,98,training,proportionality,Type-1 case studies,Type-2 case studies,Type-1 simulations,Type-2 simulations,that both simulations and case studies come in two types: Type-1 and Type 2,each of which come in one of two types: Type-1 and Type-2
5/24/22 14:14,5/24/22 14:20,IP Address,*******,100,322,TRUE,5/24/22 14:20,R_2thE4LYPWcZLFQn,*******,*******,*******,*******,*******,*******,anonymous,EN,I consent,5ef035131f1b2a546b44c391,Yes,No,No,No,,,,,"That medications containing Type-1 Reptol is the most effective in reducing headaches, well-exceeding the 80% requirement.",,,,,,,,,,No.  Everything was very clear.,5ef035131f1b2a546b44c391,$0.60 ,3 minutes,628cf9bf368a7d6198f3ef11,628d3cad10b2101ab4e8d824,80,No,98,pharma,proportionality,ingredient Type-1 Reptol,ingredient Type-2 Reptol,ingredient Type-1 Psylo,ingredient Type-2 Psylo,that both ingredients come in two types: Type-1 and Type-2,each of which come in one of two types: Type-1 and Type-2
5/24/22 14:18,5/24/22 14:20,IP Address,*******,100,147,TRUE,5/24/22 14:20,R_cPhmklsCS8vYabv,*******,*******,*******,*******,*******,*******,anonymous,EN,I consent,5c670a430d80fd00014264f9,Yes,Yes,No,No,,,,,Reptile does reduce headaches. Paulo doesn't seem to have an effect.,,,,,,,,,,No,5c670a430d80fd00014264f9,$0.60 ,3 minutes,628cf9bf368a7d6198f3ef11,628d3d6a1ebad6ace1f14683,50,Yes,85,pharma,proportionality,ingredient Type-1 Reptol,ingredient Type-2 Reptol,ingredient Type-1 Psylo,ingredient Type-2 Psylo,that both ingredients come in two types: Type-1 and Type-2,each of which come in one of two types: Type-1 and Type-2
5/24/22 14:19,5/24/22 14:20,IP Address,*******,100,84,TRUE,5/24/22 14:20,R_1ilzQF9iNBzgu5Z,*******,*******,*******,*******,*******,*******,anonymous,EN,I consent,5adf3828dee8590001b05860,,,,,,,,,,Yes,No,No,No,,,,,The efficacy of training programs can be measured by where the individuals eventually land jobs or positions and how well they do.,"Thanks for the study, nothing confusing about it!",5adf3828dee8590001b05860,$0.60 ,3 minutes,628cf9bf368a7d6198f3ef11,628d3db2b1f7997ac8dac0a2,80,No,98,training,stability,case studies and takes place on weekends,case studies and does not take place on weekends,simulations and takes place on weekends,simulations and does not take place on weekends,either take place on weekends or do not take place on weekends,and they either take place on weekends or do not take place on weekends
5/24/22 14:13,5/24/22 14:22,IP Address,*******,100,523,TRUE,5/24/22 14:22,R_20TGjCiLcR0jKR2,*******,*******,*******,*******,*******,*******,anonymous,EN,I consent,5c75bf4c281ce000015ecc59,,,,,,,,,,Yes,Yes,No,No,,,,,The training programs being considered to train new hires has a high percentage rate of training potential employees successfully.,None,5c75bf4c281ce000015ecc59,$0.60 ,3 minutes,628cf9bf368a7d6198f3ef11,628d3c66a8dbc1a9b99aebc9,50,Yes,98,training,proportionality,Type-1 case studies,Type-2 case studies,Type-1 simulations,Type-2 simulations,that both simulations and case studies come in two types: Type-1 and Type 2,each of which come in one of two types: Type-1 and Type-2
5/24/22 14:21,5/24/22 14:24,IP Address,*******,100,142,TRUE,5/24/22 14:24,R_1hWqSTNay1AW9nF,*******,*******,*******,*******,*******,*******,anonymous,EN,I consent,5ede22703409e1042973a050,,,,,,,,,,Yes,Yes,No,No,,,,,It appears that case studies are much more effective than simulations (70-85% success vs. 1% success).  There isn't a huge difference between Type-1 and Type-2 case studies.,,5ede22703409e1042973a050,$0.60 ,3 minutes,628cf9bf368a7d6198f3ef11,628d3e4de716ed48870d21d0,50,Yes,85,training,proportionality,Type-1 case studies,Type-2 case studies,Type-1 simulations,Type-2 simulations,that both simulations and case studies come in two types: Type-1 and Type 2,each of which come in one of two types: Type-1 and Type-2
5/24/22 14:21,5/24/22 14:24,IP Address,*******,100,178,TRUE,5/24/22 14:24,R_1CjQn55JPMjgjxP,*******,*******,*******,*******,*******,*******,anonymous,EN,I consent,5fc5c6e3dfa8ca1557012d44,,,,,,,,,,Yes,No,No,No,,,,,"It seems that case studies are more effective than simulations.  There is a small difference between type 1 and type 2, but the same size is so small I’m hesitant to start to draw any conclusions from it.",,5fc5c6e3dfa8ca1557012d44,$0.60 ,3 minutes,628cf9bf368a7d6198f3ef11,628d3e3a3829bae8b1c4f32d,80,No,85,training,proportionality,Type-1 case studies,Type-2 case studies,Type-1 simulations,Type-2 simulations,that both simulations and case studies come in two types: Type-1 and Type 2,each of which come in one of two types: Type-1 and Type-2
5/24/22 14:23,5/24/22 14:27,IP Address,*******,100,261,TRUE,5/24/22 14:27,R_31RSSwFmL94WkYX,*******,*******,*******,*******,*******,*******,anonymous,EN,I consent,5b66c8d4cda8590001dafb0c,Yes,No,No,No,,,,,It did not connect at the time which ingredients reduced the headache. I was more focused on which brand. I believe it was Reptol Type 1 but I don't remember for surse.,,,,,,,,,,,5b66c8d4cda8590001dafb0c,$0.60 ,3 minutes,628cf9bf368a7d6198f3ef11,628d3eb3039de219d04caef6,80,No,98,pharma,proportionality,ingredient Type-1 Reptol,ingredient Type-2 Reptol,ingredient Type-1 Psylo,ingredient Type-2 Psylo,that both ingredients come in two types: Type-1 and Type-2,each of which come in one of two types: Type-1 and Type-2
5/24/22 14:16,5/24/22 14:27,IP Address,*******,100,689,TRUE,5/24/22 14:27,R_2PiEqJDrIqcM59v,*******,*******,*******,*******,*******,*******,anonymous,EN,I consent,5e606b1eaf84e83c728748d7,Yes,No,No,No,,,,,The first option (reptol with food) is the most effective as it reduces headache pain by 98%. The rest are sub par in comparrisson. Those are medications we would not be keeping in stock per directions from the boss.,,,,,,,,,,Nope. Thanks,5e606b1eaf84e83c728748d7,$0.60 ,3 minutes,628cf9bf368a7d6198f3ef11,628d3d12e85e895d5eb5b461,80,No,98,pharma,stability,ingredient Reptol and must be taken with food,ingredient Reptol and must be taken without food,ingredient Psylo and must be taken with food,ingredient Psylo and must be taken without food,either must be taken with food or must be taken without food,"and medicines containing either ingredient must taken with food or without food, depending on the medication"
5/24/22 14:13,5/24/22 14:28,IP Address,*******,100,855,TRUE,5/24/22 14:28,R_3NvRAR3ZAsdmjkx,*******,*******,*******,*******,*******,*******,anonymous,EN,I consent,5c8824a4e545360014240bf9,Yes,Yes,No,No,,,,,"The ingredients Psylo and Reptol are the two discussed in this survey.  Psylo did not show a high success (1%) versus Reptol that showed a 70-85% success rate. The results are what we are wanted to see.  The results may be 'we checked 10 people on the Reptol (showing 7-8 people seem to have positive results) versus Psylo where we checked 1 person (showing little positive results).  Either way, read the bottle and take with or without food and/or water as stated by the doctor.",,,,,,,,,,"It was not confusing, difficult, or frustrating.  I hope you receive the results you are looking for.",5c8824a4e545360014240bf9,$0.60 ,3 minutes,628cf9bf368a7d6198f3ef11,628d3c77c2f5ee0555f0e5fe,50,Yes,85,pharma,stability,ingredient Reptol and must be taken with food,ingredient Reptol and must be taken without food,ingredient Psylo and must be taken with food,ingredient Psylo and must be taken without food,either must be taken with food or must be taken without food,"and medicines containing either ingredient must taken with food or without food, depending on the medication"
5/24/22 14:23,5/24/22 14:28,IP Address,*******,100,305,TRUE,5/24/22 14:28,R_2SxaCkl8qXTH1me,*******,*******,*******,*******,*******,*******,anonymous,EN,I consent,5f877e0715f8781a0c7c3ab8,Yes,Yes,No,No,,,,,"What I've learned about the efficiency of active ingredients in headache medicines is that Reptol, taken with food is incredibly effective at reducing the severity of headaches, as 98% saw a reduction taking the drug in this method.  Those who took Reptol without food, saw a 70% reduction, making it still incredibly effective.  Psylo on the other had, with or without food only saw a 1% reduction making it basically ineffective at treating headaches.",,,,,,,,,,,5f877e0715f8781a0c7c3ab8,$0.60 ,3 minutes,628cf9bf368a7d6198f3ef11,628d3eac6f862a758544562d,50,Yes,98,pharma,stability,ingredient Reptol and must be taken with food,ingredient Reptol and must be taken without food,ingredient Psylo and must be taken with food,ingredient Psylo and must be taken without food,either must be taken with food or must be taken without food,"and medicines containing either ingredient must taken with food or without food, depending on the medication"
5/24/22 14:23,5/24/22 14:29,IP Address,*******,100,344,TRUE,5/24/22 14:29,R_DJfjGdRjcTFje6Z,*******,*******,*******,*******,*******,*******,anonymous,EN,I consent,62672c410f14e7008e2a90ee,,,,,,,,,,Yes,No,No,No,,,,,I learned that Typ1  training resulted in a pass rate of 85%;. This was the favored result my supervisor asked me to approve for ttraining. The other results were 70% or lower and did not meet approvals.,Only thr type 1 and 2 was not explained well enough and the % were much lower for that style.,62672c410f14e7008e2a90ee,$0.60 ,3 minutes,628cf9bf368a7d6198f3ef11,628d3ec2b2a8356dba518945,80,No,85,training,proportionality,Type-1 case studies,Type-2 case studies,Type-1 simulations,Type-2 simulations,that both simulations and case studies come in two types: Type-1 and Type 2,each of which come in one of two types: Type-1 and Type-2
5/24/22 14:26,5/24/22 14:29,IP Address,*******,100,155,TRUE,5/24/22 14:29,R_271FJGmn3kTIWsD,*******,*******,*******,*******,*******,*******,anonymous,EN,I consent,6273088a00cf446a9c9cd8f6,,,,,,,,,,Yes,Yes,No,No,,,,,The training that uses case studies is much more effective.  Even more so when it takes place on the weekends.,,6273088a00cf446a9c9cd8f6,$0.60 ,3 minutes,628cf9bf368a7d6198f3ef11,628d3f874915c255791e85d7,50,Yes,85,training,stability,case studies and takes place on weekends,case studies and does not take place on weekends,simulations and takes place on weekends,simulations and does not take place on weekends,either take place on weekends or do not take place on weekends,and they either take place on weekends or do not take place on weekends
5/24/22 14:29,5/24/22 14:29,IP Address,*******,100,56,TRUE,5/24/22 14:29,R_3HOe85rTUunxixw,*******,*******,*******,*******,*******,*******,anonymous,EN,I consent,608f39d2c76e436967135846,,,,,,,,,,Yes,Yes,No,No,,,,,"To maintain new hire employees and keep them above 50 percent, so by choosing the case studies that will help.",,608f39d2c76e436967135846,$0.60 ,3 minutes,628cf9bf368a7d6198f3ef11,628d40089a3ff64d60222934,50,Yes,85,training,stability,case studies and takes place on weekends,case studies and does not take place on weekends,simulations and takes place on weekends,simulations and does not take place on weekends,either take place on weekends or do not take place on weekends,and they either take place on weekends or do not take place on weekends
5/24/22 14:28,5/24/22 14:30,IP Address,*******,100,108,TRUE,5/24/22 14:30,R_1k2m2kRaezk2fZ2,*******,*******,*******,*******,*******,*******,anonymous,EN,I consent,60de065fb311e8a4237c111f,Yes,Yes,No,Yes,Yes,Yes,Yes,No,I have learned that I know very little about any of this. I'm really not sure about the details. ,,,,,,,,,,Convoluted ,60de065fb311e8a4237c111f,$0.60 ,3 minutes,628cf9bf368a7d6198f3ef11,628d3fe04915c255791e85db,50,Yes,98,pharma,proportionality,ingredient Type-1 Reptol,ingredient Type-2 Reptol,ingredient Type-1 Psylo,ingredient Type-2 Psylo,that both ingredients come in two types: Type-1 and Type-2,each of which come in one of two types: Type-1 and Type-2
5/24/22 14:28,5/24/22 14:30,IP Address,*******,100,145,TRUE,5/24/22 14:30,R_1duYCnw6c9B04CP,*******,*******,*******,*******,*******,*******,anonymous,EN,I consent,5c1942e200849900010afdcd,,,,,,,,,,Yes,No,No,No,,,,,I only recommended them if they were above the 80% threshold. I have nothing else to say besides improving hiring decisions.,,5c1942e200849900010afdcd,$0.60 ,3 minutes,628cf9bf368a7d6198f3ef11,628d3fd6b1a133ac46b0ce10,80,No,98,training,stability,case studies and takes place on weekends,case studies and does not take place on weekends,simulations and takes place on weekends,simulations and does not take place on weekends,either take place on weekends or do not take place on weekends,and they either take place on weekends or do not take place on weekends
5/24/22 14:29,5/24/22 14:31,IP Address,*******,100,113,TRUE,5/24/22 14:31,R_3oXZUCodToyibcu,*******,*******,*******,*******,*******,*******,anonymous,EN,I consent,5c55c0e354f9d30001db6d22,,,,,,,,,,Yes,No,No,No,,,,,There was a mix of programs during the week and on the weekends. The one on the weekend was the most successful by far. ,,5c55c0e354f9d30001db6d22,$0.60 ,3 minutes,628cf9bf368a7d6198f3ef11,628d40316f862a7585445640,80,No,98,training,stability,case studies and takes place on weekends,case studies and does not take place on weekends,simulations and takes place on weekends,simulations and does not take place on weekends,either take place on weekends or do not take place on weekends,and they either take place on weekends or do not take place on weekends
5/24/22 14:27,5/24/22 14:33,IP Address,*******,100,416,TRUE,5/24/22 14:33,R_2e2NNoGvexiWi8l,*******,*******,*******,*******,*******,*******,anonymous,EN,I consent,6017ee441e8f20aa1fbfb114,Yes,No,No,No,,,,,Type-1 Reptol is the most effective. Type-2 Reptol is less effective but most users still benefit from taking it. Type 1 and 2 Psylo are extremely rarely effective.,,,,,,,,,,,6017ee441e8f20aa1fbfb114,$0.60 ,3 minutes,628cf9bf368a7d6198f3ef11,628d3f90932707fd63ed27a1,80,No,98,pharma,proportionality,ingredient Type-1 Reptol,ingredient Type-2 Reptol,ingredient Type-1 Psylo,ingredient Type-2 Psylo,that both ingredients come in two types: Type-1 and Type-2,each of which come in one of two types: Type-1 and Type-2
5/24/22 14:30,5/24/22 14:35,IP Address,*******,100,315,TRUE,5/24/22 14:35,R_RQ4U1YN1RAixjIR,*******,*******,*******,*******,*******,*******,anonymous,EN,I consent,614f6bad672ef7cf5ecfd965,,,,,,,,,,Yes,Yes,No,No,,,,,Type 1  and 2 programs effective in simulations.bot not in case studies.,,614f6bad672ef7cf5ecfd965,$0.60 ,3 minutes,628cf9bf368a7d6198f3ef11,628d4046ad2af4e786bf36e4,50,Yes,85,training,proportionality,Type-1 case studies,Type-2 case studies,Type-1 simulations,Type-2 simulations,that both simulations and case studies come in two types: Type-1 and Type 2,each of which come in one of two types: Type-1 and Type-2
5/24/22 14:32,5/24/22 14:37,IP Address,*******,100,281,TRUE,5/24/22 14:37,R_27B5A4lmaMh3Bc5,*******,*******,*******,*******,*******,*******,anonymous,EN,I consent,61531624b67f1ccd83e48d48,Yes,No,No,No,,,,,Overall the medicines containing Reptol seem to be most effective,,,,,,,,,,,61531624b67f1ccd83e48d48,$0.60 ,3 minutes,628cf9bf368a7d6198f3ef11,628d40daf005a0bc24d91bd4,80,No,98,pharma,stability,ingredient Reptol and must be taken with food,ingredient Reptol and must be taken without food,ingredient Psylo and must be taken with food,ingredient Psylo and must be taken without food,either must be taken with food or must be taken without food,"and medicines containing either ingredient must taken with food or without food, depending on the medication"
5/24/22 14:33,5/24/22 14:38,IP Address,*******,100,248,TRUE,5/24/22 14:38,R_2R1WmSQ5nouMjg4,*******,*******,*******,*******,*******,*******,anonymous,EN,I consent,6272f2124c61474d78e12c09,Yes,Yes,No,No,,,,,The medicines taken with food have an extremely high efficacy rate compared to the latter two. ,,,,,,,,,,,6272f2124c61474d78e12c09,$0.60 ,3 minutes,628cf9bf368a7d6198f3ef11,628d412da9bddc418eef0b13,50,Yes,98,pharma,stability,ingredient Reptol and must be taken with food,ingredient Reptol and must be taken without food,ingredient Psylo and must be taken with food,ingredient Psylo and must be taken without food,either must be taken with food or must be taken without food,"and medicines containing either ingredient must taken with food or without food, depending on the medication"
5/24/22 14:33,5/24/22 14:38,IP Address,*******,100,277,TRUE,5/24/22 14:38,R_2RQclw7IODjBg3C,*******,*******,*******,*******,*******,*******,anonymous,EN,I consent,5c024be169406e00014e0b8e,,,,,,,,,,Yes,Yes,No,No,,,,,"If I recall correctly, the usage of case studies were effective, and simulations were not effective at all. The Type did not seem to have any effect on the efficacy from my initial observations.",I kind of enjoyed this study,5c024be169406e00014e0b8e,$0.60 ,3 minutes,628cf9bf368a7d6198f3ef11,628d412ca9bddc418eef0b12,50,Yes,85,training,proportionality,Type-1 case studies,Type-2 case studies,Type-1 simulations,Type-2 simulations,that both simulations and case studies come in two types: Type-1 and Type 2,each of which come in one of two types: Type-1 and Type-2
5/24/22 14:34,5/24/22 14:38,IP Address,*******,100,247,TRUE,5/24/22 14:38,R_7PNOrhpsaLiDk6R,*******,*******,*******,*******,*******,*******,anonymous,EN,I consent,5d88e9d13e9a6e0001084e80,,,,,,,,,,Yes,Yes,No,No,Yes,No,No,No,That the threshold for identifying a successful program was 80%. Anything above should be recommended anything below not recommended ,NA,5d88e9d13e9a6e0001084e80,$0.60 ,3 minutes,628cf9bf368a7d6198f3ef11,628d4158a05dd611b7905c47,80,No,98,training,stability,case studies and takes place on weekends,case studies and does not take place on weekends,simulations and takes place on weekends,simulations and does not take place on weekends,either take place on weekends or do not take place on weekends,and they either take place on weekends or do not take place on weekends
5/24/22 14:35,5/24/22 14:39,IP Address,*******,100,267,TRUE,5/24/22 14:39,R_3kKUrb7kGJ0FH1s,*******,*******,*******,*******,*******,*******,anonymous,EN,I consent,604a10844bde8be09a850300,Yes,Yes,No,No,,,,,"Reptol ans Psylo are both active ingredients in headache medicines. Both Reptol and Psylo each time in two types. Depending on the type used, headache medicines can either be 90% effective, 70% effective, or as low as 1% effective. ",,,,,,,,,,,604a10844bde8be09a850300,$0.60 ,3 minutes,628cf9bf368a7d6198f3ef11,628d4180e345730480d87d35,50,Yes,98,pharma,proportionality,ingredient Type-1 Reptol,ingredient Type-2 Reptol,ingredient Type-1 Psylo,ingredient Type-2 Psylo,that both ingredients come in two types: Type-1 and Type-2,each of which come in one of two types: Type-1 and Type-2
5/24/22 14:37,5/24/22 14:40,IP Address,*******,100,235,TRUE,5/24/22 14:40,R_2THQ3mJbnp74oQl,*******,*******,*******,*******,*******,*******,anonymous,EN,I consent,623ac50ed58ac10f7e259b8f,,,,,,,,,,Yes,Yes,No,No,,,,,I have learned about the efficacy and the value of a great training program. The case studies seemed to be more effective rather than ones that use simulations. Also the higher the percentage of employees that become successful workers the better for the company,No,623ac50ed58ac10f7e259b8f,$0.60 ,3 minutes,628cf9bf368a7d6198f3ef11,628d41e901259da40d61bf1c,50,Yes,98,training,stability,case studies and takes place on weekends,case studies and does not take place on weekends,simulations and takes place on weekends,simulations and does not take place on weekends,either take place on weekends or do not take place on weekends,and they either take place on weekends or do not take place on weekends
5/24/22 14:36,5/24/22 14:41,IP Address,*******,100,269,TRUE,5/24/22 14:41,R_1q9sXhZrinqJdQf,*******,*******,*******,*******,*******,*******,anonymous,EN,I consent,62364dfeaa620673cd7af4d4,Yes,Yes,No,No,,,,,"The first two medicines, which used Reptol, were much more effective than the later two. Both Type-1 and Type-2 Reptol were effective at decreasing headache symptoms, but the medicine that used Type-1 was more effective than the one that used Type-2.",,,,,,,,,,,62364dfeaa620673cd7af4d4,$0.60 ,3 minutes,628cf9bf368a7d6198f3ef11,628d41d33db255149fc9d2f6,50,Yes,85,pharma,proportionality,ingredient Type-1 Reptol,ingredient Type-2 Reptol,ingredient Type-1 Psylo,ingredient Type-2 Psylo,that both ingredients come in two types: Type-1 and Type-2,each of which come in one of two types: Type-1 and Type-2
5/24/22 14:39,5/24/22 14:41,IP Address,*******,100,146,TRUE,5/24/22 14:41,R_26bBrCAW4nEPkZl,*******,*******,*******,*******,*******,*******,anonymous,EN,I consent,5e5553e6bcdb1e55a43c78f7,Yes,No,No,No,,,,,"Even if pain reliever contain the same active ingredients, some brands are more, and often even much more, effective at reducing pain while other barely work at all.",,,,,,,,,,,5e5553e6bcdb1e55a43c78f7,$0.60 ,3 minutes,628cf9bf368a7d6198f3ef11,628d4262145712de579e79a1,80,No,98,pharma,proportionality,ingredient Type-1 Reptol,ingredient Type-2 Reptol,ingredient Type-1 Psylo,ingredient Type-2 Psylo,that both ingredients come in two types: Type-1 and Type-2,each of which come in one of two types: Type-1 and Type-2
5/24/22 14:39,5/24/22 14:41,IP Address,*******,100,177,TRUE,5/24/22 14:41,R_3KAOoIaULifVvgT,*******,*******,*******,*******,*******,*******,anonymous,EN,I consent,5f466ddc078a3401dceeecb6,,,,,,,,,,Yes,No,No,No,,,,,Training that takes place on the weekends and uses case studies produces 85% of the time a successful employee and should be used over the other training programs. Simulations with no case study produces only 1% of the time successful employees no matter if it includes weekends or not.,No,5f466ddc078a3401dceeecb6,$0.60 ,3 minutes,628cf9bf368a7d6198f3ef11,628d426211f80d1c52c91aac,80,No,85,training,stability,case studies and takes place on weekends,case studies and does not take place on weekends,simulations and takes place on weekends,simulations and does not take place on weekends,either take place on weekends or do not take place on weekends,and they either take place on weekends or do not take place on weekends
5/24/22 14:39,5/24/22 14:42,IP Address,*******,100,173,TRUE,5/24/22 14:42,R_2AY9JSa2sWnq5Xa,*******,*******,*******,*******,*******,*******,anonymous,EN,I consent,5bf6fc936c445d0001aeba98,,,,,,,,,,Yes,Yes,No,No,,,,,"I was focused on the percentage number and not the type.  If the percentage was higher than 50, I chose recommend.",,5bf6fc936c445d0001aeba98,$0.60 ,3 minutes,628cf9bf368a7d6198f3ef11,628d428a94edd5785e0d2a3f,50,Yes,85,training,proportionality,Type-1 case studies,Type-2 case studies,Type-1 simulations,Type-2 simulations,that both simulations and case studies come in two types: Type-1 and Type 2,each of which come in one of two types: Type-1 and Type-2
5/24/22 14:35,5/24/22 14:42,IP Address,*******,100,456,TRUE,5/24/22 14:42,R_e8oqlV2AGSIeywF,*******,*******,*******,*******,*******,*******,anonymous,EN,I consent,602454a47d0d7d121a1e444b,Yes,No,No,No,,,,,"Reptol is the most effective vs Psylo, and specifically Type 1 Reptol is much more effective",,,,,,,,,,Nope,602454a47d0d7d121a1e444b,$0.60 ,3 minutes,628cf9bf368a7d6198f3ef11,628d41733ef113f28fd0b8b0,80,No,85,pharma,proportionality,ingredient Type-1 Reptol,ingredient Type-2 Reptol,ingredient Type-1 Psylo,ingredient Type-2 Psylo,that both ingredients come in two types: Type-1 and Type-2,each of which come in one of two types: Type-1 and Type-2
5/24/22 14:46,5/24/22 14:50,IP Address,*******,100,208,TRUE,5/24/22 14:50,R_3m97RV03isG6JyO,*******,*******,*******,*******,*******,*******,anonymous,EN,I consent,5f9fb315ae6f085ff96c0cac,Yes,Yes,No,No,,,,,"Reptol seems to work fairly well, Psylo does not. Whether or not the medication needs to be taken with food or not seems independent of either active ingredient. ",,,,,,,,,,,5f9fb315ae6f085ff96c0cac,$0.60 ,3 minutes,628cf9bf368a7d6198f3ef11,628d44298536db73bc7b1878,50,Yes,98,pharma,stability,ingredient Reptol and must be taken with food,ingredient Reptol and must be taken without food,ingredient Psylo and must be taken with food,ingredient Psylo and must be taken without food,either must be taken with food or must be taken without food,"and medicines containing either ingredient must taken with food or without food, depending on the medication"
5/24/22 14:39,5/24/22 14:58,IP Address,*******,100,1107,TRUE,5/24/22 14:58,R_3J4qeLTrtGACD1I,*******,*******,*******,*******,*******,*******,anonymous,EN,I consent,6168cbfbad1cc13ba73ade6e,Yes,No,No,No,,,,,i learnt that the active ingredients are produced in such a way that they reduce headache by at least 80%,,,,,,,,,,Nothing was confusing,6168cbfbad1cc13ba73ade6e,$0.60 ,3 minutes,628cf9bf368a7d6198f3ef11,628d4244f4d0d3f189ec9eb5,80,No,98,pharma,stability,ingredient Reptol and must be taken with food,ingredient Reptol and must be taken without food,ingredient Psylo and must be taken with food,ingredient Psylo and must be taken without food,either must be taken with food or must be taken without food,"and medicines containing either ingredient must taken with food or without food, depending on the medication"