StartDate,EndDate,Status,IPAddress,Progress,Duration (in seconds),Finished,RecordedDate,ResponseId,RecipientLastName,RecipientFirstName,RecipientEmail,ExternalReference,LocationLatitude,LocationLongitude,DistributionChannel,UserLanguage,Consent,PID,CompCheck1,CompCheck2,CharSel,NoteCardChoice_LL,NoteCardChoice_HL,NamedPrice,HowHelpful_4,Q98_1,Q98_2,Q98_3,Q98_4,Q98_5,Checker,Feedback,pay,time,PROLIFIC_PID,STUDY_ID,SESSION_ID,loss,cost,coins1,notes,coins2,coins3
Start Date,End Date,Response Type,IP Address,Progress,Duration (in seconds),Finished,Recorded Date,Response ID,Recipient Last Name,Recipient First Name,Recipient Email,External Data Reference,Location Latitude,Location Longitude,Distribution Channel,User Language,"Adult Consent Form

Princeton University

 

This study has been approved by the Institutional Review Board for Human Subjects.

TITLE OF RESEARCH: Explanation and Understanding



PRINCIPAL INVESTIGATOR: Tania Lombrozo 



PRINCIPAL INVESTIGATOR’S DEPARTMENT: Psychology



You are being invited to take part in a research study. Before you decide to participate in this study, it is important that you understand why the research is being done and what it will involve. Please take the time to read the following information carefully. Please ask the researcher if there is anything that is not clear or if you need more information.



Purpose of the research:

This study is designed to test hypotheses about the nature of people's intuitive theories about the world, how they can be changed, and how they influence judgments and behavior. We also hope to learn about how you conceptually understand the world around you. Our intuitive sense of everyday objects and events in the world play a significant role in our thoughts and behaviors, and we wish to understand the nature of human cognition. 



Study Procedures: 

You may be asked to do one or more of the following tasks 1) causal learning tasks (e.g., figuring out what causes what), 2) social tasks (e.g., reasoning about others’ minds and behavior), 3) linguistic tasks (e.g., word associations and learning), 4) imagination tasks (e.g., reasoning about events counter to fact), 5) categorization/association tasks (e.g., grouping objects or stating what comes to mind given a prompt), 6) general cognitive tasks (e.g., impulse control and searching for hidden objects). You may be asked to make judgments about what you see, answer multiple choice or open-ended questions about your judgments (such as making predictions and providing explanations), observe events, and perform actions yourself (such as grouping objects). Sometimes you might watch a short video clip, look at pictures, or listen to music, and you may be asked to answer questions about how the clip or music made you feel.



Your total expected time commitment for this study is: [Field-time].



Benefits and Risks: 

There are no direct benefits to you as a participant, but this research will help us understand various cognitive processes, which may benefit society in a number of ways, including influencing legal and public policy.



Risks associated with participation in this study are minimal. You may feel slight discomfort answering some questions, but you may refrain from answering any questions that make you uncomfortable and may withdraw your participation at any time even after completing the experiment without penalty.



Confidentiality:

We will not be asking for any personally identifying information, and we will handle responses as confidentially as possible. Prolific IDs will never be tied to your responses on this survey. However, we cannot guarantee the confidentiality of information transmitted over the Internet. To minimize this risk, data containing anything that might be personally identifiable (e.g. Prolific IDs or IP addresses) will be encrypted on transfer and storage and will only be accessible to qualified lab personnel. We will be keeping data collected as part of this experiment indefinitely. This anonymized data (containing neither Prolific IDs nor IP addresses) may be shared with the scientific community or with other participants to be used as stimuli in future studies.



Compensation:

For your participation, you will receive [Field-pay]. If for any reason you do not complete the study (e.g. technical difficulties, or a desire to stop), we will only be able to pay you if you send an email through Prolific, or by emailing the lab manager at cognition@princeton.edu. If you have any questions about the study, feel free to contact the lab manager or the Principal Investigator, Tania Lombrozo, at lombrozo@princeton.edu.



Who to contact with questions:



1.PRINCIPAL INVESTIGATOR:

Tania Lombrozo

lombrozo@princeton.edu 



2. If you have questions regarding your rights as a research subject, or if problems arise which you do not feel you can discuss with the Investigator, please contact the Institutional Review Board at:

Assistant Director, Research Integrity and Assurance

Phone: (609) 258-9843

Email: irb@princeton.edu



3. I understand the information that was presented and that: A. My participation is voluntary, and I may withdraw my consent and discontinue participation in the project at any time. My refusal to participate will not result in any penalty. B. I do not waive any legal rights or release Princeton University, its agents, or you from liability for negligence. 



 4. I hereby give my consent to be the subject of your research.","What is your Prolific ID?

Please note that this response should auto-fill with the correct ID.","Suppose that you are going to play a role-playing game in which the object is to end the game with as many health points and gold coins as possible. You begin the game with 1000 health points and 1000 gold coins.

Your character may sustain damage, leading to a loss of health points. The main way to counteract damage is by purchasing remedies. These remedies can come in varying strengths, with the strength corresponding to the amount of health points that are replenished. So, for example, if you sustain damage that causes you to lose 120 health points, then a remedy of strength 90 will give you back 90 of the 120 health points you lost.

To show that you understand, suppose that you have 1000 health points, and then sustain damage, leading to a loss of 100 health points. An Earth Elixir is a remedy with strength 95. After you take an Earth Elixir, how many health points do you have?","Now suppose that you again have 1000 health points, and then sustain damage, leading to a loss of 100 health points. A Water Ointment is a remedy with strength 10. After you take a Water Ointment, how many health points do you have?",Please select the type of character that you would like to play as from the options below.,"You are about to go on a quest and will likely sustain damage. In the table below, there is a list of remedies with different strengths. In the future, you won't have access to this information, but you will have access to a note card that you can purchase prior to your quest, summarizing the information in the table. Recall that you have 1000 gold coins. 

 

	
		
			Remedy
			Strength
		
		
			Green Mushrooms
			82
		
		
			Yellow Mushrooms
			81
		
		
			Purple Mushrooms
			80
		
		
			Red Flowers
			19
		
		
			Yellow Flowers
			17
		
	



Which of the following note cards would you like to purchase? You must purchase one and only one.","You are about to go on a quest and will likely sustain damage. In the table below, there is a list of remedies with different strengths. In the future, you won't have access to this information, but you will have access to a note card that you can purchase prior to your quest, summarizing the information in the table. Recall that you have 1000 gold coins.

 

	
		
			Remedy
			Strength
		
		
			Green Mushrooms
			99
		
		
			Yellow Mushrooms
			81
		
		
			Purple Mushrooms
			63
		
		
			Red Flowers
			35
		
		
			Yellow Flowers
			1
		
	



Which of the following note cards would you like to purchase? You must purchase one and only one.","You now have [Field-coins1] gold coins. 

After departing on your quest, your character sustains a burn. This causes you to lose 120 health points, bringing you down to a total of 880 health points. A healer offers you a Yellow Mushroom, to restore some of your health. You look at your note card, which says: 

[Field-notes] 

What is the maximum number of gold coins that you would be willing to pay for a Yellow Mushroom?","The healer sold you a Yellow Mushroom at that price, and it replenished 81 health points. You now have [Field-coins2] gold coins and 961 health points.

You look at your note card again, which says: [Field-notes] - On a scale from -3 (very unhelpful) to 3 (very helpful), how helpful were your notes in deciding how much to pay for a yellow mushroom?","You now have [Field-coins2] gold coins and 960 health points. If you can recall the exact strength of each of the remedies that you saw earlier, you will receive a bonus of 100 gold coins. Below, please enter your best recollection of the strength of each remedy. - Green Mushrooms","You now have [Field-coins2] gold coins and 960 health points. If you can recall the exact strength of each of the remedies that you saw earlier, you will receive a bonus of 100 gold coins. Below, please enter your best recollection of the strength of each remedy. - Yellow Mushrooms","You now have [Field-coins2] gold coins and 960 health points. If you can recall the exact strength of each of the remedies that you saw earlier, you will receive a bonus of 100 gold coins. Below, please enter your best recollection of the strength of each remedy. - Purple Mushrooms","You now have [Field-coins2] gold coins and 960 health points. If you can recall the exact strength of each of the remedies that you saw earlier, you will receive a bonus of 100 gold coins. Below, please enter your best recollection of the strength of each remedy. - Red Flowers","You now have [Field-coins2] gold coins and 960 health points. If you can recall the exact strength of each of the remedies that you saw earlier, you will receive a bonus of 100 gold coins. Below, please enter your best recollection of the strength of each remedy. - Yellow Flowers","To the best of your recollection, which character did you choose?",Was anything about this survey confusing or frustrating for you?,pay,time,PROLIFIC_PID,STUDY_ID,SESSION_ID,loss,cost,coins1,notes,coins2,coins3
"{""ImportId"":""startDate"",""timeZone"":""America/Denver""}","{""ImportId"":""endDate"",""timeZone"":""America/Denver""}","{""ImportId"":""status""}","{""ImportId"":""ipAddress""}","{""ImportId"":""progress""}","{""ImportId"":""duration""}","{""ImportId"":""finished""}","{""ImportId"":""recordedDate"",""timeZone"":""America/Denver""}","{""ImportId"":""_recordId""}","{""ImportId"":""recipientLastName""}","{""ImportId"":""recipientFirstName""}","{""ImportId"":""recipientEmail""}","{""ImportId"":""externalDataReference""}","{""ImportId"":""locationLatitude""}","{""ImportId"":""locationLongitude""}","{""ImportId"":""distributionChannel""}","{""ImportId"":""userLanguage""}","{""ImportId"":""QID21""}","{""ImportId"":""QID23_TEXT""}","{""ImportId"":""QID3_TEXT""}","{""ImportId"":""QID103_TEXT""}","{""ImportId"":""QID94""}","{""ImportId"":""QID8""}","{""ImportId"":""QID101""}","{""ImportId"":""QID96_TEXT""}","{""ImportId"":""QID97_4""}","{""ImportId"":""QID98_1""}","{""ImportId"":""QID98_2""}","{""ImportId"":""QID98_3""}","{""ImportId"":""QID98_4""}","{""ImportId"":""QID98_5""}","{""ImportId"":""QID16""}","{""ImportId"":""QID95_TEXT""}","{""ImportId"":""pay""}","{""ImportId"":""time""}","{""ImportId"":""PROLIFIC_PID""}","{""ImportId"":""STUDY_ID""}","{""ImportId"":""SESSION_ID""}","{""ImportId"":""loss""}","{""ImportId"":""cost""}","{""ImportId"":""coins1""}","{""ImportId"":""notes""}","{""ImportId"":""coins2""}","{""ImportId"":""coins3""}"
4/20/23 13:42,4/20/23 13:45,IP Address,*******,100,184,TRUE,4/20/23 13:45,R_OwnRc9hh8RMH0sN,*******,*******,*******,*******,*******,*******,anonymous,EN,I consent,62d59a7b40c07da2c0a5b473,995,910,Wizard,"A note card that says ""Green mushrooms are strongest, followed by yellow mushrooms, then purple mushrooms, then red flowers, then yellow flowers."" Cost: ${e://Field/cost} Gold Coins.",,81,3,82,81,80,19,13,Wizard,,$1.00 ,5 minutes,62d59a7b40c07da2c0a5b473,64418fa1704d272f0e168bab,6441958aa031e2bab9c52e8d,low,100,900,"""Green mushrooms are strongest, followed by yellow mushrooms, then purple mushrooms, then red flowers, then yellow flowers.""",819,819
4/20/23 13:41,4/20/23 13:45,IP Address,*******,100,250,TRUE,4/20/23 13:45,R_1qVZybvaFVUsDdg,*******,*******,*******,*******,*******,*******,anonymous,EN,I consent,5fc17c03d0cabf16011a647b,995,910,Warrior,"A note card that says ""Mushrooms are stronger than flowers."" Cost: 100 Gold Coins.",,70,1,83,82,81,19,17,Warrior,,$1.00 ,5 minutes,5fc17c03d0cabf16011a647b,64418fa1704d272f0e168bab,64419568229479353e4c42b5,low,120,900,"""Mushrooms are stronger than flowers.""",830,830
4/20/23 13:42,4/20/23 13:48,IP Address,*******,100,335,TRUE,4/20/23 13:48,R_3qQgwmnGA3TzpEa,*******,*******,*******,*******,*******,*******,anonymous,EN,I consent,5f9b9c744711463d29dbe9a7,995,910,Wizard,,"A note card that says ""Green mushrooms are strongest, followed by yellow mushrooms, then purple mushrooms, then red flowers, then yellow flowers."" Cost: ${e://Field/cost} Gold Coins.",60,1,120,81,55,36,1,Wizard,"No, although I wanted a cool wizard name",$1.00 ,5 minutes,5f9b9c744711463d29dbe9a7,64418fa1704d272f0e168bab,644195a9d29812cf69a7b445,high,120,880,"""Green mushrooms are strongest, followed by yellow mushrooms, then purple mushrooms, then red flowers, then yellow flowers.""",820,820
4/20/23 13:46,4/20/23 13:52,IP Address,*******,100,409,TRUE,4/20/23 13:52,R_3388PDKAVbXs2vu,*******,*******,*******,*******,*******,*******,anonymous,EN,I consent,610e0dc76d43ecb6fea93855,5,910,Wizard,,"A note card that says ""Green mushrooms are strongest, followed by yellow mushrooms, then purple mushrooms, then red flowers, then yellow flowers."" Cost: ${e://Field/cost} Gold Coins.",120,2,120,100,90,65,35,Wizard,"just remembering, it has been hard for me since i have brain fog from covid, and things still smell and taste weird, fuck kushner and trump and republicans for their involvement in my ill health",$1.00 ,5 minutes,610e0dc76d43ecb6fea93855,64418fa1704d272f0e168baa,6441967a4e4b741e68e1ec42,high,120,880,"""Green mushrooms are strongest, followed by yellow mushrooms, then purple mushrooms, then red flowers, then yellow flowers.""",760,760
4/20/23 13:53,4/20/23 13:55,IP Address,*******,100,160,TRUE,4/20/23 13:55,R_2QM5wi84t6KT82k,*******,*******,*******,*******,*******,*******,anonymous,EN,I consent,5e6a610ab80986011a2bafa8,995,910,Siren,"A note card that says ""Green mushrooms are strongest, followed by yellow mushrooms, then purple mushrooms, then red flowers, then yellow flowers."" Cost: ${e://Field/cost} Gold Coins.",,100,0,82,81,80,19,20,Siren,,$1.00 ,5 minutes,5e6a610ab80986011a2bafa8,64418fa1704d272f0e168bab,6441981667207ce00b88c197,low,100,900,"""Green mushrooms are strongest, followed by yellow mushrooms, then purple mushrooms, then red flowers, then yellow flowers.""",800,800
4/20/23 14:00,4/20/23 14:02,IP Address,*******,100,166,TRUE,4/20/23 14:02,R_1ibBdSsjkA1fivE,*******,*******,*******,*******,*******,*******,anonymous,EN,I consent,55884984fdf99b4021921e67,995,910,Wizard,,"A note card that says ""Mushrooms are stronger than flowers."" Cost: 100 Gold Coins.",80,1,99,80,70,50,40,Wizard,No,$1.00 ,5 minutes,55884984fdf99b4021921e67,64418fa1704d272f0e168bab,644199c4c816f9a668ef3169,high,120,900,"""Mushrooms are stronger than flowers.""",820,820
4/20/23 14:00,4/20/23 14:03,IP Address,*******,100,186,TRUE,4/20/23 14:03,R_3Odp3Xkda6riuRd,*******,*******,*******,*******,*******,*******,anonymous,EN,I consent,5c33ccf9377d960001044af0,995,910,Warrior,"A note card that says ""Green mushrooms are strongest, followed by yellow mushrooms, then purple mushrooms, then red flowers, then yellow flowers."" Cost: ${e://Field/cost} Gold Coins.",,50,1,82,60,40,30,20,Warrior,None,$1.00 ,5 minutes,5c33ccf9377d960001044af0,64418fa1704d272f0e168baa,644199bc1f83f585a219f8b1,low,100,900,"""Green mushrooms are strongest, followed by yellow mushrooms, then purple mushrooms, then red flowers, then yellow flowers.""",850,850
4/20/23 14:08,4/20/23 14:11,IP Address,*******,100,164,TRUE,4/20/23 14:11,R_2tneMthvt81IlxX,*******,*******,*******,*******,*******,*******,anonymous,EN,I consent,5cba91f716ab74001672d747,995,910,Huntress,"A note card that says ""Mushrooms are stronger than flowers."" Cost: 100 Gold Coins.",,80,2,83,82,81,19,18,Huntress,No,$1.00 ,5 minutes,5cba91f716ab74001672d747,64418fa1704d272f0e168baa,64419bbfb1dc1b82719b960f,low,120,900,"""Mushrooms are stronger than flowers.""",820,820
4/20/23 14:09,4/20/23 14:14,IP Address,*******,100,316,TRUE,4/20/23 14:14,R_1kHLipqo8kcwMj9,*******,*******,*******,*******,*******,*******,anonymous,EN,I consent,62879d3a38cf2c0b429727c6,995,910,Wizard,,"A note card that says ""Mushrooms are stronger than flowers."" Cost: 100 Gold Coins.",100,2,99,81,54,26,10,Wizard,No,$1.00 ,5 minutes,62879d3a38cf2c0b429727c6,64418fa1704d272f0e168baa,64419bf112f10259d7588e6d,high,100,900,"""Mushrooms are stronger than flowers.""",800,800
4/20/23 14:12,4/20/23 14:15,IP Address,*******,100,148,TRUE,4/20/23 14:15,R_DfaC5l0Bj1BPKc9,*******,*******,*******,*******,*******,*******,anonymous,EN,I consent,539850c7fdf99b1ccc3f1302,9995,910,Huntress,"A note card that says ""Green mushrooms are strongest, followed by yellow mushrooms, then purple mushrooms, then red flowers, then yellow flowers."" Cost: ${e://Field/cost} Gold Coins.",,100,2,82,81,90,19,17,Huntress,,$1.00 ,5 minutes,539850c7fdf99b1ccc3f1302,64418fa1704d272f0e168bab,64419cafc1b0ae30927c04df,low,120,880,"""Green mushrooms are strongest, followed by yellow mushrooms, then purple mushrooms, then red flowers, then yellow flowers.""",780,780
4/20/23 14:11,4/20/23 14:15,IP Address,*******,100,242,TRUE,4/20/23 14:15,R_2CNva4yxfxGhFGU,*******,*******,*******,*******,*******,*******,anonymous,EN,I consent,6109649dbb35090e6179a6c8,995,910,Siren,,"A note card that says ""Green mushrooms are strongest, followed by yellow mushrooms, then purple mushrooms, then red flowers, then yellow flowers."" Cost: ${e://Field/cost} Gold Coins.",68,3,98,68,38,28,18,Siren,,$1.00 ,5 minutes,6109649dbb35090e6179a6c8,64418fa1704d272f0e168bab,64419c74a20e44edda4ce165,high,100,900,"""Green mushrooms are strongest, followed by yellow mushrooms, then purple mushrooms, then red flowers, then yellow flowers.""",832,832
4/20/23 14:16,4/20/23 14:19,IP Address,*******,100,211,TRUE,4/20/23 14:19,R_30dwTtz0AdNgwrR,*******,*******,*******,*******,*******,*******,anonymous,EN,I consent,62f6bdefe4df5ba89b45f2f4,995,910,Huntress,"A note card that says ""Mushrooms are stronger than flowers."" Cost: 100 Gold Coins.",,75,1,82,81,80,19,17,Huntress,,$1.00 ,5 minutes,62f6bdefe4df5ba89b45f2f4,64418fa1704d272f0e168baa,64419d89b2049b8e7993bc02,low,120,900,"""Mushrooms are stronger than flowers.""",825,925
4/20/23 14:18,4/20/23 14:21,IP Address,*******,100,147,TRUE,4/20/23 14:21,R_bwkMWdiheVI5gUV,*******,*******,*******,*******,*******,*******,anonymous,EN,I consent,5be1030c2b1e7d000178d718,995,910,Bard,,"A note card that says ""Mushrooms are stronger than flowers."" Cost: 100 Gold Coins.",50,1,90,80,60,40,20,Bard,no,$1.00 ,5 minutes,5be1030c2b1e7d000178d718,64418fa1704d272f0e168baa,64419e1e58c1b8f3f06080ea,high,120,900,"""Mushrooms are stronger than flowers.""",850,850
4/20/23 14:18,4/20/23 14:21,IP Address,*******,100,180,TRUE,4/20/23 14:21,R_3PgypU3SBzEgvms,*******,*******,*******,*******,*******,*******,anonymous,EN,I consent,62d6e24cf74647ef51a16300,995,910,Wizard,,"A note card that says ""Green mushrooms are strongest, followed by yellow mushrooms, then purple mushrooms, then red flowers, then yellow flowers."" Cost: ${e://Field/cost} Gold Coins.",25,1,90,70,50,33,1,Wizard,,$1.00 ,5 minutes,62d6e24cf74647ef51a16300,64418fa1704d272f0e168baa,64419e19fe0fe45e3737bf26,high,100,900,"""Green mushrooms are strongest, followed by yellow mushrooms, then purple mushrooms, then red flowers, then yellow flowers.""",875,875
4/20/23 14:19,4/20/23 14:22,IP Address,*******,100,225,TRUE,4/20/23 14:22,R_oYyt9GXmPlbmq41,*******,*******,*******,*******,*******,*******,anonymous,EN,I consent,558980cdfdf99b7ae47f5a75,995,910,Wizard,,"A note card that says ""Green mushrooms are strongest, followed by yellow mushrooms, then purple mushrooms, then red flowers, then yellow flowers."" Cost: ${e://Field/cost} Gold Coins.",90,3,99,80,60,30,1,Wizard,"No, very well explained. ",$1.00 ,5 minutes,558980cdfdf99b7ae47f5a75,64418fa1704d272f0e168baa,64419e319bee0a97797436e0,high,100,900,"""Green mushrooms are strongest, followed by yellow mushrooms, then purple mushrooms, then red flowers, then yellow flowers.""",810,810
4/20/23 14:19,4/20/23 14:23,IP Address,*******,100,216,TRUE,4/20/23 14:23,R_2zSJjGaNGEo4XPK,*******,*******,*******,*******,*******,*******,anonymous,EN,I consent,5cd31d68db60cb0017d4ac33,995,910,Bard,"A note card that says ""Green mushrooms are strongest, followed by yellow mushrooms, then purple mushrooms, then red flowers, then yellow flowers."" Cost: ${e://Field/cost} Gold Coins.",,80,3,82,81,36,19,9,Bard,,$1.00 ,5 minutes,5cd31d68db60cb0017d4ac33,64418fa1704d272f0e168bab,64419e3e6a494dcaac4f758d,low,120,880,"""Green mushrooms are strongest, followed by yellow mushrooms, then purple mushrooms, then red flowers, then yellow flowers.""",800,800
4/20/23 14:18,4/20/23 14:23,IP Address,*******,100,350,TRUE,4/20/23 14:23,R_5cZwJ8hos0ZmHjr,*******,*******,*******,*******,*******,*******,anonymous,EN,I consent,623a3d1b72cde1824ccbc6d1,995,910,Huntress,"A note card that says ""Green mushrooms are strongest, followed by yellow mushrooms, then purple mushrooms, then red flowers, then yellow flowers."" Cost: ${e://Field/cost} Gold Coins.",,60,0,82,81,80,17,9,Huntress,,$1.00 ,5 minutes,623a3d1b72cde1824ccbc6d1,64418fa1704d272f0e168bab,64419de798d38f4ab22c46e0,low,100,900,"""Green mushrooms are strongest, followed by yellow mushrooms, then purple mushrooms, then red flowers, then yellow flowers.""",840,840
4/20/23 14:18,4/20/23 14:24,IP Address,*******,100,361,TRUE,4/20/23 14:24,R_11WK0Swo64IGvN2,*******,*******,*******,*******,*******,*******,anonymous,EN,I consent,63d42b52cb23bc6403e343c2,995,910,Huntress,"A note card that says ""Green mushrooms are strongest, followed by yellow mushrooms, then purple mushrooms, then red flowers, then yellow flowers."" Cost: ${e://Field/cost} Gold Coins.",,80,2,87,85,70,29,27,Huntress,,$1.00 ,5 minutes,63d42b52cb23bc6403e343c2,64418fa1704d272f0e168bab,64419dfaa0ffad81ecc52e94,low,100,900,"""Green mushrooms are strongest, followed by yellow mushrooms, then purple mushrooms, then red flowers, then yellow flowers.""",820,820
4/20/23 14:20,4/20/23 14:24,IP Address,*******,100,258,TRUE,4/20/23 14:24,R_x9tMVW6MPVVGgut,*******,*******,*******,*******,*******,*******,anonymous,EN,I consent,5d78c1a80b7abe00017923da,995,910,Wizard,"A note card that says ""Mushrooms are stronger than flowers."" Cost: 100 Gold Coins.",,50,2,82,81,80,19,17,Wizard,No,$1.00 ,5 minutes,5d78c1a80b7abe00017923da,64418fa1704d272f0e168baa,64419e7be2588dfe7b92bb1a,low,120,900,"""Mushrooms are stronger than flowers.""",850,950
4/20/23 14:19,4/20/23 14:25,IP Address,*******,100,317,TRUE,4/20/23 14:25,R_yW3ifhvCVUb4mKR,*******,*******,*******,*******,*******,*******,anonymous,EN,I consent,55a316e7fdf99b246a8ba956,995,910,Warrior,,"A note card that says ""Green mushrooms are strongest, followed by yellow mushrooms, then purple mushrooms, then red flowers, then yellow flowers."" Cost: ${e://Field/cost} Gold Coins.",90,2,90,81,60,31,15,Warrior,No.,$1.00 ,5 minutes,55a316e7fdf99b246a8ba956,64418fa1704d272f0e168baa,64419e5de4fd6a4fb5f08910,high,100,900,"""Green mushrooms are strongest, followed by yellow mushrooms, then purple mushrooms, then red flowers, then yellow flowers.""",810,810
4/20/23 14:19,4/20/23 14:25,IP Address,*******,100,349,TRUE,4/20/23 14:25,R_O9eLWvPlMWMNvGx,*******,*******,*******,*******,*******,*******,anonymous,EN,I consent,60fff3c097968fb2cc1b8871,995,910,Warrior,,"A note card that says ""Green mushrooms are strongest, followed by yellow mushrooms, then purple mushrooms, then red flowers, then yellow flowers."" Cost: ${e://Field/cost} Gold Coins.",90,2,96,81,43,39,1,Warrior,No!,$1.00 ,5 minutes,60fff3c097968fb2cc1b8871,64418fa1704d272f0e168bab,64419e536a494dcaac4f7598,high,120,880,"""Green mushrooms are strongest, followed by yellow mushrooms, then purple mushrooms, then red flowers, then yellow flowers.""",790,790
4/20/23 14:19,4/20/23 14:26,IP Address,*******,100,396,TRUE,4/20/23 14:26,R_ApPyI4sBIlmE9GN,*******,*******,*******,*******,*******,*******,anonymous,EN,I consent,62f188992fd7297065e9c2e4,995,910,Wizard,,"A note card that says ""Green mushrooms are strongest, followed by yellow mushrooms, then purple mushrooms, then red flowers, then yellow flowers."" Cost: ${e://Field/cost} Gold Coins.",50,0,99,81,50,10,1,Wizard,Nothing was confusing for me,$1.00 ,5 minutes,62f188992fd7297065e9c2e4,64418fa1704d272f0e168baa,64419e4d27d2660183f088f5,high,120,880,"""Green mushrooms are strongest, followed by yellow mushrooms, then purple mushrooms, then red flowers, then yellow flowers.""",830,830
4/20/23 14:22,4/20/23 14:26,IP Address,*******,100,248,TRUE,4/20/23 14:26,R_1rvqDBHIrccqHsM,*******,*******,*******,*******,*******,*******,anonymous,EN,I consent,6400f4e2244da80dee47808e,995,910,Warrior,,"A note card that says ""Green mushrooms are strongest, followed by yellow mushrooms, then purple mushrooms, then red flowers, then yellow flowers."" Cost: ${e://Field/cost} Gold Coins.",50,1,100,80,60,40,20,Warrior,,$1.00 ,5 minutes,6400f4e2244da80dee47808e,64418fa1704d272f0e168baa,64419efd2fd7fe34d6e1f52f,high,120,880,"""Green mushrooms are strongest, followed by yellow mushrooms, then purple mushrooms, then red flowers, then yellow flowers.""",830,830
4/20/23 14:22,4/20/23 14:27,IP Address,*******,100,273,TRUE,4/20/23 14:27,R_1oAUby4BHn4JhSa,*******,*******,*******,*******,*******,*******,anonymous,EN,I consent,62c5dc08e00a823760c8196d,995,910,Wizard,,"A note card that says ""Green mushrooms are strongest, followed by yellow mushrooms, then purple mushrooms, then red flowers, then yellow flowers."" Cost: ${e://Field/cost} Gold Coins.",120,1,3,6,2,5,2,Wizard,nope,$1.00 ,5 minutes,62c5dc08e00a823760c8196d,64418fa1704d272f0e168baa,64419f0f019880f5efb70245,high,100,900,"""Green mushrooms are strongest, followed by yellow mushrooms, then purple mushrooms, then red flowers, then yellow flowers.""",780,780
4/20/23 14:24,4/20/23 14:27,IP Address,*******,100,171,TRUE,4/20/23 14:27,R_2vcaYxOhiedv81A,*******,*******,*******,*******,*******,*******,anonymous,EN,I consent,6010e0dab98c814912076b27,905,910,Wizard,,"A note card that says ""Green mushrooms are strongest, followed by yellow mushrooms, then purple mushrooms, then red flowers, then yellow flowers."" Cost: ${e://Field/cost} Gold Coins.",80,2,99,91,85,61,55,Wizard,,$1.00 ,5 minutes,6010e0dab98c814912076b27,64418fa1704d272f0e168bab,64419f7e4d18b51e4bc52e91,high,120,880,"""Green mushrooms are strongest, followed by yellow mushrooms, then purple mushrooms, then red flowers, then yellow flowers.""",800,800
4/20/23 14:23,4/20/23 14:27,IP Address,*******,100,227,TRUE,4/20/23 14:27,R_3PS30RckyxfusoA,*******,*******,*******,*******,*******,*******,anonymous,EN,I consent,63d44132df5ebdec4bd022d5,995,910,Huntress,"A note card that says ""Green mushrooms are strongest, followed by yellow mushrooms, then purple mushrooms, then red flowers, then yellow flowers."" Cost: ${e://Field/cost} Gold Coins.",,80,0,82,81,80,18,17,Huntress,,$1.00 ,5 minutes,63d44132df5ebdec4bd022d5,64418fa1704d272f0e168baa,64419f49120fc8c97b930db8,low,120,880,"""Green mushrooms are strongest, followed by yellow mushrooms, then purple mushrooms, then red flowers, then yellow flowers.""",800,800
4/20/23 14:21,4/20/23 14:27,IP Address,*******,100,366,TRUE,4/20/23 14:27,R_2xVJsRBrIhsgxyp,*******,*******,*******,*******,*******,*******,anonymous,EN,I consent,63cfe60c7f8639b6e950fa03,995,910,Huntress,"A note card that says ""Green mushrooms are strongest, followed by yellow mushrooms, then purple mushrooms, then red flowers, then yellow flowers."" Cost: ${e://Field/cost} Gold Coins.",,20,3,82,81,80,20,15,Huntress,,$1.00 ,5 minutes,63cfe60c7f8639b6e950fa03,64418fa1704d272f0e168bab,64419ec1e18f32643f681efd,low,100,900,"""Green mushrooms are strongest, followed by yellow mushrooms, then purple mushrooms, then red flowers, then yellow flowers.""",880,880
4/20/23 14:23,4/20/23 14:27,IP Address,*******,100,254,TRUE,4/20/23 14:27,R_1EcbgMyIOIlWn4x,*******,*******,*******,*******,*******,*******,anonymous,EN,I consent,5e74f8d162625f04cadfbe97,995,910,Bard,,"A note card that says ""Green mushrooms are strongest, followed by yellow mushrooms, then purple mushrooms, then red flowers, then yellow flowers."" Cost: ${e://Field/cost} Gold Coins.",95,1,99,81,63,23,1,Bard,Nope! Made perfect sense. ,$1.00 ,5 minutes,5e74f8d162625f04cadfbe97,64418fa1704d272f0e168bab,64419f363b6cb504008d0d1e,high,100,900,"""Green mushrooms are strongest, followed by yellow mushrooms, then purple mushrooms, then red flowers, then yellow flowers.""",805,805
4/20/23 14:23,4/20/23 14:28,IP Address,*******,100,303,TRUE,4/20/23 14:28,R_2OMv82MYeUZdNNp,*******,*******,*******,*******,*******,*******,anonymous,EN,I consent,5d1ea7e579b687001af802c6,995,910,Warrior,,"A note card that says ""Mushrooms are stronger than flowers."" Cost: 100 Gold Coins.",120,1,95,75,60,50,45,Warrior,no,$1.00 ,5 minutes,5d1ea7e579b687001af802c6,64418fa1704d272f0e168bab,64419f39e4a8ceee486080d4,high,100,900,"""Mushrooms are stronger than flowers.""",780,780
4/20/23 14:24,4/20/23 14:29,IP Address,*******,100,259,TRUE,4/20/23 14:29,R_3fTRWo0m1IMbbku,*******,*******,*******,*******,*******,*******,anonymous,EN,I consent,5d16ab9b59da87001ac41a61,995,910,Huntress,"A note card that says ""Green mushrooms are strongest, followed by yellow mushrooms, then purple mushrooms, then red flowers, then yellow flowers."" Cost: ${e://Field/cost} Gold Coins.",,10,0,31,28,27,17,15,Huntress,,$1.00 ,5 minutes,5d16ab9b59da87001ac41a61,64418fa1704d272f0e168bab,64419f775824505c817d5648,low,100,900,"""Green mushrooms are strongest, followed by yellow mushrooms, then purple mushrooms, then red flowers, then yellow flowers.""",890,890
4/20/23 14:24,4/20/23 14:29,IP Address,*******,100,297,TRUE,4/20/23 14:29,R_3PCRA5ljXNG8vmN,*******,*******,*******,*******,*******,*******,anonymous,EN,I consent,5c0abcc49f5dfb00011cf6a6,995,910,Siren,"A note card that says ""Green mushrooms are strongest, followed by yellow mushrooms, then purple mushrooms, then red flowers, then yellow flowers."" Cost: ${e://Field/cost} Gold Coins.",,80,1,90,85,70,10,5,Siren,,$1.00 ,5 minutes,5c0abcc49f5dfb00011cf6a6,64418fa1704d272f0e168bab,64419f61c6a320d7084030a7,low,100,900,"""Green mushrooms are strongest, followed by yellow mushrooms, then purple mushrooms, then red flowers, then yellow flowers.""",820,820
4/20/23 14:22,4/20/23 14:29,IP Address,*******,100,423,TRUE,4/20/23 14:29,R_0CmMSxFB1vPY1q1,*******,*******,*******,*******,*******,*******,anonymous,EN,I consent,5aea9bcf5822e100014abc54,995,910,Huntress,"A note card that says ""Green mushrooms are strongest, followed by yellow mushrooms, then purple mushrooms, then red flowers, then yellow flowers."" Cost: ${e://Field/cost} Gold Coins.",,50,3,82,81,80,19,17,Huntress,,$1.00 ,5 minutes,5aea9bcf5822e100014abc54,64418fa1704d272f0e168baa,64419edee50bcf5e2576619b,low,100,900,"""Green mushrooms are strongest, followed by yellow mushrooms, then purple mushrooms, then red flowers, then yellow flowers.""",850,950
4/20/23 14:19,4/20/23 14:30,IP Address,*******,100,607,TRUE,4/20/23 14:30,R_3dM1qAMz1qVSpin,*******,*******,*******,*******,*******,*******,anonymous,EN,I consent,5e1276f7e69d0a912635da16,905,910,Siren,"A note card that says ""Green mushrooms are strongest, followed by yellow mushrooms, then purple mushrooms, then red flowers, then yellow flowers."" Cost: ${e://Field/cost} Gold Coins.",,81,3,82,81,80,19,17,Siren,"I was not sure if I had to offer the max value of the remedy, or if I could offer a lower max value as I would not start at the top of the range in a negotiation.",$1.00 ,5 minutes,5e1276f7e69d0a912635da16,64418fa1704d272f0e168bab,64419e618f49916c22186d25,low,100,900,"""Green mushrooms are strongest, followed by yellow mushrooms, then purple mushrooms, then red flowers, then yellow flowers.""",819,919
4/20/23 14:27,4/20/23 14:30,IP Address,*******,100,181,TRUE,4/20/23 14:30,R_ahimmom4FLodUFX,*******,*******,*******,*******,*******,*******,anonymous,EN,I consent,62d4c5676e4f202832300e40,995,910,Wizard,,"A note card that says ""Green mushrooms are strongest, followed by yellow mushrooms, then purple mushrooms, then red flowers, then yellow flowers."" Cost: ${e://Field/cost} Gold Coins.",3,2,1,2,3,5,4,Wizard,,$1.00 ,5 minutes,62d4c5676e4f202832300e40,64418fa1704d272f0e168baa,6441a029982d40a34807319e,high,120,880,"""Green mushrooms are strongest, followed by yellow mushrooms, then purple mushrooms, then red flowers, then yellow flowers.""",877,877
4/20/23 14:27,4/20/23 14:30,IP Address,*******,100,220,TRUE,4/20/23 14:30,R_3mn9vWWDcvGLh4q,*******,*******,*******,*******,*******,*******,anonymous,EN,I consent,636147ff2f921de691b08404,95,10,Wizard,"A note card that says ""Mushrooms are stronger than flowers."" Cost: 100 Gold Coins.",,75,1,82,81,80,60,59,Wizard,,$1.00 ,5 minutes,636147ff2f921de691b08404,64418fa1704d272f0e168baa,6441a0122435b0eba793bbf9,low,120,900,"""Mushrooms are stronger than flowers.""",825,825
4/20/23 14:24,4/20/23 14:30,IP Address,*******,100,376,TRUE,4/20/23 14:30,R_2dEA1VPczDe7RM1,*******,*******,*******,*******,*******,*******,anonymous,EN,I consent,63b0644f614d18abfcfcacfe,995,910,Siren,,"A note card that says ""Mushrooms are stronger than flowers."" Cost: 100 Gold Coins.",100,2,120,91,76,30,1,Siren,"I wanted to remember all the particular details, but couldn’t.",$1.00 ,5 minutes,63b0644f614d18abfcfcacfe,64418fa1704d272f0e168bab,64419f7d61b7eb3a5619f8a3,high,120,900,"""Mushrooms are stronger than flowers.""",800,800
4/20/23 14:28,4/20/23 14:31,IP Address,*******,100,182,TRUE,4/20/23 14:31,R_3pnEcXJvY3VMQQQ,*******,*******,*******,*******,*******,*******,anonymous,EN,I consent,60a89e4018424e53824f0658,995,910,Huntress,"A note card that says ""Green mushrooms are strongest, followed by yellow mushrooms, then purple mushrooms, then red flowers, then yellow flowers."" Cost: ${e://Field/cost} Gold Coins.",,86,2,83,81,80,19,17,Huntress,no,$1.00 ,5 minutes,60a89e4018424e53824f0658,64418fa1704d272f0e168baa,6441a04c4b01e395829feff6,low,100,900,"""Green mushrooms are strongest, followed by yellow mushrooms, then purple mushrooms, then red flowers, then yellow flowers.""",814,814
4/20/23 14:28,4/20/23 14:31,IP Address,*******,100,173,TRUE,4/20/23 14:31,R_1K27ZCfFcjdzvAz,*******,*******,*******,*******,*******,*******,anonymous,EN,I consent,61126ae96d1d4e2b2571704d,995,910,Huntress,,"A note card that says ""Mushrooms are stronger than flowers."" Cost: 100 Gold Coins.",80,1,90,81,63,30,1,Huntress,,$1.00 ,5 minutes,61126ae96d1d4e2b2571704d,64418fa1704d272f0e168bab,6441a056c215da6f7506f7ac,high,120,900,"""Mushrooms are stronger than flowers.""",820,820
4/20/23 14:23,4/20/23 14:31,IP Address,*******,100,482,TRUE,4/20/23 14:31,R_SHSZDkdix3P1zwJ,*******,*******,*******,*******,*******,*******,anonymous,EN,I consent,5f3c23cbcee6b3a3c4faff76,995,910,Bard,,"A note card that says ""Mushrooms are stronger than flowers."" Cost: 100 Gold Coins.",100,2,98,81,63,56,1,Bard,,$1.00 ,5 minutes,5f3c23cbcee6b3a3c4faff76,64418fa1704d272f0e168bab,64419f514f91bbc94f92bb02,high,120,900,"""Mushrooms are stronger than flowers.""",800,800
4/20/23 14:27,4/20/23 14:32,IP Address,*******,100,299,TRUE,4/20/23 14:32,R_3PLWfzHha2J9Xvm,*******,*******,*******,*******,*******,*******,anonymous,EN,I consent,620bda0aa922fc3f247f64c2,995,910,Huntress,,"A note card that says ""Mushrooms are stronger than flowers."" Cost: 100 Gold Coins.",89,2,89,81,43,54,1,Huntress,no,$1.00 ,5 minutes,620bda0aa922fc3f247f64c2,64418fa1704d272f0e168bab,6441a00f3b133f461ca7b46d,high,100,900,"""Mushrooms are stronger than flowers.""",811,811
4/20/23 14:27,4/20/23 14:32,IP Address,*******,100,295,TRUE,4/20/23 14:32,R_r2Btlq88NkHKKMF,*******,*******,*******,*******,*******,*******,anonymous,EN,I consent,5f21d57a48386f1550a2e7c2,995,910,Warrior,,"A note card that says ""Green mushrooms are strongest, followed by yellow mushrooms, then purple mushrooms, then red flowers, then yellow flowers."" Cost: ${e://Field/cost} Gold Coins.",81,2,99,81,63,35,1,Warrior,Not at all. FANTASTIC concept! Best of luck in your research!!,$1.00 ,5 minutes,5f21d57a48386f1550a2e7c2,64418fa1704d272f0e168baa,64419fcdcfb32112a3a00515,high,100,900,"""Green mushrooms are strongest, followed by yellow mushrooms, then purple mushrooms, then red flowers, then yellow flowers.""",819,919
4/20/23 14:30,4/20/23 14:33,IP Address,*******,100,180,TRUE,4/20/23 14:33,R_2uwINvbGGZlKxXB,*******,*******,*******,*******,*******,*******,anonymous,EN,I consent,63fdb855f43e1eae1db39fa4,995,910,Wizard,"A note card that says ""Mushrooms are stronger than flowers."" Cost: 100 Gold Coins.",,200,1,82,81,80,17,15,Wizard,No,$1.00 ,5 minutes,63fdb855f43e1eae1db39fa4,64418fa1704d272f0e168baa,6441a0c522285641e188c197,low,120,900,"""Mushrooms are stronger than flowers.""",700,700
4/20/23 14:30,4/20/23 14:33,IP Address,*******,100,157,TRUE,4/20/23 14:33,R_3DvGQI6VFNFXlOJ,*******,*******,*******,*******,*******,*******,anonymous,EN,I consent,6111b27e123039e968795ea8,995,910,Huntress,,"A note card that says ""Green mushrooms are strongest, followed by yellow mushrooms, then purple mushrooms, then red flowers, then yellow flowers."" Cost: ${e://Field/cost} Gold Coins.",30,3,63,55,43,35,1,Huntress,,$1.00 ,5 minutes,6111b27e123039e968795ea8,64418fa1704d272f0e168bab,6441a0e2636cf04dcd7c04d5,high,100,900,"""Green mushrooms are strongest, followed by yellow mushrooms, then purple mushrooms, then red flowers, then yellow flowers.""",870,870
4/20/23 14:28,4/20/23 14:33,IP Address,*******,100,310,TRUE,4/20/23 14:33,R_1NCZlgacoQzGOdj,*******,*******,*******,*******,*******,*******,anonymous,EN,I consent,5e9273fc26ded40e3b92f873,995,910,Wizard,"A note card that says ""Green mushrooms are strongest, followed by yellow mushrooms, then purple mushrooms, then red flowers, then yellow flowers."" Cost: ${e://Field/cost} Gold Coins.",,81,-2,82,81,80,19,17,Wizard,,$1.00 ,5 minutes,5e9273fc26ded40e3b92f873,64418fa1704d272f0e168bab,6441a04b6e0410ee5409b30b,low,120,880,"""Green mushrooms are strongest, followed by yellow mushrooms, then purple mushrooms, then red flowers, then yellow flowers.""",799,899
4/20/23 14:25,4/20/23 14:33,IP Address,*******,100,482,TRUE,4/20/23 14:33,R_3imSgfIYNoyEwLc,*******,*******,*******,*******,*******,*******,anonymous,EN,I consent,63c5a43f0cb13f00f8e8de1f,995,910,Siren,"A note card that says ""Green mushrooms are strongest, followed by yellow mushrooms, then purple mushrooms, then red flowers, then yellow flowers."" Cost: ${e://Field/cost} Gold Coins.",,50,-1,81,80,70,65,60,Siren,Just trying to remembering the cost of remedies ,$1.00 ,5 minutes,63c5a43f0cb13f00f8e8de1f,64418fa1704d272f0e168bab,64419fa38e51af76912cd6d9,low,100,900,"""Green mushrooms are strongest, followed by yellow mushrooms, then purple mushrooms, then red flowers, then yellow flowers.""",850,850
4/20/23 14:28,4/20/23 14:33,IP Address,*******,100,323,TRUE,4/20/23 14:33,R_T1I6Z2VBybuEs3n,*******,*******,*******,*******,*******,*******,anonymous,EN,I consent,6277d668f802ce2db067e77e,995,910,Huntress,"A note card that says ""Mushrooms are stronger than flowers."" Cost: 100 Gold Coins.",,81,-2,82,81,79,19,17,Huntress,,$1.00 ,5 minutes,6277d668f802ce2db067e77e,64418fa1704d272f0e168bab,6441a05092bc2928b3766179,low,120,900,"""Mushrooms are stronger than flowers.""",819,819
4/20/23 14:28,4/20/23 14:34,IP Address,*******,100,389,TRUE,4/20/23 14:34,R_3qIRdPx23FIkWQo,*******,*******,*******,*******,*******,*******,anonymous,EN,I consent,614f2f29118a9a855101de9d,995,910,Huntress,,"A note card that says ""Green mushrooms are strongest, followed by yellow mushrooms, then purple mushrooms, then red flowers, then yellow flowers."" Cost: ${e://Field/cost} Gold Coins.",80,-1,99,80,60,30,1,Huntress,,$1.00 ,5 minutes,614f2f29118a9a855101de9d,64418fa1704d272f0e168bab,6441a048df9e5d3e04767b1d,high,100,900,"""Green mushrooms are strongest, followed by yellow mushrooms, then purple mushrooms, then red flowers, then yellow flowers.""",820,820
4/20/23 14:30,4/20/23 14:34,IP Address,*******,100,236,TRUE,4/20/23 14:34,R_pLzaPXr4yJjdAlP,*******,*******,*******,*******,*******,*******,anonymous,EN,I consent,6365b9324ce52c4f38eed7a0,995,910,Siren,"A note card that says ""Mushrooms are stronger than flowers."" Cost: 100 Gold Coins.",,50,1,180,180,180,60,60,Siren,,$1.00 ,5 minutes,6365b9324ce52c4f38eed7a0,64418fa1704d272f0e168bab,6441a0f7994ce9f15a92bb06,low,100,900,"""Mushrooms are stronger than flowers.""",850,850
4/20/23 14:33,4/20/23 14:35,IP Address,*******,100,143,TRUE,4/20/23 14:35,R_2SxESPhgZ2P1YJw,*******,*******,*******,*******,*******,*******,anonymous,EN,I consent,63ea64717d434a360e005906,995,910,Bard,,"A note card that says ""Green mushrooms are strongest, followed by yellow mushrooms, then purple mushrooms, then red flowers, then yellow flowers."" Cost: ${e://Field/cost} Gold Coins.",50,2,100,83,61,23,1,Bard,,$1.00 ,5 minutes,63ea64717d434a360e005906,64418fa1704d272f0e168baa,6441a1879964a536be930dbc,high,120,880,"""Green mushrooms are strongest, followed by yellow mushrooms, then purple mushrooms, then red flowers, then yellow flowers.""",830,830
4/20/23 14:31,4/20/23 14:35,IP Address,*******,100,265,TRUE,4/20/23 14:35,R_2E7b6NCaT2QqrPu,*******,*******,*******,*******,*******,*******,anonymous,EN,I consent,5bba20fd9672860001e260b6,995,910,Warrior,"A note card that says ""Green mushrooms are strongest, followed by yellow mushrooms, then purple mushrooms, then red flowers, then yellow flowers."" Cost: ${e://Field/cost} Gold Coins.",,100,1,98,75,65,35,17,Warrior,,$1.00 ,5 minutes,5bba20fd9672860001e260b6,64418fa1704d272f0e168baa,6441a1166610904ce519f8bd,low,100,900,"""Green mushrooms are strongest, followed by yellow mushrooms, then purple mushrooms, then red flowers, then yellow flowers.""",800,800
4/20/23 14:28,4/20/23 14:36,IP Address,*******,100,478,TRUE,4/20/23 14:36,R_3mn7r3xeiFNzzjB,*******,*******,*******,*******,*******,*******,anonymous,EN,I consent,5daf758895628c0017e6e1f9,995,910,Wizard,,"A note card that says ""Green mushrooms are strongest, followed by yellow mushrooms, then purple mushrooms, then red flowers, then yellow flowers."" Cost: ${e://Field/cost} Gold Coins.",81,1,99,81,63,35,1,Wizard,No all went well thanks,$1.00 ,5 minutes,5daf758895628c0017e6e1f9,64418fa1704d272f0e168bab,6441a05560dbaa2deca76e64,high,120,880,"""Green mushrooms are strongest, followed by yellow mushrooms, then purple mushrooms, then red flowers, then yellow flowers.""",799,899
4/20/23 14:34,4/20/23 14:36,IP Address,*******,100,164,TRUE,4/20/23 14:36,R_2i8gHAYXbN5SItb,*******,*******,*******,*******,*******,*******,anonymous,EN,I consent,5ed273dba2d0730b1d9c79d6,995 health points,910 health points,Wizard,"A note card that says ""Green mushrooms are strongest, followed by yellow mushrooms, then purple mushrooms, then red flowers, then yellow flowers."" Cost: ${e://Field/cost} Gold Coins.",,60,3,82,81,79,17,12,Wizard,,$1.00 ,5 minutes,5ed273dba2d0730b1d9c79d6,64418fa1704d272f0e168baa,6441a1b63fd298607fa7b418,low,100,900,"""Green mushrooms are strongest, followed by yellow mushrooms, then purple mushrooms, then red flowers, then yellow flowers.""",840,840
4/20/23 14:33,4/20/23 14:37,IP Address,*******,100,222,TRUE,4/20/23 14:37,R_0BQDGjR3nC52BtD,*******,*******,*******,*******,*******,*******,anonymous,EN,I consent,61074792728f0f9e791ad083,995,910,Warrior,"A note card that says ""Green mushrooms are strongest, followed by yellow mushrooms, then purple mushrooms, then red flowers, then yellow flowers."" Cost: ${e://Field/cost} Gold Coins.",,100,2,100,81,60,40,20,Warrior,Not really,$1.00 ,5 minutes,61074792728f0f9e791ad083,64418fa1704d272f0e168baa,6441a164f481f9b8927d55f5,low,100,900,"""Green mushrooms are strongest, followed by yellow mushrooms, then purple mushrooms, then red flowers, then yellow flowers.""",800,800
4/20/23 14:32,4/20/23 14:37,IP Address,*******,100,330,TRUE,4/20/23 14:37,R_1dFTXpMCgEtPDu6,*******,*******,*******,*******,*******,*******,anonymous,EN,I consent,5eb1e9b96c1f4713ed5d0a1e,995,910,Warrior,,"A note card that says ""Green mushrooms are strongest, followed by yellow mushrooms, then purple mushrooms, then red flowers, then yellow flowers."" Cost: ${e://Field/cost} Gold Coins.",65,2,63,58,45,34,1,Warrior,No,$1.00 ,5 minutes,5eb1e9b96c1f4713ed5d0a1e,64418fa1704d272f0e168bab,6441a144327f58227bf08903,high,120,880,"""Green mushrooms are strongest, followed by yellow mushrooms, then purple mushrooms, then red flowers, then yellow flowers.""",815,815
4/20/23 14:34,4/20/23 14:37,IP Address,*******,100,180,TRUE,4/20/23 14:37,R_32ILBqwOAanSsCI,*******,*******,*******,*******,*******,*******,anonymous,EN,I consent,5bba370b6130300001e3708e,995,910,Huntress,"A note card that says ""Green mushrooms are strongest, followed by yellow mushrooms, then purple mushrooms, then red flowers, then yellow flowers."" Cost: ${e://Field/cost} Gold Coins.",,60,1,86,82,76,19,17,Huntress,,$1.00 ,5 minutes,5bba370b6130300001e3708e,64418fa1704d272f0e168bab,6441a1df2bfc834b487661b0,low,100,900,"""Green mushrooms are strongest, followed by yellow mushrooms, then purple mushrooms, then red flowers, then yellow flowers.""",840,840
4/20/23 14:24,4/20/23 14:37,IP Address,*******,100,813,TRUE,4/20/23 14:37,R_1rpkZQXDQ5eYSas,*******,*******,*******,*******,*******,*******,anonymous,EN,I consent,5f0ef084d3d74e000a96af10,995,910,Warrior,"A note card that says ""Green mushrooms are strongest, followed by yellow mushrooms, then purple mushrooms, then red flowers, then yellow flowers."" Cost: ${e://Field/cost} Gold Coins.",,50,1,82,81,80,19,17,Warrior,,$1.00 ,5 minutes,5f0ef084d3d74e000a96af10,64418fa1704d272f0e168baa,64419f6a2833fa1467846a88,low,100,900,"""Green mushrooms are strongest, followed by yellow mushrooms, then purple mushrooms, then red flowers, then yellow flowers.""",850,950
4/20/23 14:18,4/20/23 14:38,IP Address,*******,100,1213,TRUE,4/20/23 14:38,R_3GD4FRXEmqptU6c,*******,*******,*******,*******,*******,*******,anonymous,EN,I consent,62eff8235ccfda08200e062c,995,910,Wizard,"A note card that says ""Mushrooms are stronger than flowers."" Cost: 100 Gold Coins.",,100,0,100,85,70,19,17,Wizard,,$1.00 ,5 minutes,62eff8235ccfda08200e062c,64418fa1704d272f0e168baa,64419df151aa147ea6e915ea,low,120,900,"""Mushrooms are stronger than flowers.""",800,800
4/20/23 14:34,4/20/23 14:38,IP Address,*******,100,261,TRUE,4/20/23 14:38,R_Y47gDJcuol6gWGJ,*******,*******,*******,*******,*******,*******,anonymous,EN,I consent,63d96d5957cdd8a417721253,995,910,Bard,,"A note card that says ""Mushrooms are stronger than flowers."" Cost: 100 Gold Coins.",80,1,95,81,63,35,1,Bard,No,$1.00 ,5 minutes,63d96d5957cdd8a417721253,64418fa1704d272f0e168baa,6441a1b2374a43c8c9186d3b,high,120,900,"""Mushrooms are stronger than flowers.""",820,820
4/20/23 14:36,4/20/23 14:40,IP Address,*******,100,207,TRUE,4/20/23 14:40,R_2786bqgQJMVl7hf,*******,*******,*******,*******,*******,*******,anonymous,EN,I consent,5ef78f819d93424af2af742b,995,910,Warrior,,"A note card that says ""Green mushrooms are strongest, followed by yellow mushrooms, then purple mushrooms, then red flowers, then yellow flowers."" Cost: ${e://Field/cost} Gold Coins.",50,3,100,80,35,20,1,Warrior,"Nothing at all, honestly it was really fun. ",$1.00 ,5 minutes,5ef78f819d93424af2af742b,64418fa1704d272f0e168baa,6441a250f481f9b8927d561f,high,100,900,"""Green mushrooms are strongest, followed by yellow mushrooms, then purple mushrooms, then red flowers, then yellow flowers.""",850,850
4/20/23 14:24,4/20/23 14:40,IP Address,*******,100,991,TRUE,4/20/23 14:40,R_3m1Y1nuTlHdu8NP,*******,*******,*******,*******,*******,*******,anonymous,EN,I consent,628fad739bf6372c9d4c523e,95,910,Warrior,"A note card that says ""Mushrooms are stronger than flowers."" Cost: 100 Gold Coins.",,50,0,25,38,87,65,17,Warrior,N/A,$1.00 ,5 minutes,628fad739bf6372c9d4c523e,64418fa1704d272f0e168baa,64419f2b7e89dc951094eee1,low,120,900,"""Mushrooms are stronger than flowers.""",850,850
4/20/23 14:29,4/20/23 14:40,IP Address,*******,100,700,TRUE,4/20/23 14:40,R_3JIwZUFJo90SavM,*******,*******,*******,*******,*******,*******,anonymous,EN,I consent,63d803fe12fac7c6d3d14012,995,910,Bard,,"A note card that says ""Green mushrooms are strongest, followed by yellow mushrooms, then purple mushrooms, then red flowers, then yellow flowers."" Cost: ${e://Field/cost} Gold Coins.",80,3,100,80,60,41,32,Bard,,$1.00 ,5 minutes,63d803fe12fac7c6d3d14012,64418fa1704d272f0e168baa,6441a07dca48096c84186d3e,high,120,880,"""Green mushrooms are strongest, followed by yellow mushrooms, then purple mushrooms, then red flowers, then yellow flowers.""",800,800
4/20/23 14:38,4/20/23 14:40,IP Address,*******,100,133,TRUE,4/20/23 14:40,R_4NFjhrcOkmuzvB7,*******,*******,*******,*******,*******,*******,anonymous,EN,I consent,63162bda14b96736b08a554d,995,910,Siren,"A note card that says ""Green mushrooms are strongest, followed by yellow mushrooms, then purple mushrooms, then red flowers, then yellow flowers."" Cost: ${e://Field/cost} Gold Coins.",,50,1,82,81,80,19,17,Siren,,$1.00 ,5 minutes,63162bda14b96736b08a554d,64418fa1704d272f0e168bab,6441a2bf7d85ef36a27436ea,low,100,900,"""Green mushrooms are strongest, followed by yellow mushrooms, then purple mushrooms, then red flowers, then yellow flowers.""",850,950
4/20/23 14:36,4/20/23 14:41,IP Address,*******,100,252,TRUE,4/20/23 14:41,R_2uJ1iw0Wz0glSvo,*******,*******,*******,*******,*******,*******,anonymous,EN,I consent,5c4e9decc477f10001d90ac9,995,910,Huntress,,"A note card that says ""Mushrooms are stronger than flowers."" Cost: 100 Gold Coins.",75,-2,99,80,63,35,1,Huntress,no,$1.00 ,5 minutes,5c4e9decc477f10001d90ac9,64418fa1704d272f0e168bab,6441a26249b572d285f08931,high,120,900,"""Mushrooms are stronger than flowers.""",825,825
4/20/23 14:32,4/20/23 14:41,IP Address,*******,100,579,TRUE,4/20/23 14:41,R_3eze4Ff4pRzjwOW,*******,*******,*******,*******,*******,*******,anonymous,EN,I consent,5a524a3bac5624000153629c,995,910,Huntress,"A note card that says ""Green mushrooms are strongest, followed by yellow mushrooms, then purple mushrooms, then red flowers, then yellow flowers."" Cost: ${e://Field/cost} Gold Coins.",,90,2,87,81,71,17,5,Huntress,,$1.00 ,5 minutes,5a524a3bac5624000153629c,64418fa1704d272f0e168bab,6441a1479dd0c0baeaa004de,low,120,880,"""Green mushrooms are strongest, followed by yellow mushrooms, then purple mushrooms, then red flowers, then yellow flowers.""",790,790
4/20/23 14:37,4/20/23 14:42,IP Address,*******,100,305,TRUE,4/20/23 14:42,R_3nN0aoVpp15wkKC,*******,*******,*******,*******,*******,*******,anonymous,EN,I consent,5cde05a1c194e8001c7ada75,995,910,Wizard,,"A note card that says ""Green mushrooms are strongest, followed by yellow mushrooms, then purple mushrooms, then red flowers, then yellow flowers."" Cost: ${e://Field/cost} Gold Coins.",90,3,100,90,75,60,40,Wizard,No,$1.00 ,5 minutes,5cde05a1c194e8001c7ada75,64418fa1704d272f0e168bab,6441a267e64b8dfb69eba81d,high,100,900,"""Green mushrooms are strongest, followed by yellow mushrooms, then purple mushrooms, then red flowers, then yellow flowers.""",810,810
4/20/23 14:39,4/20/23 14:42,IP Address,*******,100,190,TRUE,4/20/23 14:42,R_2uX8WvCM6S3Iwkd,*******,*******,*******,*******,*******,*******,anonymous,EN,I consent,61080d1c39e080da7841eade,995,910,Siren,,"A note card that says ""Green mushrooms are strongest, followed by yellow mushrooms, then purple mushrooms, then red flowers, then yellow flowers."" Cost: ${e://Field/cost} Gold Coins.",85,1,90,81,63,35,9,Siren,nope,$1.00 ,5 minutes,61080d1c39e080da7841eade,64418fa1704d272f0e168bab,6441a2f5245c76fe718d0d28,high,100,900,"""Green mushrooms are strongest, followed by yellow mushrooms, then purple mushrooms, then red flowers, then yellow flowers.""",815,815
4/20/23 14:40,4/20/23 14:42,IP Address,*******,100,170,TRUE,4/20/23 14:42,R_1lhLKvDNdEbe6xx,*******,*******,*******,*******,*******,*******,anonymous,EN,I consent,546e72bafdf99b2b8df98426,995,910,Bard,,"A note card that says ""Mushrooms are stronger than flowers."" Cost: 100 Gold Coins.",30,1,81,70,30,5,1,Bard,,$1.00 ,5 minutes,546e72bafdf99b2b8df98426,64418fa1704d272f0e168bab,6441a32157d3745f08fd7bb9,high,120,900,"""Mushrooms are stronger than flowers.""",870,870
4/20/23 14:40,4/20/23 14:43,IP Address,*******,100,178,TRUE,4/20/23 14:43,R_2riRdSeFFW7gbu5,*******,*******,*******,*******,*******,*******,anonymous,EN,I consent,611fdd2cb6ad06b50c2de068,995,910,Wizard,"A note card that says ""Mushrooms are stronger than flowers."" Cost: 100 Gold Coins.",,50,1,83,82,81,17,15,Wizard,no,$1.00 ,5 minutes,611fdd2cb6ad06b50c2de068,64418fa1704d272f0e168baa,6441a31ca2dca178d306f7b4,low,120,900,"""Mushrooms are stronger than flowers.""",850,850
4/20/23 14:38,4/20/23 14:43,IP Address,*******,100,249,TRUE,4/20/23 14:43,R_9praovHvlKukAzT,*******,*******,*******,*******,*******,*******,anonymous,EN,I consent,6099cd576086c446e03ee629,995,910,Bard,"A note card that says ""Green mushrooms are strongest, followed by yellow mushrooms, then purple mushrooms, then red flowers, then yellow flowers."" Cost: ${e://Field/cost} Gold Coins.",,120,2,100,80,60,19,10,Bard,"No, it was pretty smooth and easy.",$1.00 ,5 minutes,6099cd576086c446e03ee629,64418fa1704d272f0e168baa,6441a2d4ece8cbea083875ae,low,100,900,"""Green mushrooms are strongest, followed by yellow mushrooms, then purple mushrooms, then red flowers, then yellow flowers.""",780,780
4/20/23 14:38,4/20/23 14:43,IP Address,*******,100,272,TRUE,4/20/23 14:43,R_2cin71vPv345CS7,*******,*******,*******,*******,*******,*******,anonymous,EN,I consent,5cf0493006fb120017ecf8b0,995,910,Bard,"A note card that says ""Mushrooms are stronger than flowers."" Cost: 100 Gold Coins.",,75,-1,83,81,80,19,17,Bard,,$1.00 ,5 minutes,5cf0493006fb120017ecf8b0,64418fa1704d272f0e168bab,6441a2ca4bf9bf39d2b44dac,low,120,900,"""Mushrooms are stronger than flowers.""",825,825
4/20/23 14:39,4/20/23 14:43,IP Address,*******,100,260,TRUE,4/20/23 14:43,R_yEJocnAhYRGT2E1,*******,*******,*******,*******,*******,*******,anonymous,EN,I consent,63d13b6c6f400faae3922c44,995,910,Wizard,,"A note card that says ""Green mushrooms are strongest, followed by yellow mushrooms, then purple mushrooms, then red flowers, then yellow flowers."" Cost: ${e://Field/cost} Gold Coins.",65,1,120,81,63,34,1,Wizard,no,$1.00 ,5 minutes,63d13b6c6f400faae3922c44,64418fa1704d272f0e168baa,6441a2e334c3e33217930da7,high,100,900,"""Green mushrooms are strongest, followed by yellow mushrooms, then purple mushrooms, then red flowers, then yellow flowers.""",835,835
4/20/23 14:40,4/20/23 14:43,IP Address,*******,100,179,TRUE,4/20/23 14:43,R_Qhv5kIpgNe67cI1,*******,*******,*******,*******,*******,*******,anonymous,EN,I consent,637f85fbb4f2fffacdc681db,995,910,Wizard,"A note card that says ""Mushrooms are stronger than flowers."" Cost: 100 Gold Coins.",,77,2,79,81,78,17,19,Wizard,No,$1.00 ,5 minutes,637f85fbb4f2fffacdc681db,64418fa1704d272f0e168baa,6441a341a1de33d6cddaa2a6,low,120,900,"""Mushrooms are stronger than flowers.""",823,823
4/20/23 14:38,4/20/23 14:44,IP Address,*******,100,383,TRUE,4/20/23 14:44,R_3MbWEX8FdEa7drf,*******,*******,*******,*******,*******,*******,anonymous,EN,I consent,639fad17342dfdbf0139f67c,995,910,Wizard,"A note card that says ""Mushrooms are stronger than flowers."" Cost: 100 Gold Coins.",,81,-3,82,81,80,19,17,Wizard,No,$1.00 ,5 minutes,639fad17342dfdbf0139f67c,64418fa1704d272f0e168baa,6441a2aab8d5ecfdae07319a,low,120,900,"""Mushrooms are stronger than flowers.""",819,919
4/20/23 14:40,4/20/23 14:45,IP Address,*******,100,287,TRUE,4/20/23 14:45,R_2qC9rqx0xurWHmO,*******,*******,*******,*******,*******,*******,anonymous,EN,I consent,640cf05d003b6d02e76ce69a,995,990,Huntress,"A note card that says ""Green mushrooms are strongest, followed by yellow mushrooms, then purple mushrooms, then red flowers, then yellow flowers."" Cost: ${e://Field/cost} Gold Coins.",,50,3,100,80,60,40,20,Huntress,640cf05d003b6d02e76ce69a,$1.00 ,5 minutes,640cf05d003b6d02e76ce69a,64418fa1704d272f0e168bab,6441a3355d93b9ca3d846a54,low,100,900,"""Green mushrooms are strongest, followed by yellow mushrooms, then purple mushrooms, then red flowers, then yellow flowers.""",850,850
4/20/23 14:40,4/20/23 14:45,IP Address,*******,100,315,TRUE,4/20/23 14:45,R_02RkPtIrrTmkSeB,*******,*******,*******,*******,*******,*******,anonymous,EN,I consent,5e767774d5274000082f5582,995,910,Siren,,"A note card that says ""Green mushrooms are strongest, followed by yellow mushrooms, then purple mushrooms, then red flowers, then yellow flowers."" Cost: ${e://Field/cost} Gold Coins.",80,2,99,81,67,11,8,Siren,nope,$1.00 ,5 minutes,5e767774d5274000082f5582,64418fa1704d272f0e168bab,6441a31bf79c3fdd59bb1b5d,high,120,880,"""Green mushrooms are strongest, followed by yellow mushrooms, then purple mushrooms, then red flowers, then yellow flowers.""",800,800
4/20/23 14:39,4/20/23 14:45,IP Address,*******,100,386,TRUE,4/20/23 14:45,R_0TBhCiPO7imHhE5,*******,*******,*******,*******,*******,*******,anonymous,EN,I consent,63652b3ed1f35f8e04325845,995,910,Bard,,"A note card that says ""Green mushrooms are strongest, followed by yellow mushrooms, then purple mushrooms, then red flowers, then yellow flowers."" Cost: ${e://Field/cost} Gold Coins.",75,2,96,81,65,35,1,Bard,I really liked it.,$1.00 ,5 minutes,63652b3ed1f35f8e04325845,64418fa1704d272f0e168baa,6441a2e449b572d285f08950,high,100,900,"""Green mushrooms are strongest, followed by yellow mushrooms, then purple mushrooms, then red flowers, then yellow flowers.""",825,825
4/20/23 14:36,4/20/23 14:45,IP Address,*******,100,548,TRUE,4/20/23 14:45,R_bQ1ksm9SvsBR2LL,*******,*******,*******,*******,*******,*******,anonymous,EN,I consent,5efbc378758e3d16577886e1,995,910,Wizard,,"A note card that says ""Green mushrooms are strongest, followed by yellow mushrooms, then purple mushrooms, then red flowers, then yellow flowers."" Cost: ${e://Field/cost} Gold Coins.",120,1,91,65,50,31,1,Wizard,,$1.00 ,5 minutes,5efbc378758e3d16577886e1,64418fa1704d272f0e168baa,6441a2452b60a8a2ad608102,high,120,880,"""Green mushrooms are strongest, followed by yellow mushrooms, then purple mushrooms, then red flowers, then yellow flowers.""",760,760
4/20/23 14:42,4/20/23 14:46,IP Address,*******,100,187,TRUE,4/20/23 14:46,R_1i1XmQ5YX6LuWUi,*******,*******,*******,*******,*******,*******,anonymous,EN,I consent,558b8473fdf99b21155f2c40,995,910,Wizard,,"A note card that says ""Green mushrooms are strongest, followed by yellow mushrooms, then purple mushrooms, then red flowers, then yellow flowers."" Cost: ${e://Field/cost} Gold Coins.",25,1,95,80,55,20,1,Wizard,No. Everything was understandable.,$1.00 ,5 minutes,558b8473fdf99b21155f2c40,64418fa1704d272f0e168baa,6441a3ce475878b9ba767ae3,high,100,900,"""Green mushrooms are strongest, followed by yellow mushrooms, then purple mushrooms, then red flowers, then yellow flowers.""",875,875
4/20/23 14:41,4/20/23 14:46,IP Address,*******,100,278,TRUE,4/20/23 14:46,R_27NKkTTuS8CPf0D,*******,*******,*******,*******,*******,*******,anonymous,EN,I consent,5b189bdd44127b00013f9c7a,995,910,Huntress,"A note card that says ""Green mushrooms are strongest, followed by yellow mushrooms, then purple mushrooms, then red flowers, then yellow flowers."" Cost: ${e://Field/cost} Gold Coins.",,50,1,82,81,80,17,16,Huntress,No,$1.00 ,5 minutes,5b189bdd44127b00013f9c7a,64418fa1704d272f0e168bab,6441a38ff157c6531e07317e,low,120,880,"""Green mushrooms are strongest, followed by yellow mushrooms, then purple mushrooms, then red flowers, then yellow flowers.""",830,830
4/20/23 14:44,4/20/23 14:46,IP Address,*******,100,173,TRUE,4/20/23 14:46,R_BLKXNyDFS6tdxyp,*******,*******,*******,*******,*******,*******,anonymous,EN,I consent,5d1cf86b74a06a0019e3079c,995,910,Siren,,"A note card that says ""Green mushrooms are strongest, followed by yellow mushrooms, then purple mushrooms, then red flowers, then yellow flowers."" Cost: ${e://Field/cost} Gold Coins.",60,3,99,80,49,15,1,Siren,no,$1.00 ,5 minutes,5d1cf86b74a06a0019e3079c,64418fa1704d272f0e168bab,6441a384ab6baa23e8b44dbc,high,120,880,"""Green mushrooms are strongest, followed by yellow mushrooms, then purple mushrooms, then red flowers, then yellow flowers.""",820,820
4/20/23 14:42,4/20/23 14:47,IP Address,*******,100,272,TRUE,4/20/23 14:47,R_27p01HoSTl8k7vS,*******,*******,*******,*******,*******,*******,anonymous,EN,I consent,62af84cf60537599236a4a27,995,910,Warrior,"A note card that says ""Green mushrooms are strongest, followed by yellow mushrooms, then purple mushrooms, then red flowers, then yellow flowers."" Cost: ${e://Field/cost} Gold Coins.",,17,1,82,81,75,17,17,Warrior,No,$1.00 ,5 minutes,62af84cf60537599236a4a27,64418fa1704d272f0e168bab,6441a3b0a5f96ccb6da7b444,low,100,900,"""Green mushrooms are strongest, followed by yellow mushrooms, then purple mushrooms, then red flowers, then yellow flowers.""",883,883
4/20/23 14:44,4/20/23 14:47,IP Address,*******,100,205,TRUE,4/20/23 14:47,R_RxBahGkkBQ14jDj,*******,*******,*******,*******,*******,*******,anonymous,EN,I consent,63d672fd60ac772cd04cc33b,995,910,Siren,,"A note card that says ""Green mushrooms are strongest, followed by yellow mushrooms, then purple mushrooms, then red flowers, then yellow flowers."" Cost: ${e://Field/cost} Gold Coins.",50,2,100,90,80,70,60,Siren,,$1.00 ,5 minutes,63d672fd60ac772cd04cc33b,64418fa1704d272f0e168baa,6441a414db2761f8529ff01e,high,100,900,"""Green mushrooms are strongest, followed by yellow mushrooms, then purple mushrooms, then red flowers, then yellow flowers.""",850,850
4/20/23 14:44,4/20/23 14:47,IP Address,*******,100,190,TRUE,4/20/23 14:47,R_2QyrR37SkWHtRV5,*******,*******,*******,*******,*******,*******,anonymous,EN,I consent,5f4d3869219f129c586b5f75,995,910,Siren,,"A note card that says ""Green mushrooms are strongest, followed by yellow mushrooms, then purple mushrooms, then red flowers, then yellow flowers."" Cost: ${e://Field/cost} Gold Coins.",80,1,95,83,64,31,1,Siren,na,$1.00 ,5 minutes,5f4d3869219f129c586b5f75,64418fa1704d272f0e168baa,6441a4299ed9fad48f862197,high,120,880,"""Green mushrooms are strongest, followed by yellow mushrooms, then purple mushrooms, then red flowers, then yellow flowers.""",800,800
4/20/23 14:46,4/20/23 14:48,IP Address,*******,100,128,TRUE,4/20/23 14:48,R_PTnXT5jf1OtRXc5,*******,*******,*******,*******,*******,*******,anonymous,EN,I consent,61194d67cf13024bcdf7c246,995,910,Wizard,"A note card that says ""Green mushrooms are strongest, followed by yellow mushrooms, then purple mushrooms, then red flowers, then yellow flowers."" Cost: ${e://Field/cost} Gold Coins.",,80,2,82,81,80,20,15,Wizard,,$1.00 ,5 minutes,61194d67cf13024bcdf7c246,64418fa1704d272f0e168baa,6441a47ea4b82c5e7a849275,low,100,900,"""Green mushrooms are strongest, followed by yellow mushrooms, then purple mushrooms, then red flowers, then yellow flowers.""",820,820
4/20/23 14:43,4/20/23 14:48,IP Address,*******,100,284,TRUE,4/20/23 14:48,R_2dRw8szvGVjhCOc,*******,*******,*******,*******,*******,*******,anonymous,EN,I consent,59a811311363d90001676ad9,995,990,Siren,"A note card that says ""Green mushrooms are strongest, followed by yellow mushrooms, then purple mushrooms, then red flowers, then yellow flowers."" Cost: ${e://Field/cost} Gold Coins.",,100,0,82,80,76,74,70,Siren,No,$1.00 ,5 minutes,59a811311363d90001676ad9,64418fa1704d272f0e168bab,6441a3ee387c187dc5c52eb2,low,100,900,"""Green mushrooms are strongest, followed by yellow mushrooms, then purple mushrooms, then red flowers, then yellow flowers.""",800,800
4/20/23 14:46,4/20/23 14:48,IP Address,*******,100,126,TRUE,4/20/23 14:48,R_3isffB6WKEIf9sw,*******,*******,*******,*******,*******,*******,anonymous,EN,I consent,5b87dd09019cf60001a115b3,995,910,Warrior,,"A note card that says ""Green mushrooms are strongest, followed by yellow mushrooms, then purple mushrooms, then red flowers, then yellow flowers."" Cost: ${e://Field/cost} Gold Coins.",35,2,100,35,10,5,1,Warrior,No.,$1.00 ,5 minutes,5b87dd09019cf60001a115b3,64418fa1704d272f0e168baa,6441a4ae4891cacd887c04d1,high,100,900,"""Green mushrooms are strongest, followed by yellow mushrooms, then purple mushrooms, then red flowers, then yellow flowers.""",865,865
4/20/23 14:45,4/20/23 14:49,IP Address,*******,100,200,TRUE,4/20/23 14:49,R_2Vfs7THBk1P137Y,*******,*******,*******,*******,*******,*******,anonymous,EN,I consent,586429c0460cb5000183f8e3,995,910,Huntress,"A note card that says ""Mushrooms are stronger than flowers."" Cost: 100 Gold Coins.",,70,0,100,81,80,40,25,Huntress,,$1.00 ,5 minutes,586429c0460cb5000183f8e3,64418fa1704d272f0e168bab,6441a47583d1381f06bf6660,low,120,900,"""Mushrooms are stronger than flowers.""",830,830
4/20/23 14:45,4/20/23 14:49,IP Address,*******,100,226,TRUE,4/20/23 14:49,R_pMzKovCKlkSkffz,*******,*******,*******,*******,*******,*******,anonymous,EN,I consent,569b1e1aaf9ad7000d640f24,995,910,Wizard,,"A note card that says ""Green mushrooms are strongest, followed by yellow mushrooms, then purple mushrooms, then red flowers, then yellow flowers."" Cost: ${e://Field/cost} Gold Coins.",50,1,93,81,62,35,18,Wizard,No.,$1.00 ,5 minutes,569b1e1aaf9ad7000d640f24,64418fa1704d272f0e168baa,6441a45c4891cacd887c04bd,high,100,900,"""Green mushrooms are strongest, followed by yellow mushrooms, then purple mushrooms, then red flowers, then yellow flowers.""",850,850
4/20/23 14:43,4/20/23 14:49,IP Address,*******,100,383,TRUE,4/20/23 14:49,R_3sn38d8LfPqfFa6,*******,*******,*******,*******,*******,*******,anonymous,EN,I consent,6101122085410e70ca020a04,995,910,Siren,"A note card that says ""Green mushrooms are strongest, followed by yellow mushrooms, then purple mushrooms, then red flowers, then yellow flowers."" Cost: ${e://Field/cost} Gold Coins.",,90,2,82,81,80,19,17,Siren,there were a bit too much wordings,$1.00 ,5 minutes,6101122085410e70ca020a04,64418fa1704d272f0e168bab,6441a3d1fcaf2a381a387587,low,120,880,"""Green mushrooms are strongest, followed by yellow mushrooms, then purple mushrooms, then red flowers, then yellow flowers.""",790,890
4/20/23 14:47,4/20/23 14:49,IP Address,*******,100,113,TRUE,4/20/23 14:49,R_2V2sMMsVm3zLVI1,*******,*******,*******,*******,*******,*******,anonymous,EN,I consent,5e5410f5be932e06384a03ec,995,910,Huntress,"A note card that says ""Mushrooms are stronger than flowers."" Cost: 100 Gold Coins.",,100,1,120,110,100,80,70,Huntress,,$1.00 ,5 minutes,5e5410f5be932e06384a03ec,64418fa1704d272f0e168baa,6441a4fabdea344eb1a004f0,low,120,900,"""Mushrooms are stronger than flowers.""",800,800
4/20/23 14:45,4/20/23 14:49,IP Address,*******,100,236,TRUE,4/20/23 14:49,R_3EZmocdWby1HINe,*******,*******,*******,*******,*******,*******,anonymous,EN,I consent,5622e4dced6e5a0005c80078,995,910,Warrior,,"A note card that says ""Mushrooms are stronger than flowers."" Cost: 100 Gold Coins.",30,1,95,86,64,32,16,Warrior,no,$1.00 ,5 minutes,5622e4dced6e5a0005c80078,64418fa1704d272f0e168bab,6441a4693bdec927cfb44d95,high,120,900,"""Mushrooms are stronger than flowers.""",870,870
4/20/23 14:47,4/20/23 14:50,IP Address,*******,100,179,TRUE,4/20/23 14:50,R_2uICX6SBIbgp7CI,*******,*******,*******,*******,*******,*******,anonymous,EN,I consent,628d114b1acd87ea1b37874e,995,910,Wizard,"A note card that says ""Green mushrooms are strongest, followed by yellow mushrooms, then purple mushrooms, then red flowers, then yellow flowers."" Cost: ${e://Field/cost} Gold Coins.",,80,2,82,81,80,17,12,Wizard,Nothing I can think of ,$1.00 ,5 minutes,628d114b1acd87ea1b37874e,64418fa1704d272f0e168baa,6441a4c24f32e8cbd87436eb,low,100,900,"""Green mushrooms are strongest, followed by yellow mushrooms, then purple mushrooms, then red flowers, then yellow flowers.""",820,820
4/20/23 14:46,4/20/23 14:50,IP Address,*******,100,225,TRUE,4/20/23 14:50,R_cLRCSZevlzcKGWt,*******,*******,*******,*******,*******,*******,anonymous,EN,I consent,610edb819806c186279416df,995,990,Wizard,"A note card that says ""Green mushrooms are strongest, followed by yellow mushrooms, then purple mushrooms, then red flowers, then yellow flowers."" Cost: ${e://Field/cost} Gold Coins.",,80,3,84,81,21,19,17,Wizard,,$1.00 ,5 minutes,610edb819806c186279416df,64418fa1704d272f0e168bab,6441a4a849933ed8cd40309d,low,100,900,"""Green mushrooms are strongest, followed by yellow mushrooms, then purple mushrooms, then red flowers, then yellow flowers.""",820,820
4/20/23 14:49,4/20/23 14:51,IP Address,*******,100,101,TRUE,4/20/23 14:51,R_3e8ZN73OqYlWGrX,*******,*******,*******,*******,*******,*******,anonymous,EN,I consent,5c83394a3e93bf0001e143d6,995,910,Siren,,"A note card that says ""Green mushrooms are strongest, followed by yellow mushrooms, then purple mushrooms, then red flowers, then yellow flowers."" Cost: ${e://Field/cost} Gold Coins.",50,2,99,66,21,35,1,Siren,,$1.00 ,5 minutes,5c83394a3e93bf0001e143d6,64418fa1704d272f0e168bab,6441a54b44941815eeef3186,high,100,900,"""Green mushrooms are strongest, followed by yellow mushrooms, then purple mushrooms, then red flowers, then yellow flowers.""",850,850
4/20/23 14:41,4/20/23 14:51,IP Address,*******,100,591,TRUE,4/20/23 14:51,R_3sBRseLkn7KRSAA,*******,*******,*******,*******,*******,*******,anonymous,EN,I consent,63f82595e882d2597abf3439,995,910,Wizard,"A note card that says ""Green mushrooms are strongest, followed by yellow mushrooms, then purple mushrooms, then red flowers, then yellow flowers."" Cost: ${e://Field/cost} Gold Coins.",,50,-3,82,81,80,19,17,Wizard,No,$1.00 ,5 minutes,63f82595e882d2597abf3439,64418fa1704d272f0e168bab,6441a370ab6baa23e8b44db4,low,100,900,"""Green mushrooms are strongest, followed by yellow mushrooms, then purple mushrooms, then red flowers, then yellow flowers.""",850,950
4/20/23 14:43,4/20/23 14:51,IP Address,*******,100,490,TRUE,4/20/23 14:51,R_blUNh9Bn2sAb4xb,*******,*******,*******,*******,*******,*******,anonymous,EN,I consent,5c8ebadedd631d000136f915,995,910,Bard,"A note card that says ""Mushrooms are stronger than flowers."" Cost: 100 Gold Coins.",,100,-1,82,81,80,19,17,Bard,,$1.00 ,5 minutes,5c8ebadedd631d000136f915,64418fa1704d272f0e168baa,6441a3d8df6aa01cb93ae6e7,low,120,900,"""Mushrooms are stronger than flowers.""",800,900
4/20/23 14:47,4/20/23 14:51,IP Address,*******,100,282,TRUE,4/20/23 14:51,R_2vdHQjy9myQ8PW2,*******,*******,*******,*******,*******,*******,anonymous,EN,I consent,63e52483a88355a3a0ac62c5,995 health points,910 health points,Wizard,,"A note card that says ""Green mushrooms are strongest, followed by yellow mushrooms, then purple mushrooms, then red flowers, then yellow flowers."" Cost: ${e://Field/cost} Gold Coins.",50,2,86,65,35,25,15,Wizard,,$1.00 ,5 minutes,63e52483a88355a3a0ac62c5,64418fa1704d272f0e168baa,6441a4336c508ed8c96080d6,high,100,900,"""Green mushrooms are strongest, followed by yellow mushrooms, then purple mushrooms, then red flowers, then yellow flowers.""",850,850
4/20/23 14:49,4/20/23 14:51,IP Address,*******,100,159,TRUE,4/20/23 14:51,R_3nMfdHRE7ws1A9H,*******,*******,*******,*******,*******,*******,anonymous,EN,I consent,63d418d4229ed6c0712ce5bb,995,910,Huntress,"A note card that says ""Mushrooms are stronger than flowers."" Cost: 100 Gold Coins.",,40,0,84,86,85,18,16,Huntress,I should have memorized the exact amounts closer. ,$1.00 ,5 minutes,63d418d4229ed6c0712ce5bb,64418fa1704d272f0e168baa,6441a5423f3235929ab44e09,low,120,900,"""Mushrooms are stronger than flowers.""",860,860
4/20/23 14:49,4/20/23 14:52,IP Address,*******,100,174,TRUE,4/20/23 14:52,R_3I0kinGgRf4jKzu,*******,*******,*******,*******,*******,*******,anonymous,EN,I consent,62885c14d00376d11632a442,995,910,Wizard,,"A note card that says ""Green mushrooms are strongest, followed by yellow mushrooms, then purple mushrooms, then red flowers, then yellow flowers."" Cost: ${e://Field/cost} Gold Coins.",150,2,78,99,45,20,1,Wizard,,$1.00 ,5 minutes,62885c14d00376d11632a442,64418fa1704d272f0e168baa,6441a548bff7c693228d0d46,high,100,900,"""Green mushrooms are strongest, followed by yellow mushrooms, then purple mushrooms, then red flowers, then yellow flowers.""",750,750
4/20/23 14:49,4/20/23 14:53,IP Address,*******,100,238,TRUE,4/20/23 14:53,R_1Nw5SVbgcjvuBOh,*******,*******,*******,*******,*******,*******,anonymous,EN,I consent,5f8e6f34f8b5ed24a125edf4,995,910,Wizard,,"A note card that says ""Green mushrooms are strongest, followed by yellow mushrooms, then purple mushrooms, then red flowers, then yellow flowers."" Cost: ${e://Field/cost} Gold Coins.",150,2,93,89,61,35,12,Wizard,No lol,$1.00 ,5 minutes,5f8e6f34f8b5ed24a125edf4,64418fa1704d272f0e168bab,6441a55e76ba32978093e80b,high,100,900,"""Green mushrooms are strongest, followed by yellow mushrooms, then purple mushrooms, then red flowers, then yellow flowers.""",750,750
4/20/23 14:47,4/20/23 14:54,IP Address,*******,100,406,TRUE,4/20/23 14:54,R_3KuOBlvTyarOdaz,*******,*******,*******,*******,*******,*******,anonymous,EN,I consent,612012042e280e07b00c0be5,1000,910,Bard,"A note card that says ""Green mushrooms are strongest, followed by yellow mushrooms, then purple mushrooms, then red flowers, then yellow flowers."" Cost: ${e://Field/cost} Gold Coins.",,80,3,82,81,67,41,17,Bard,No,$1.00 ,5 minutes,612012042e280e07b00c0be5,64418fa1704d272f0e168baa,6441a4e9e81734f5144fbbe1,low,120,880,"""Green mushrooms are strongest, followed by yellow mushrooms, then purple mushrooms, then red flowers, then yellow flowers.""",800,800
4/20/23 14:50,4/20/23 14:54,IP Address,*******,100,242,TRUE,4/20/23 14:54,R_3yNdtcTDrD5gFb3,*******,*******,*******,*******,*******,*******,anonymous,EN,I consent,5c0273f2d763e00001f672e4,995,910,Wizard,,"A note card that says ""Mushrooms are stronger than flowers."" Cost: 100 Gold Coins.",85,-1,99,90,85,65,60,Wizard,"No, very clear and concise.",$1.00 ,5 minutes,5c0273f2d763e00001f672e4,64418fa1704d272f0e168baa,6441a5914669b4b0b2af11c1,high,120,900,"""Mushrooms are stronger than flowers.""",815,815
4/20/23 14:50,4/20/23 14:54,IP Address,*******,100,285,TRUE,4/20/23 14:54,R_2wQZWgg78FQfiaO,*******,*******,*******,*******,*******,*******,anonymous,EN,I consent,63d16430ec396edab1fe4a32,995,910,Wizard,"A note card that says ""Green mushrooms are strongest, followed by yellow mushrooms, then purple mushrooms, then red flowers, then yellow flowers."" Cost: ${e://Field/cost} Gold Coins.",,50,2,82,81,80,19,17,Wizard,No,$1.00 ,5 minutes,63d16430ec396edab1fe4a32,64418fa1704d272f0e168bab,6441a572b39c60f35c766193,low,120,880,"""Green mushrooms are strongest, followed by yellow mushrooms, then purple mushrooms, then red flowers, then yellow flowers.""",830,930
4/20/23 14:41,4/20/23 14:54,IP Address,*******,100,805,TRUE,4/20/23 14:54,R_1LNlmsoHDlQTbI1,*******,*******,*******,*******,*******,*******,anonymous,EN,I consent,63cef964559eeeccd860a224,995,910,Warrior,,"A note card that says ""Green mushrooms are strongest, followed by yellow mushrooms, then purple mushrooms, then red flowers, then yellow flowers."" Cost: ${e://Field/cost} Gold Coins.",81,-1,99,81,63,35,1,Warrior,,$1.00 ,5 minutes,63cef964559eeeccd860a224,64418fa1704d272f0e168baa,6441a374b301535cee09b2fe,high,120,880,"""Green mushrooms are strongest, followed by yellow mushrooms, then purple mushrooms, then red flowers, then yellow flowers.""",799,899
4/20/23 14:51,4/20/23 14:55,IP Address,*******,100,223,TRUE,4/20/23 14:55,R_3gS1yBnjzT3GG0u,*******,*******,*******,*******,*******,*******,anonymous,EN,I consent,5ee264fd75927e71d7a6bd5c,995,910,Wizard,,"A note card that says ""Green mushrooms are strongest, followed by yellow mushrooms, then purple mushrooms, then red flowers, then yellow flowers."" Cost: ${e://Field/cost} Gold Coins.",100,3,88,53,33,8,1,Wizard,no,$1.00 ,5 minutes,5ee264fd75927e71d7a6bd5c,64418fa1704d272f0e168baa,6441a5dbbb3a8a241b8ef5a1,high,100,900,"""Green mushrooms are strongest, followed by yellow mushrooms, then purple mushrooms, then red flowers, then yellow flowers.""",800,800
4/20/23 14:52,4/20/23 14:55,IP Address,*******,100,211,TRUE,4/20/23 14:55,R_W7CvH3lulWe1D0d,*******,*******,*******,*******,*******,*******,anonymous,EN,I consent,58be2fc3bfc0f4000179f3c5,995,910,Wizard,"A note card that says ""Mushrooms are stronger than flowers."" Cost: 100 Gold Coins.",,80,-1,84,82,77,19,17,Wizard,no,$1.00 ,5 minutes,58be2fc3bfc0f4000179f3c5,64418fa1704d272f0e168baa,6441a5ec39bb5140042eb210,low,120,900,"""Mushrooms are stronger than flowers.""",820,820
4/20/23 14:48,4/20/23 14:55,IP Address,*******,100,450,TRUE,4/20/23 14:55,R_1Pc9dezrUYbc5zv,*******,*******,*******,*******,*******,*******,anonymous,EN,I consent,5ecf40ccb218ec372490e3ea,1995,1910,Wizard,"A note card that says ""Green mushrooms are strongest, followed by yellow mushrooms, then purple mushrooms, then red flowers, then yellow flowers."" Cost: ${e://Field/cost} Gold Coins.",,80,2,100,80,60,40,20,Wizard,No,$1.00 ,5 minutes,5ecf40ccb218ec372490e3ea,64418fa1704d272f0e168bab,6441a4e301dd18666e11ec43,low,100,900,"""Green mushrooms are strongest, followed by yellow mushrooms, then purple mushrooms, then red flowers, then yellow flowers.""",820,820
4/20/23 14:50,4/20/23 14:56,IP Address,*******,100,338,TRUE,4/20/23 14:56,R_31zTqXiEvFFo6iO,*******,*******,*******,*******,*******,*******,anonymous,EN,I consent,612e64b26c1ed4e6cc77686a,995,910,Siren,,"A note card that says ""Green mushrooms are strongest, followed by yellow mushrooms, then purple mushrooms, then red flowers, then yellow flowers."" Cost: ${e://Field/cost} Gold Coins.",50,2,200,100,50,10,1,Siren,,$1.00 ,5 minutes,612e64b26c1ed4e6cc77686a,64418fa1704d272f0e168baa,6441a5880cc48528746080f6,high,100,900,"""Green mushrooms are strongest, followed by yellow mushrooms, then purple mushrooms, then red flowers, then yellow flowers.""",850,850
4/20/23 14:51,4/20/23 14:56,IP Address,*******,100,266,TRUE,4/20/23 14:56,R_2D0ph6Zt6ad2FQN,*******,*******,*******,*******,*******,*******,anonymous,EN,I consent,5d62182e7c07250019f1dd57,995,910,Wizard,"A note card that says ""Green mushrooms are strongest, followed by yellow mushrooms, then purple mushrooms, then red flowers, then yellow flowers."" Cost: ${e://Field/cost} Gold Coins.",,80,2,82,81,80,19,17,Wizard,No,$1.00 ,5 minutes,5d62182e7c07250019f1dd57,64418fa1704d272f0e168baa,6441a5e8ccf72cab2fdaa2a6,low,120,880,"""Green mushrooms are strongest, followed by yellow mushrooms, then purple mushrooms, then red flowers, then yellow flowers.""",800,900
4/20/23 14:49,4/20/23 14:57,IP Address,*******,100,440,TRUE,4/20/23 14:57,R_1kOd7C3fORo3blB,*******,*******,*******,*******,*******,*******,anonymous,EN,I consent,604fe822b095421e07e3f93e,995,910,Warrior,"A note card that says ""Mushrooms are stronger than flowers."" Cost: 100 Gold Coins.",,26,-3,82,81,80,19,17,Warrior,"No, it was unique and enjoyable.",$1.00 ,5 minutes,604fe822b095421e07e3f93e,64418fa1704d272f0e168baa,6441a55fac748661b133c541,low,120,900,"""Mushrooms are stronger than flowers.""",874,974
4/20/23 14:54,4/20/23 14:57,IP Address,*******,100,184,TRUE,4/20/23 14:57,R_1Qz8EioE7pdrGl2,*******,*******,*******,*******,*******,*******,anonymous,EN,I consent,62e02c79a168409c22dc09cb,995,910,Siren,,"A note card that says ""Green mushrooms are strongest, followed by yellow mushrooms, then purple mushrooms, then red flowers, then yellow flowers."" Cost: ${e://Field/cost} Gold Coins.",50,1,99,81,63,35,1,Siren,,$1.00 ,5 minutes,62e02c79a168409c22dc09cb,64418fa1704d272f0e168bab,6441a66a0a6748dbe07e20fe,high,100,900,"""Green mushrooms are strongest, followed by yellow mushrooms, then purple mushrooms, then red flowers, then yellow flowers.""",850,950
4/20/23 14:52,4/20/23 14:57,IP Address,*******,100,255,TRUE,4/20/23 14:57,R_uxffUPCpkdPIDSx,*******,*******,*******,*******,*******,*******,anonymous,EN,I consent,5c8e72856243bb0001dcdea2,995,910,Warrior,,"A note card that says ""Green mushrooms are strongest, followed by yellow mushrooms, then purple mushrooms, then red flowers, then yellow flowers."" Cost: ${e://Field/cost} Gold Coins.",15,2,99,65,33,15,1,Warrior,nope just a lot to remember but I did my best,$1.00 ,5 minutes,5c8e72856243bb0001dcdea2,64418fa1704d272f0e168baa,6441a5dfed5e8994097c04f3,high,100,900,"""Green mushrooms are strongest, followed by yellow mushrooms, then purple mushrooms, then red flowers, then yellow flowers.""",885,885
4/20/23 14:53,4/20/23 14:57,IP Address,*******,100,249,TRUE,4/20/23 14:57,R_1f75YLugoojtiCF,*******,*******,*******,*******,*******,*******,anonymous,EN,I consent,6104d80b35980b2cae496ce7,995,910,Huntress,"A note card that says ""Mushrooms are stronger than flowers."" Cost: 100 Gold Coins.",,50,2,96,80,60,17,10,Huntress,no,$1.00 ,5 minutes,6104d80b35980b2cae496ce7,64418fa1704d272f0e168bab,6441a5c70df331b6ab76afae,low,120,900,"""Mushrooms are stronger than flowers.""",850,850
4/20/23 14:53,4/20/23 14:57,IP Address,*******,100,247,TRUE,4/20/23 14:57,R_1roJ2fFN7KMLcoe,*******,*******,*******,*******,*******,*******,anonymous,EN,I consent,6287a355e0dbfe43e55850b7,995,910,Huntress,,"A note card that says ""Green mushrooms are strongest, followed by yellow mushrooms, then purple mushrooms, then red flowers, then yellow flowers."" Cost: ${e://Field/cost} Gold Coins.",60,2,99,83,60,35,1,Huntress,no everything was fine but the note cards were too polar one just helped way more,$1.00 ,5 minutes,6287a355e0dbfe43e55850b7,64418fa1704d272f0e168baa,6441a63fb531fb76a24f7553,high,100,900,"""Green mushrooms are strongest, followed by yellow mushrooms, then purple mushrooms, then red flowers, then yellow flowers.""",840,840
4/20/23 14:54,4/20/23 14:58,IP Address,*******,100,226,TRUE,4/20/23 14:58,R_3lSkZHoqJchPCO1,*******,*******,*******,*******,*******,*******,anonymous,EN,I consent,6290baefc1820d33bb4afed4,995,910,Warrior,"A note card that says ""Mushrooms are stronger than flowers."" Cost: 100 Gold Coins.",,80,-3,82,81,80,19,17,Warrior,,$1.00 ,5 minutes,6290baefc1820d33bb4afed4,64418fa1704d272f0e168baa,6441a67b744f5df4f07661ae,low,120,900,"""Mushrooms are stronger than flowers.""",820,920
4/20/23 14:55,4/20/23 14:58,IP Address,*******,100,201,TRUE,4/20/23 14:58,R_3J3lhD3b5uPQDEh,*******,*******,*******,*******,*******,*******,anonymous,EN,I consent,63d79d38020c32ef6784a9f4,995,910,Huntress,,"A note card that says ""Mushrooms are stronger than flowers."" Cost: 100 Gold Coins.",60,1,99,80,61,31,1,Huntress,,$1.00 ,5 minutes,63d79d38020c32ef6784a9f4,64418fa1704d272f0e168baa,6441a6b5c27e4f1fd5a004cc,high,120,900,"""Mushrooms are stronger than flowers.""",840,840
4/20/23 14:56,4/20/23 14:58,IP Address,*******,100,153,TRUE,4/20/23 14:58,R_pzv99AaVO6Dymzf,*******,*******,*******,*******,*******,*******,anonymous,EN,I consent,5ec453f93ba6b432bdf01d58,995,910,Siren,,"A note card that says ""Green mushrooms are strongest, followed by yellow mushrooms, then purple mushrooms, then red flowers, then yellow flowers."" Cost: ${e://Field/cost} Gold Coins.",60,1,89,81,76,64,50,Siren,no,$1.00 ,5 minutes,5ec453f93ba6b432bdf01d58,64418fa1704d272f0e168bab,6441a6f2267b7ef268cbcb3a,high,120,880,"""Green mushrooms are strongest, followed by yellow mushrooms, then purple mushrooms, then red flowers, then yellow flowers.""",820,820
4/20/23 14:56,4/20/23 14:58,IP Address,*******,100,166,TRUE,4/20/23 14:59,R_2TogltP4VRhIS7Y,*******,*******,*******,*******,*******,*******,anonymous,EN,I consent,5ee68971dde4ef4056079287,995,990,Wizard,,"A note card that says ""Green mushrooms are strongest, followed by yellow mushrooms, then purple mushrooms, then red flowers, then yellow flowers."" Cost: ${e://Field/cost} Gold Coins.",10,2,99,80,75,50,1,Wizard,no,$1.00 ,5 minutes,5ee68971dde4ef4056079287,64418fa1704d272f0e168baa,6441a6e71ac778a72784929a,high,100,900,"""Green mushrooms are strongest, followed by yellow mushrooms, then purple mushrooms, then red flowers, then yellow flowers.""",890,890
4/20/23 14:55,4/20/23 14:59,IP Address,*******,100,232,TRUE,4/20/23 14:59,R_pcHlBRhoTgoQIhj,*******,*******,*******,*******,*******,*******,anonymous,EN,I consent,627f448165ed9095fd43cfd1,995,910,Wizard,"A note card that says ""Green mushrooms are strongest, followed by yellow mushrooms, then purple mushrooms, then red flowers, then yellow flowers."" Cost: ${e://Field/cost} Gold Coins.",,50,1,82,81,80,70,65,Wizard,no,$1.00 ,5 minutes,627f448165ed9095fd43cfd1,64418fa1704d272f0e168baa,6441a50c15a1527ee392bb26,low,100,900,"""Green mushrooms are strongest, followed by yellow mushrooms, then purple mushrooms, then red flowers, then yellow flowers.""",850,850
4/20/23 14:54,4/20/23 14:59,IP Address,*******,100,299,TRUE,4/20/23 14:59,R_2QQJNI43l3VEOah,*******,*******,*******,*******,*******,*******,anonymous,EN,I consent,5e7a5c9d7567f003b57b85e9,995,990,Wizard,"A note card that says ""Mushrooms are stronger than flowers."" Cost: 100 Gold Coins.",,20,1,40,20,20,50,20,Wizard,"None, I  don't know how to explain towards the end lol",$1.00 ,5 minutes,5e7a5c9d7567f003b57b85e9,64418fa1704d272f0e168baa,6441a66365b071dea833c4ea,low,100,900,"""Mushrooms are stronger than flowers.""",880,880
4/20/23 14:56,4/20/23 15:00,IP Address,*******,100,277,TRUE,4/20/23 15:00,R_sp7Le1cAaiQgGVb,*******,*******,*******,*******,*******,*******,anonymous,EN,I consent,5faf5be7eb05711e07faf4cf,995,910,Huntress,,"A note card that says ""Mushrooms are stronger than flowers."" Cost: 100 Gold Coins.",75,2,90,81,63,25,1,Huntress,no,$1.00 ,5 minutes,5faf5be7eb05711e07faf4cf,64418fa1704d272f0e168bab,6441a6eb5c7765ce9ba7b43e,high,120,900,"""Mushrooms are stronger than flowers.""",825,825
4/20/23 14:57,4/20/23 15:00,IP Address,*******,100,198,TRUE,4/20/23 15:00,R_6yRXXyVGnhZIIA9,*******,*******,*******,*******,*******,*******,anonymous,EN,I consent,5f90e2ba0e7eef1fdbf5b17b,995,910,Bard,"A note card that says ""Mushrooms are stronger than flowers."" Cost: 100 Gold Coins.",,200,1,82,81,80,19,17,Bard,no,$1.00 ,5 minutes,5f90e2ba0e7eef1fdbf5b17b,64418fa1704d272f0e168bab,6441a738a6f392f4dfbb1af9,low,120,900,"""Mushrooms are stronger than flowers.""",700,800
4/20/23 14:58,4/20/23 15:01,IP Address,*******,100,146,TRUE,4/20/23 15:01,R_vdGudDgeYocNYm5,*******,*******,*******,*******,*******,*******,anonymous,EN,I consent,5dc0cc1f317aa4076275ddf9,995,910,Wizard,,"A note card that says ""Green mushrooms are strongest, followed by yellow mushrooms, then purple mushrooms, then red flowers, then yellow flowers."" Cost: ${e://Field/cost} Gold Coins.",5,3,85,70,64,35,17,Wizard,,$1.00 ,5 minutes,5dc0cc1f317aa4076275ddf9,64418fa1704d272f0e168bab,6441a774c75a5bbf9bb701f5,high,120,880,"""Green mushrooms are strongest, followed by yellow mushrooms, then purple mushrooms, then red flowers, then yellow flowers.""",875,875
4/20/23 14:55,4/20/23 15:01,IP Address,*******,100,382,TRUE,4/20/23 15:01,R_RmhRdEQo2yrzOZr,*******,*******,*******,*******,*******,*******,anonymous,EN,I consent,5dd3bfcd8b8df139ce007928,995,910,Siren,"A note card that says ""Mushrooms are stronger than flowers."" Cost: 100 Gold Coins.",,40,1,82,81,80,19,17,Siren,no,$1.00 ,5 minutes,5dd3bfcd8b8df139ce007928,64418fa1704d272f0e168baa,6441a6b2b01ffac29da7b487,low,120,900,"""Mushrooms are stronger than flowers.""",860,960
4/20/23 14:58,4/20/23 15:02,IP Address,*******,100,230,TRUE,4/20/23 15:02,R_3qHyJyZ8mSVBr8v,*******,*******,*******,*******,*******,*******,anonymous,EN,I consent,5fb865ade47b465ad43580d9,995,910,Wizard,,"A note card that says ""Mushrooms are stronger than flowers."" Cost: 100 Gold Coins.",80,1,95,85,70,25,1,Wizard,,$1.00 ,5 minutes,5fb865ade47b465ad43580d9,64418fa1704d272f0e168baa,6441a763c75a5bbf9bb701f0,high,120,900,"""Mushrooms are stronger than flowers.""",820,820
4/20/23 14:57,4/20/23 15:02,IP Address,*******,100,289,TRUE,4/20/23 15:02,R_2bWdKbUsMVRW4uE,*******,*******,*******,*******,*******,*******,anonymous,EN,I consent,59ea2d5a7f3d71000171e0a9,995,910,Huntress,,"A note card that says ""Green mushrooms are strongest, followed by yellow mushrooms, then purple mushrooms, then red flowers, then yellow flowers."" Cost: ${e://Field/cost} Gold Coins.",45,-1,91,88,61,45,28,Huntress,,$1.00 ,5 minutes,59ea2d5a7f3d71000171e0a9,64418fa1704d272f0e168bab,6441a73b616e7ff8a29b961c,high,100,900,"""Green mushrooms are strongest, followed by yellow mushrooms, then purple mushrooms, then red flowers, then yellow flowers.""",855,855
4/20/23 14:59,4/20/23 15:02,IP Address,*******,100,163,TRUE,4/20/23 15:02,R_2TStIdwvJpmA0rw,*******,*******,*******,*******,*******,*******,anonymous,EN,I consent,5cb62e9293342300017a72a1,995,910,Siren,"A note card that says ""Mushrooms are stronger than flowers."" Cost: 100 Gold Coins.",,25,1,80,60,20,30,50,Siren,no,$1.00 ,5 minutes,5cb62e9293342300017a72a1,64418fa1704d272f0e168baa,6441a7bfd2106d6cbc387571,low,100,900,"""Mushrooms are stronger than flowers.""",875,875
4/20/23 15:00,4/20/23 15:03,IP Address,*******,100,177,TRUE,4/20/23 15:03,R_2qrSDudGFoIWgW6,*******,*******,*******,*******,*******,*******,anonymous,EN,I consent,60ff485b2d483058e7000cb5,995,910,Siren,,"A note card that says ""Green mushrooms are strongest, followed by yellow mushrooms, then purple mushrooms, then red flowers, then yellow flowers."" Cost: ${e://Field/cost} Gold Coins.",50,2,90,81,60,50,10,Siren,,$1.00 ,5 minutes,60ff485b2d483058e7000cb5,64418fa1704d272f0e168bab,6441a7da0114671d5c92bacb,high,120,880,"""Green mushrooms are strongest, followed by yellow mushrooms, then purple mushrooms, then red flowers, then yellow flowers.""",830,830
4/20/23 14:59,4/20/23 15:03,IP Address,*******,100,200,TRUE,4/20/23 15:03,R_1QcKe1W2YrLuFC1,*******,*******,*******,*******,*******,*******,anonymous,EN,I consent,5b15de5cbd9c310001570400,995,910,Wizard,,"A note card that says ""Mushrooms are stronger than flowers."" Cost: 100 Gold Coins.",60,2,92,83,40,25,3,Wizard,no,$1.00 ,5 minutes,5b15de5cbd9c310001570400,64418fa1704d272f0e168baa,6441a7b0d2106d6cbc38756f,high,120,900,"""Mushrooms are stronger than flowers.""",840,840
4/20/23 14:59,4/20/23 15:03,IP Address,*******,100,222,TRUE,4/20/23 15:03,R_1ImZgttz17oAgfC,*******,*******,*******,*******,*******,*******,anonymous,EN,I consent,6111a6b56d3930e2472cc673,995,910,Wizard,"A note card that says ""Green mushrooms are strongest, followed by yellow mushrooms, then purple mushrooms, then red flowers, then yellow flowers."" Cost: ${e://Field/cost} Gold Coins.",,50,1,82,81,80,19,17,Wizard,no,$1.00 ,5 minutes,6111a6b56d3930e2472cc673,64418fa1704d272f0e168bab,6441a7b23a15b251d72cd6b4,low,100,900,"""Green mushrooms are strongest, followed by yellow mushrooms, then purple mushrooms, then red flowers, then yellow flowers.""",850,950
4/20/23 14:58,4/20/23 15:03,IP Address,*******,100,289,TRUE,4/20/23 15:03,R_3qwl5LkYAEBIAPQ,*******,*******,*******,*******,*******,*******,anonymous,EN,I consent,63654b4f395f847a8a5ee6fd,995,1010,Siren,"A note card that says ""Mushrooms are stronger than flowers."" Cost: 100 Gold Coins.",,80,2,82,81,80,19,9,Siren,no,$1.00 ,5 minutes,63654b4f395f847a8a5ee6fd,64418fa1704d272f0e168baa,6441a75d5479320bbf93bbcf,low,120,900,"""Mushrooms are stronger than flowers.""",820,820
4/20/23 15:00,4/20/23 15:03,IP Address,*******,100,200,TRUE,4/20/23 15:03,R_1GKdvlgyYWl0b4J,*******,*******,*******,*******,*******,*******,anonymous,EN,I consent,6418bb561cef445487504b0b,995,910,Huntress,,"A note card that says ""Green mushrooms are strongest, followed by yellow mushrooms, then purple mushrooms, then red flowers, then yellow flowers."" Cost: ${e://Field/cost} Gold Coins.",35,2,65,35,25,11,6,Huntress,,$1.00 ,5 minutes,6418bb561cef445487504b0b,64418fa1704d272f0e168baa,6441a7df34d61b6ec6186d25,high,120,880,"""Green mushrooms are strongest, followed by yellow mushrooms, then purple mushrooms, then red flowers, then yellow flowers.""",845,845
4/20/23 14:54,4/20/23 15:04,IP Address,*******,100,585,TRUE,4/20/23 15:04,R_bdpI8Q58gAcFqWl,*******,*******,*******,*******,*******,*******,anonymous,EN,I consent,6150ca885dca8c918357a4d1,995,910,Wizard,"A note card that says ""Green mushrooms are strongest, followed by yellow mushrooms, then purple mushrooms, then red flowers, then yellow flowers."" Cost: ${e://Field/cost} Gold Coins.",,81,1,82,81,80,19,17,Wizard,no,$1.00 ,5 minutes,6150ca885dca8c918357a4d1,64418fa1704d272f0e168baa,6441a67add2f19d04970b7fa,low,100,900,"""Green mushrooms are strongest, followed by yellow mushrooms, then purple mushrooms, then red flowers, then yellow flowers.""",819,919
4/20/23 15:01,4/20/23 15:04,IP Address,*******,100,170,TRUE,4/20/23 15:04,R_1ClSsOWJi9XzGf2,*******,*******,*******,*******,*******,*******,anonymous,EN,I consent,63e56678a87f209e2ca83059,995,1110,Huntress,,"A note card that says ""Green mushrooms are strongest, followed by yellow mushrooms, then purple mushrooms, then red flowers, then yellow flowers."" Cost: ${e://Field/cost} Gold Coins.",150,3,125,86,56,45,10,Huntress,,$1.00 ,5 minutes,63e56678a87f209e2ca83059,64418fa1704d272f0e168bab,6441a821b59f3a2289e9163e,high,100,900,"""Green mushrooms are strongest, followed by yellow mushrooms, then purple mushrooms, then red flowers, then yellow flowers.""",750,750
4/20/23 14:59,4/20/23 15:04,IP Address,*******,100,325,TRUE,4/20/23 15:04,R_2Bh9VzU2u3VSCk9,*******,*******,*******,*******,*******,*******,anonymous,EN,I consent,63f8aeb6c9098e0ef3bf3553,995,910,Siren,,"A note card that says ""Green mushrooms are strongest, followed by yellow mushrooms, then purple mushrooms, then red flowers, then yellow flowers."" Cost: ${e://Field/cost} Gold Coins.",20,2,99,80,50,10,2,Siren,No it was very clear!,$1.00 ,5 minutes,63f8aeb6c9098e0ef3bf3553,64418fa1704d272f0e168bab,6441a79b267b7ef268cbcb5e,high,100,900,"""Green mushrooms are strongest, followed by yellow mushrooms, then purple mushrooms, then red flowers, then yellow flowers.""",880,880
4/20/23 15:01,4/20/23 15:04,IP Address,*******,100,193,TRUE,4/20/23 15:04,R_2wB5wkuj5C1Gkth,*******,*******,*******,*******,*******,*******,anonymous,EN,I consent,5c4d1a6c9ce35100019dbc88,995,910,Warrior,"A note card that says ""Mushrooms are stronger than flowers."" Cost: 100 Gold Coins.",,50,2,90,85,80,19,17,Warrior,no,$1.00 ,5 minutes,5c4d1a6c9ce35100019dbc88,64418fa1704d272f0e168baa,6441a825c1ae84f2d43875c7,low,100,900,"""Mushrooms are stronger than flowers.""",850,850
4/20/23 14:57,4/20/23 15:04,IP Address,*******,100,416,TRUE,4/20/23 15:04,R_20YW5jPu7EFqM6N,*******,*******,*******,*******,*******,*******,anonymous,EN,I consent,6286e40c379938abc16e254b,995,910,Bard,"A note card that says ""Green mushrooms are strongest, followed by yellow mushrooms, then purple mushrooms, then red flowers, then yellow flowers."" Cost: ${e://Field/cost} Gold Coins.",,80,1,83,81,79,17,13,Bard,no,$1.00 ,5 minutes,6286e40c379938abc16e254b,64418fa1704d272f0e168baa,6441a7471a26d47f50f088e9,low,100,900,"""Green mushrooms are strongest, followed by yellow mushrooms, then purple mushrooms, then red flowers, then yellow flowers.""",820,820
4/20/23 15:00,4/20/23 15:05,IP Address,*******,100,299,TRUE,4/20/23 15:05,R_1QMlv79ZLcNNIlp,*******,*******,*******,*******,*******,*******,anonymous,EN,I consent,63d152b604e8c21933a58a66,995,910,Huntress,"A note card that says ""Mushrooms are stronger than flowers."" Cost: 100 Gold Coins.",,80,2,82,81,80,19,17,Huntress,No,$1.00 ,5 minutes,63d152b604e8c21933a58a66,64418fa1704d272f0e168baa,6441a7eeea7969e8a7d4c447,low,120,900,"""Mushrooms are stronger than flowers.""",820,920
4/20/23 15:01,4/20/23 15:06,IP Address,*******,100,284,TRUE,4/20/23 15:06,R_1BYpf1l5EmCT49S,*******,*******,*******,*******,*******,*******,anonymous,EN,I consent,62b05a502f2184d1b8d91054,5,990,Siren,,"A note card that says ""Green mushrooms are strongest, followed by yellow mushrooms, then purple mushrooms, then red flowers, then yellow flowers."" Cost: ${e://Field/cost} Gold Coins.",80,2,98,68,50,35,10,Siren,"Nope, survey went smoothly ",$1.00 ,5 minutes,62b05a502f2184d1b8d91054,64418fa1704d272f0e168baa,6441a81925597105d4a7b45b,high,120,880,"""Green mushrooms are strongest, followed by yellow mushrooms, then purple mushrooms, then red flowers, then yellow flowers.""",800,800
4/20/23 15:02,4/20/23 15:06,IP Address,*******,100,197,TRUE,4/20/23 15:06,R_2dTo7k1xYpGyAKn,*******,*******,*******,*******,*******,*******,anonymous,EN,I consent,5678ea0289319e00116519c3,995,910,Wizard,"A note card that says ""Green mushrooms are strongest, followed by yellow mushrooms, then purple mushrooms, then red flowers, then yellow flowers."" Cost: ${e://Field/cost} Gold Coins.",,100,2,83,81,56,23,17,Wizard,,$1.00 ,5 minutes,5678ea0289319e00116519c3,64418fa1704d272f0e168baa,6441a875593a8abb0d4ce17c,low,100,900,"""Green mushrooms are strongest, followed by yellow mushrooms, then purple mushrooms, then red flowers, then yellow flowers.""",800,800
4/20/23 15:04,4/20/23 15:07,IP Address,*******,100,176,TRUE,4/20/23 15:07,R_1pznKanRKIwh5N3,*******,*******,*******,*******,*******,*******,anonymous,EN,I consent,5e6ef5fbf14d264ae2ef3867,995,910,Wizard,"A note card that says ""Mushrooms are stronger than flowers."" Cost: 100 Gold Coins.",,81,-3,82,81,80,19,17,Wizard,no,$1.00 ,5 minutes,5e6ef5fbf14d264ae2ef3867,64418fa1704d272f0e168baa,6441a8a89c71182a1c7c04da,low,120,900,"""Mushrooms are stronger than flowers.""",819,919
4/20/23 15:03,4/20/23 15:07,IP Address,*******,100,265,TRUE,4/20/23 15:07,R_zU7bCgDZFmRS5Al,*******,*******,*******,*******,*******,*******,anonymous,EN,I consent,5f4bdc989ed8777ca5c963b3,995,910,Warrior,,"A note card that says ""Green mushrooms are strongest, followed by yellow mushrooms, then purple mushrooms, then red flowers, then yellow flowers."" Cost: ${e://Field/cost} Gold Coins.",80,1,99,80,60,35,1,Warrior,no,$1.00 ,5 minutes,5f4bdc989ed8777ca5c963b3,64418fa1704d272f0e168bab,6441a894888625a7209b962a,high,100,900,"""Green mushrooms are strongest, followed by yellow mushrooms, then purple mushrooms, then red flowers, then yellow flowers.""",820,820
4/20/23 15:04,4/20/23 15:07,IP Address,*******,100,229,TRUE,4/20/23 15:08,R_1n29msfhaDsKXCr,*******,*******,*******,*******,*******,*******,anonymous,EN,I consent,61116fb00f7f0fbacf0714f9,905,990,Siren,"A note card that says ""Green mushrooms are strongest, followed by yellow mushrooms, then purple mushrooms, then red flowers, then yellow flowers."" Cost: ${e://Field/cost} Gold Coins.",,80,3,82,80,79,19,12,Siren,,$1.00 ,5 minutes,61116fb00f7f0fbacf0714f9,64418fa1704d272f0e168bab,6441a8c40c35c2c36088c179,low,100,900,"""Green mushrooms are strongest, followed by yellow mushrooms, then purple mushrooms, then red flowers, then yellow flowers.""",820,820
4/20/23 15:02,4/20/23 15:08,IP Address,*******,100,354,TRUE,4/20/23 15:08,R_1lxzTCLwHmMkQrH,*******,*******,*******,*******,*******,*******,anonymous,EN,I consent,5c76fcf237d77b00168b4d85,995,910,Huntress,,"A note card that says ""Green mushrooms are strongest, followed by yellow mushrooms, then purple mushrooms, then red flowers, then yellow flowers."" Cost: ${e://Field/cost} Gold Coins.",50,2,100,75,50,25,10,Huntress,,$1.00 ,5 minutes,5c76fcf237d77b00168b4d85,64418fa1704d272f0e168bab,6441a851e7399e129819f8b6,high,120,880,"""Green mushrooms are strongest, followed by yellow mushrooms, then purple mushrooms, then red flowers, then yellow flowers.""",830,830
4/20/23 15:04,4/20/23 15:08,IP Address,*******,100,251,TRUE,4/20/23 15:08,R_2TsKwW4yh0NwNA0,*******,*******,*******,*******,*******,*******,anonymous,EN,I consent,600f4361d8ad4b1021236a24,995,990,Warrior,"A note card that says ""Green mushrooms are strongest, followed by yellow mushrooms, then purple mushrooms, then red flowers, then yellow flowers."" Cost: ${e://Field/cost} Gold Coins.",,10,2,100,95,91,80,70,Warrior,N/A,$1.00 ,5 minutes,600f4361d8ad4b1021236a24,64418fa1704d272f0e168baa,6441a8d5d3becec175cbcb4c,low,100,900,"""Green mushrooms are strongest, followed by yellow mushrooms, then purple mushrooms, then red flowers, then yellow flowers.""",890,890
4/20/23 14:59,4/20/23 15:09,IP Address,*******,100,605,TRUE,4/20/23 15:09,R_2zZ6IRbVaowUfIZ,*******,*******,*******,*******,*******,*******,anonymous,EN,I consent,6298dd311a003b986813851b,995,910,Wizard,,"A note card that says ""Green mushrooms are strongest, followed by yellow mushrooms, then purple mushrooms, then red flowers, then yellow flowers."" Cost: ${e://Field/cost} Gold Coins.",60,2,99,81,50,25,1,Wizard,"Nope, it was fun.",$1.00 ,5 minutes,6298dd311a003b986813851b,64418fa1704d272f0e168baa,6441a7a958c93212a0a76e5a,high,120,880,"""Green mushrooms are strongest, followed by yellow mushrooms, then purple mushrooms, then red flowers, then yellow flowers.""",820,820
4/20/23 15:05,4/20/23 15:09,IP Address,*******,100,267,TRUE,4/20/23 15:09,R_2rSL8b7qQeJSFPQ,*******,*******,*******,*******,*******,*******,anonymous,EN,I consent,5d2fbee1fb16450018a7a023,995,910,Warrior,,"A note card that says ""Green mushrooms are strongest, followed by yellow mushrooms, then purple mushrooms, then red flowers, then yellow flowers."" Cost: ${e://Field/cost} Gold Coins.",120,3,550,130,90,75,125,Wizard,No problems,$1.00 ,5 minutes,5d2fbee1fb16450018a7a023,64418fa1704d272f0e168baa,6441a905aa4182dfd4fe73c6,high,120,880,"""Green mushrooms are strongest, followed by yellow mushrooms, then purple mushrooms, then red flowers, then yellow flowers.""",760,760
4/20/23 15:04,4/20/23 15:09,IP Address,*******,100,308,TRUE,4/20/23 15:09,R_AsUxPbODucEcDlL,*******,*******,*******,*******,*******,*******,anonymous,EN,I consent,5907f9e49ae6ed000160dc4b,995,910,Huntress,,"A note card that says ""Green mushrooms are strongest, followed by yellow mushrooms, then purple mushrooms, then red flowers, then yellow flowers."" Cost: ${e://Field/cost} Gold Coins.",85,1,99,81,63,35,1,Huntress,No,$1.00 ,5 minutes,5907f9e49ae6ed000160dc4b,64418fa1704d272f0e168bab,6441a8e0390e3f8fb54c51e4,high,120,880,"""Green mushrooms are strongest, followed by yellow mushrooms, then purple mushrooms, then red flowers, then yellow flowers.""",795,895
4/20/23 15:07,4/20/23 15:10,IP Address,*******,100,130,TRUE,4/20/23 15:10,R_2y48hg7A0l2MUSy,*******,*******,*******,*******,*******,*******,anonymous,EN,I consent,62c6513c0edef38dc7bd5afe,995,910,Bard,,"A note card that says ""Green mushrooms are strongest, followed by yellow mushrooms, then purple mushrooms, then red flowers, then yellow flowers."" Cost: ${e://Field/cost} Gold Coins.",25,3,95,65,35,25,1,Bard,,$1.00 ,5 minutes,62c6513c0edef38dc7bd5afe,64418fa1704d272f0e168baa,6441a9a4e6d08fb944a004f8,high,100,900,"""Green mushrooms are strongest, followed by yellow mushrooms, then purple mushrooms, then red flowers, then yellow flowers.""",875,875
4/20/23 15:05,4/20/23 15:10,IP Address,*******,100,306,TRUE,4/20/23 15:10,R_x9RhirDxHgVlip3,*******,*******,*******,*******,*******,*******,anonymous,EN,I consent,62e1ce78f3baa9e8ae1acfdf,995,910,Warrior,"A note card that says ""Green mushrooms are strongest, followed by yellow mushrooms, then purple mushrooms, then red flowers, then yellow flowers."" Cost: ${e://Field/cost} Gold Coins.",,50,2,82,81,60,17,8,Warrior,No.,$1.00 ,5 minutes,62e1ce78f3baa9e8ae1acfdf,64418fa1704d272f0e168baa,6441a8bcd2106d6cbc3875a9,low,100,900,"""Green mushrooms are strongest, followed by yellow mushrooms, then purple mushrooms, then red flowers, then yellow flowers.""",850,850
4/20/23 15:06,4/20/23 15:10,IP Address,*******,100,240,TRUE,4/20/23 15:10,R_23fwWUMretUhi8Q,*******,*******,*******,*******,*******,*******,anonymous,EN,I consent,636330b7f97a8198974a367f,995,910,Wizard,"A note card that says ""Mushrooms are stronger than flowers."" Cost: 100 Gold Coins.",,81,1,82,81,80,19,17,Wizard,,$1.00 ,5 minutes,636330b7f97a8198974a367f,64418fa1704d272f0e168bab,6441a9661180d11eb08ef598,low,120,900,"""Mushrooms are stronger than flowers.""",819,919
4/20/23 15:06,4/20/23 15:11,IP Address,*******,100,251,TRUE,4/20/23 15:11,R_1jMVSoRDVOeaqDQ,*******,*******,*******,*******,*******,*******,anonymous,EN,I consent,5c2ab2de9136140001b90737,995,990,Siren,"A note card that says ""Green mushrooms are strongest, followed by yellow mushrooms, then purple mushrooms, then red flowers, then yellow flowers."" Cost: ${e://Field/cost} Gold Coins.",,75,3,83,82,81,19,17,Siren,no,$1.00 ,5 minutes,5c2ab2de9136140001b90737,64418fa1704d272f0e168bab,6441a962ed98596977681f3d,low,100,900,"""Green mushrooms are strongest, followed by yellow mushrooms, then purple mushrooms, then red flowers, then yellow flowers.""",825,825
4/20/23 15:08,4/20/23 15:11,IP Address,*******,100,202,TRUE,4/20/23 15:11,R_2v0bH92XhhBLJfv,*******,*******,*******,*******,*******,*******,anonymous,EN,I consent,5ba854ed7c0ebe0001272f2d,995,910,Huntress,"A note card that says ""Mushrooms are stronger than flowers."" Cost: 100 Gold Coins.",,85,-3,84,81,80,19,17,Huntress,no,$1.00 ,5 minutes,5ba854ed7c0ebe0001272f2d,64418fa1704d272f0e168baa,6441a9b8a45c906a3d186d54,low,120,900,"""Mushrooms are stronger than flowers.""",815,815
4/20/23 15:07,4/20/23 15:11,IP Address,*******,100,262,TRUE,4/20/23 15:11,R_3DkLeYrSMmKgYaX,*******,*******,*******,*******,*******,*******,anonymous,EN,I consent,610763db336c7d883758810d,995,990,Huntress,,"A note card that says ""Green mushrooms are strongest, followed by yellow mushrooms, then purple mushrooms, then red flowers, then yellow flowers."" Cost: ${e://Field/cost} Gold Coins.",100,3,93,85,65,35,11,Huntress,,$1.00 ,5 minutes,610763db336c7d883758810d,64418fa1704d272f0e168bab,6441a98f6d8b7a8c7f275896,high,100,900,"""Green mushrooms are strongest, followed by yellow mushrooms, then purple mushrooms, then red flowers, then yellow flowers.""",800,800
4/20/23 15:05,4/20/23 15:12,IP Address,*******,100,454,TRUE,4/20/23 15:12,R_3ktPTiEJ3SeKzxV,*******,*******,*******,*******,*******,*******,anonymous,EN,I consent,63df41179d1e6352b228a74f,995,910,Wizard,,"A note card that says ""Green mushrooms are strongest, followed by yellow mushrooms, then purple mushrooms, then red flowers, then yellow flowers."" Cost: ${e://Field/cost} Gold Coins.",0,0,16,29,63,25,1,Wizard,remembering the stregths was very difficult for me,$1.00 ,5 minutes,63df41179d1e6352b228a74f,64418fa1704d272f0e168bab,6441a8f95da7b4ea6e93bbf9,high,120,880,"""Green mushrooms are strongest, followed by yellow mushrooms, then purple mushrooms, then red flowers, then yellow flowers.""",880,880
4/20/23 15:10,4/20/23 15:12,IP Address,*******,100,149,TRUE,4/20/23 15:12,R_3qkuh1HRgszq3al,*******,*******,*******,*******,*******,*******,anonymous,EN,I consent,63030263af6dd6dd82095af0,995,910,Warrior,,"A note card that says ""Green mushrooms are strongest, followed by yellow mushrooms, then purple mushrooms, then red flowers, then yellow flowers."" Cost: ${e://Field/cost} Gold Coins.",50,3,99,85,50,25,1,Warrior,,$1.00 ,5 minutes,63030263af6dd6dd82095af0,64418fa1704d272f0e168baa,6441aa2fa1b0dd7fefa973be,high,100,900,"""Green mushrooms are strongest, followed by yellow mushrooms, then purple mushrooms, then red flowers, then yellow flowers.""",850,850
4/20/23 15:09,4/20/23 15:12,IP Address,*******,100,188,TRUE,4/20/23 15:12,R_eW1msI596c45jaN,*******,*******,*******,*******,*******,*******,anonymous,EN,I consent,63d419030f898a314d4cc380,1995,1890,Huntress,,"A note card that says ""Green mushrooms are strongest, followed by yellow mushrooms, then purple mushrooms, then red flowers, then yellow flowers."" Cost: ${e://Field/cost} Gold Coins.",90,2,110,90,85,70,50,Huntress,,$1.00 ,5 minutes,63d419030f898a314d4cc380,64418fa1704d272f0e168bab,6441aa04b3f62d286d6080e9,high,120,880,"""Green mushrooms are strongest, followed by yellow mushrooms, then purple mushrooms, then red flowers, then yellow flowers.""",790,790
4/20/23 15:08,4/20/23 15:12,IP Address,*******,100,251,TRUE,4/20/23 15:12,R_1loAjZhUiTYFFnH,*******,*******,*******,*******,*******,*******,anonymous,EN,I consent,6176377745c7352033f281df,995,910,Warrior,"A note card that says ""Mushrooms are stronger than flowers."" Cost: 100 Gold Coins.",,50,2,83,82,81,18,17,Warrior,No,$1.00 ,5 minutes,6176377745c7352033f281df,64418fa1704d272f0e168baa,6441a9c729e7f1de05c52ea2,low,120,900,"""Mushrooms are stronger than flowers.""",850,850
4/20/23 15:09,4/20/23 15:12,IP Address,*******,100,208,TRUE,4/20/23 15:12,R_2cvm3lu9OpIfZSV,*******,*******,*******,*******,*******,*******,anonymous,EN,I consent,5ed6a80ac3b8620fd41f5fd6,995,910,Siren,,"A note card that says ""Green mushrooms are strongest, followed by yellow mushrooms, then purple mushrooms, then red flowers, then yellow flowers."" Cost: ${e://Field/cost} Gold Coins.",85,1,99,83,63,5,1,Siren,No,$1.00 ,5 minutes,5ed6a80ac3b8620fd41f5fd6,64418fa1704d272f0e168bab,6441a9fbf3ec5d694e3ae6f9,high,120,880,"""Green mushrooms are strongest, followed by yellow mushrooms, then purple mushrooms, then red flowers, then yellow flowers.""",795,795
4/20/23 15:12,4/20/23 15:13,IP Address,*******,100,55,TRUE,4/20/23 15:13,R_pgCuHeqUSzeqJaN,*******,*******,*******,*******,*******,*******,anonymous,EN,I consent,63ee5e103b44d07673cc8bd6,995,910,Huntress,,"A note card that says ""Green mushrooms are strongest, followed by yellow mushrooms, then purple mushrooms, then red flowers, then yellow flowers."" Cost: ${e://Field/cost} Gold Coins.",50,2,99,81,63,35,1,Huntress,,$1.00 ,5 minutes,63ee5e103b44d07673cc8bd6,64418fa1704d272f0e168bab,6441a9c9d3becec175cbcb83,high,100,900,"""Green mushrooms are strongest, followed by yellow mushrooms, then purple mushrooms, then red flowers, then yellow flowers.""",850,950
4/20/23 15:08,4/20/23 15:13,IP Address,*******,100,285,TRUE,4/20/23 15:13,R_2EzbqM9FR5XWCx4,*******,*******,*******,*******,*******,*******,anonymous,EN,I consent,5bfc5b7013b8e60001ae335e,995,910,Siren,,"A note card that says ""Mushrooms are stronger than flowers."" Cost: 100 Gold Coins.",60,3,93,60,50,5,1,Siren,No,$1.00 ,5 minutes,5bfc5b7013b8e60001ae335e,64418fa1704d272f0e168bab,6441a9362f9bc14bc04030bc,high,120,900,"""Mushrooms are stronger than flowers.""",840,840
4/20/23 15:08,4/20/23 15:13,IP Address,*******,100,319,TRUE,4/20/23 15:13,R_2CpS2cx5sImNxis,*******,*******,*******,*******,*******,*******,anonymous,EN,I consent,6413584542523eaa1c4301cf,995,910,Warrior,,"A note card that says ""Green mushrooms are strongest, followed by yellow mushrooms, then purple mushrooms, then red flowers, then yellow flowers."" Cost: ${e://Field/cost} Gold Coins.",50,3,99,98,86,15,1,Warrior,"No, everything was good",$1.00 ,5 minutes,6413584542523eaa1c4301cf,64418fa1704d272f0e168baa,6441a95168a598d3ecd4b3b6,high,100,900,"""Green mushrooms are strongest, followed by yellow mushrooms, then purple mushrooms, then red flowers, then yellow flowers.""",850,850
4/20/23 15:10,4/20/23 15:13,IP Address,*******,100,190,TRUE,4/20/23 15:13,R_30cbOTiEQV7DFkv,*******,*******,*******,*******,*******,*******,anonymous,EN,I consent,5ef569718308d01c05de3847,995,910,Wizard,,"A note card that says ""Mushrooms are stronger than flowers."" Cost: 100 Gold Coins.",80,0,99,81,50,14,2,Wizard,,$1.00 ,5 minutes,5ef569718308d01c05de3847,64418fa1704d272f0e168bab,6441aa3824353a99b23875a0,high,120,900,"""Mushrooms are stronger than flowers.""",820,820
4/20/23 15:09,4/20/23 15:13,IP Address,*******,100,273,TRUE,4/20/23 15:13,R_3svSZGGyknJQEvg,*******,*******,*******,*******,*******,*******,anonymous,EN,I consent,600c1d2734acba30af2a7528,995,910,Huntress,"A note card that says ""Green mushrooms are strongest, followed by yellow mushrooms, then purple mushrooms, then red flowers, then yellow flowers."" Cost: ${e://Field/cost} Gold Coins.",,80,2,86,84,82,19,17,Huntress,,$1.00 ,5 minutes,600c1d2734acba30af2a7528,64418fa1704d272f0e168baa,6441a98c66f9fcd5ca5fc76c,low,100,900,"""Green mushrooms are strongest, followed by yellow mushrooms, then purple mushrooms, then red flowers, then yellow flowers.""",820,820
4/20/23 15:09,4/20/23 15:13,IP Address,*******,100,264,TRUE,4/20/23 15:13,R_3yB4clP2YigqEgh,*******,*******,*******,*******,*******,*******,anonymous,EN,I consent,5f919a881f37510203a7a638,995,910,Huntress,,"A note card that says ""Green mushrooms are strongest, followed by yellow mushrooms, then purple mushrooms, then red flowers, then yellow flowers."" Cost: ${e://Field/cost} Gold Coins.",80,2,3,2,1,4,5,Huntress,I was a bit confused about recalling the strengths so I just ordered them for strongest 1 to weakest 5,$1.00 ,5 minutes,5f919a881f37510203a7a638,64418fa1704d272f0e168bab,6441aa07885343e875e6798e,high,120,880,"""Green mushrooms are strongest, followed by yellow mushrooms, then purple mushrooms, then red flowers, then yellow flowers.""",800,800
4/20/23 15:09,4/20/23 15:14,IP Address,*******,100,250,TRUE,4/20/23 15:14,R_3qkw2CG4lZ2dInW,*******,*******,*******,*******,*******,*******,anonymous,EN,I consent,622e97262adc38e0cb0d670a,995,910,Warrior,"A note card that says ""Green mushrooms are strongest, followed by yellow mushrooms, then purple mushrooms, then red flowers, then yellow flowers."" Cost: ${e://Field/cost} Gold Coins.",,90,3,82,81,80,19,17,Warrior,no,$1.00 ,5 minutes,622e97262adc38e0cb0d670a,64418fa1704d272f0e168bab,6441aa01715cbf797f76afee,low,100,900,"""Green mushrooms are strongest, followed by yellow mushrooms, then purple mushrooms, then red flowers, then yellow flowers.""",810,910
4/20/23 15:07,4/20/23 15:14,IP Address,*******,100,425,TRUE,4/20/23 15:14,R_3ee1F3ENNz2UTFN,*******,*******,*******,*******,*******,*******,anonymous,EN,I consent,63ea729bf9951e30282eaae6,995,910,Huntress,"A note card that says ""Green mushrooms are strongest, followed by yellow mushrooms, then purple mushrooms, then red flowers, then yellow flowers."" Cost: ${e://Field/cost} Gold Coins.",,70,2,82,80,75,19,16,Huntress,No,$1.00 ,5 minutes,63ea729bf9951e30282eaae6,64418fa1704d272f0e168bab,6441a970ae73a2e6e2b44dfc,low,120,880,"""Green mushrooms are strongest, followed by yellow mushrooms, then purple mushrooms, then red flowers, then yellow flowers.""",810,810
4/20/23 15:07,4/20/23 15:14,IP Address,*******,100,386,TRUE,4/20/23 15:14,R_3dS0QVhInGqOGc7,*******,*******,*******,*******,*******,*******,anonymous,EN,I consent,6120d602c1976a4114dcb110,95,90,Huntress,"A note card that says ""Green mushrooms are strongest, followed by yellow mushrooms, then purple mushrooms, then red flowers, then yellow flowers."" Cost: ${e://Field/cost} Gold Coins.",,79,1,82,80,79,19,17,Huntress,"Yes, the understanding of the math part ",$1.00 ,5 minutes,6120d602c1976a4114dcb110,64418fa1704d272f0e168bab,6441a994de240c278c48fd4a,low,120,880,"""Green mushrooms are strongest, followed by yellow mushrooms, then purple mushrooms, then red flowers, then yellow flowers.""",801,801
4/20/23 15:10,4/20/23 15:14,IP Address,*******,100,246,TRUE,4/20/23 15:14,R_1nN6PcjX2bT6ZxY,*******,*******,*******,*******,*******,*******,anonymous,EN,I consent,5c112b5d8124060001bfa35f,905,910,Wizard,"A note card that says ""Green mushrooms are strongest, followed by yellow mushrooms, then purple mushrooms, then red flowers, then yellow flowers."" Cost: ${e://Field/cost} Gold Coins.",,70,2,80,78,75,18,17,Wizard,,$1.00 ,5 minutes,5c112b5d8124060001bfa35f,64418fa1704d272f0e168bab,6441aa34e5b8d1e50a70b7cd,low,120,880,"""Green mushrooms are strongest, followed by yellow mushrooms, then purple mushrooms, then red flowers, then yellow flowers.""",810,810
4/20/23 15:09,4/20/23 15:14,IP Address,*******,100,304,TRUE,4/20/23 15:14,R_0vuYVOcUL0LX4n7,*******,*******,*******,*******,*******,*******,anonymous,EN,I consent,56c79f6cc41c43000c0886b0,995,910,Wizard,,"A note card that says ""Green mushrooms are strongest, followed by yellow mushrooms, then purple mushrooms, then red flowers, then yellow flowers."" Cost: ${e://Field/cost} Gold Coins.",80,1,40,30,20,15,10,Wizard,It was fun!!,$1.00 ,5 minutes,56c79f6cc41c43000c0886b0,64418fa1704d272f0e168baa,6441a9ff0d01a1e5d24fbc1b,high,120,880,"""Green mushrooms are strongest, followed by yellow mushrooms, then purple mushrooms, then red flowers, then yellow flowers.""",800,800
4/20/23 15:05,4/20/23 15:14,IP Address,*******,100,547,TRUE,4/20/23 15:14,R_3Jfy05RTRycgkrx,*******,*******,*******,*******,*******,*******,anonymous,EN,I consent,610ec37ea0648de28b37fb83,995,910,Wizard,"A note card that says ""Green mushrooms are strongest, followed by yellow mushrooms, then purple mushrooms, then red flowers, then yellow flowers."" Cost: ${e://Field/cost} Gold Coins.",,80,-1,87,81,79,17,14,Wizard,,$1.00 ,5 minutes,610ec37ea0648de28b37fb83,64418fa1704d272f0e168bab,6441a90d632c4359ef930d72,low,100,900,"""Green mushrooms are strongest, followed by yellow mushrooms, then purple mushrooms, then red flowers, then yellow flowers.""",820,820
4/20/23 15:08,4/20/23 15:14,IP Address,*******,100,398,TRUE,4/20/23 15:14,R_1reufynNA242QLG,*******,*******,*******,*******,*******,*******,anonymous,EN,I consent,63bd971320ab2d40a1d02aa8,995,910,Huntress,"A note card that says ""Mushrooms are stronger than flowers."" Cost: 100 Gold Coins.",,120,3,80,82,82,50,47,Huntress,No ,$1.00 ,5 minutes,63bd971320ab2d40a1d02aa8,64418fa1704d272f0e168bab,6441a9ad3d5ebd1e50fd7bc1,low,100,900,"""Mushrooms are stronger than flowers.""",780,780
4/20/23 15:10,4/20/23 15:14,IP Address,*******,100,292,TRUE,4/20/23 15:14,R_u8Sw6EKE6Ai67Pr,*******,*******,*******,*******,*******,*******,anonymous,EN,I consent,639611cf1d89fe7abe73b6f9,995,910,Huntress,"A note card that says ""Green mushrooms are strongest, followed by yellow mushrooms, then purple mushrooms, then red flowers, then yellow flowers."" Cost: ${e://Field/cost} Gold Coins.",,90,1,80,70,60,50,40,Huntress,Interesting!,$1.00 ,5 minutes,639611cf1d89fe7abe73b6f9,64418fa1704d272f0e168bab,6441aa1e62f038ca122cd686,low,100,900,"""Green mushrooms are strongest, followed by yellow mushrooms, then purple mushrooms, then red flowers, then yellow flowers.""",810,810
4/20/23 15:09,4/20/23 15:15,IP Address,*******,100,330,TRUE,4/20/23 15:15,R_Zgzf8rVAkLL34el,*******,*******,*******,*******,*******,*******,anonymous,EN,I consent,5fc5c8d74ac28216359a94f2,995,910,Huntress,"A note card that says ""Green mushrooms are strongest, followed by yellow mushrooms, then purple mushrooms, then red flowers, then yellow flowers."" Cost: ${e://Field/cost} Gold Coins.",,50,3,85,81,50,17,10,Huntress,,$1.00 ,5 minutes,5fc5c8d74ac28216359a94f2,64418fa1704d272f0e168baa,6441aa0423696502bb74371e,low,100,900,"""Green mushrooms are strongest, followed by yellow mushrooms, then purple mushrooms, then red flowers, then yellow flowers.""",850,850
4/20/23 15:09,4/20/23 15:15,IP Address,*******,100,356,TRUE,4/20/23 15:15,R_2WPe8p3blY72AEK,*******,*******,*******,*******,*******,*******,anonymous,EN,I consent,60fcc00af3ec0d2d4b95c4be,995,910,Siren,,"A note card that says ""Green mushrooms are strongest, followed by yellow mushrooms, then purple mushrooms, then red flowers, then yellow flowers."" Cost: ${e://Field/cost} Gold Coins.",90,3,99,81,61,35,1,Siren,"No, this was very fun!",$1.00 ,5 minutes,60fcc00af3ec0d2d4b95c4be,64418fa1704d272f0e168bab,6441a9f923696502bb743719,high,120,880,"""Green mushrooms are strongest, followed by yellow mushrooms, then purple mushrooms, then red flowers, then yellow flowers.""",790,790
4/20/23 15:12,4/20/23 15:16,IP Address,*******,100,231,TRUE,4/20/23 15:16,R_2zAvpIhgdGD4Qqm,*******,*******,*******,*******,*******,*******,anonymous,EN,I consent,607226ef2df05dd596a390f2,995,910,Siren,,"A note card that says ""Mushrooms are stronger than flowers."" Cost: 100 Gold Coins.",65,1,99,81,66,25,1,Siren,No,$1.00 ,5 minutes,607226ef2df05dd596a390f2,64418fa1704d272f0e168bab,6441aaa86d34dc6eb9d4b3b8,high,120,900,"""Mushrooms are stronger than flowers.""",835,835
4/20/23 15:12,4/20/23 15:16,IP Address,*******,100,192,TRUE,4/20/23 15:16,R_2SkTtKbqpyhqFXi,*******,*******,*******,*******,*******,*******,anonymous,EN,I consent,5f46debeda9c140b906d8042,995,910,Warrior,,"A note card that says ""Green mushrooms are strongest, followed by yellow mushrooms, then purple mushrooms, then red flowers, then yellow flowers."" Cost: ${e://Field/cost} Gold Coins.",50,3,96,81,67,20,1,Warrior,N/A,$1.00 ,5 minutes,5f46debeda9c140b906d8042,64418fa1704d272f0e168baa,6441aacd527895ec667d5648,high,120,880,"""Green mushrooms are strongest, followed by yellow mushrooms, then purple mushrooms, then red flowers, then yellow flowers.""",830,830
4/20/23 15:11,4/20/23 15:16,IP Address,*******,100,310,TRUE,4/20/23 15:16,R_3feBm6gmufj7DIG,*******,*******,*******,*******,*******,*******,anonymous,EN,I consent,62c4dbae8fb1ff9cd93a3150,995,910,Wizard,,"A note card that says ""Green mushrooms are strongest, followed by yellow mushrooms, then purple mushrooms, then red flowers, then yellow flowers."" Cost: ${e://Field/cost} Gold Coins.",20,1,99,81,63,35,1,Wizard,none,$1.00 ,5 minutes,62c4dbae8fb1ff9cd93a3150,64418fa1704d272f0e168baa,6441aa6ff784327aa8073165,high,120,880,"""Green mushrooms are strongest, followed by yellow mushrooms, then purple mushrooms, then red flowers, then yellow flowers.""",860,960
4/20/23 15:09,4/20/23 15:16,IP Address,*******,100,419,TRUE,4/20/23 15:16,R_3Lh7dINolRkcCkK,*******,*******,*******,*******,*******,*******,anonymous,EN,I consent,63ed3c71811f2a4a5e54bd75,995,910,Huntress,"A note card that says ""Mushrooms are stronger than flowers."" Cost: 100 Gold Coins.",,80,1,82,81,80,19,17,Huntress,,$1.00 ,5 minutes,63ed3c71811f2a4a5e54bd75,64418fa1704d272f0e168baa,6441aa16885343e875e67992,low,120,900,"""Mushrooms are stronger than flowers.""",820,920
4/20/23 15:11,4/20/23 15:16,IP Address,*******,100,314,TRUE,4/20/23 15:16,R_3340mvO0mRckoKe,*******,*******,*******,*******,*******,*******,anonymous,EN,I consent,5b564680ed90280001510d9a,995,910,Huntress,"A note card that says ""Green mushrooms are strongest, followed by yellow mushrooms, then purple mushrooms, then red flowers, then yellow flowers."" Cost: ${e://Field/cost} Gold Coins.",,75,1,82,81,80,19,17,Huntress,,$1.00 ,5 minutes,5b564680ed90280001510d9a,64418fa1704d272f0e168baa,6441aa70169190116b4fbbf1,low,100,900,"""Green mushrooms are strongest, followed by yellow mushrooms, then purple mushrooms, then red flowers, then yellow flowers.""",825,925
4/20/23 15:12,4/20/23 15:16,IP Address,*******,100,238,TRUE,4/20/23 15:16,R_114ru8t8hcGhJ7i,*******,*******,*******,*******,*******,*******,anonymous,EN,I consent,5ebb4e079797f9127c0f03ab,995,910,Huntress,,"A note card that says ""Green mushrooms are strongest, followed by yellow mushrooms, then purple mushrooms, then red flowers, then yellow flowers."" Cost: ${e://Field/cost} Gold Coins.",81,1,99,81,54,35,1,Huntress,,$1.00 ,5 minutes,5ebb4e079797f9127c0f03ab,64418fa1704d272f0e168bab,6441aa9dbb3939f8eae91635,high,100,900,"""Green mushrooms are strongest, followed by yellow mushrooms, then purple mushrooms, then red flowers, then yellow flowers.""",819,819
4/20/23 15:12,4/20/23 15:17,IP Address,*******,100,263,TRUE,4/20/23 15:17,R_3lRAwjBqZsYgcdb,*******,*******,*******,*******,*******,*******,anonymous,EN,I consent,5fbb744e561940c7a62432d5,995,910,Warrior,"A note card that says ""Green mushrooms are strongest, followed by yellow mushrooms, then purple mushrooms, then red flowers, then yellow flowers."" Cost: ${e://Field/cost} Gold Coins.",,85,2,83,82,81,50,41,Warrior,,$1.00 ,5 minutes,5fbb744e561940c7a62432d5,64418fa1704d272f0e168baa,6441aac1cd6ffcebf776afe3,low,100,900,"""Green mushrooms are strongest, followed by yellow mushrooms, then purple mushrooms, then red flowers, then yellow flowers.""",815,815
4/20/23 15:13,4/20/23 15:17,IP Address,*******,100,266,TRUE,4/20/23 15:17,R_3KVq9j8PMO4SV8w,*******,*******,*******,*******,*******,*******,anonymous,EN,I consent,5a2e4e2f443c10000121161c,995,910,Wizard,"A note card that says ""Green mushrooms are strongest, followed by yellow mushrooms, then purple mushrooms, then red flowers, then yellow flowers."" Cost: ${e://Field/cost} Gold Coins.",,80,3,95,81,70,50,40,Wizard,"No, it was fun thanks!",$1.00 ,5 minutes,5a2e4e2f443c10000121161c,64418fa1704d272f0e168bab,6441aa952733c33d4d4c42c2,low,120,880,"""Green mushrooms are strongest, followed by yellow mushrooms, then purple mushrooms, then red flowers, then yellow flowers.""",800,800
4/20/23 15:13,4/20/23 15:17,IP Address,*******,100,245,TRUE,4/20/23 15:17,R_3JgelQkgvvRXvKu,*******,*******,*******,*******,*******,*******,anonymous,EN,I consent,63175d865ac96b0149de8ad6,905,910,Wizard,"A note card that says ""Green mushrooms are strongest, followed by yellow mushrooms, then purple mushrooms, then red flowers, then yellow flowers."" Cost: ${e://Field/cost} Gold Coins.",,80,2,100,90,80,70,60,Wizard,no,$1.00 ,5 minutes,63175d865ac96b0149de8ad6,64418fa1704d272f0e168baa,6441ab08ae4ab5fa7e4ce157,low,100,900,"""Green mushrooms are strongest, followed by yellow mushrooms, then purple mushrooms, then red flowers, then yellow flowers.""",820,820
4/20/23 15:15,4/20/23 15:18,IP Address,*******,100,176,TRUE,4/20/23 15:18,R_3harN0PuUxyEKZz,*******,*******,*******,*******,*******,*******,anonymous,EN,I consent,5bd03c4308a62c0001f963e9,995,910,Bard,"A note card that says ""Mushrooms are stronger than flowers."" Cost: 100 Gold Coins.",,81,1,82,81,79,18,12,Bard,no,$1.00 ,5 minutes,5bd03c4308a62c0001f963e9,64418fa1704d272f0e168baa,6441ab5097856f40d57d55fd,low,120,900,"""Mushrooms are stronger than flowers.""",819,819
4/20/23 15:12,4/20/23 15:18,IP Address,*******,100,345,TRUE,4/20/23 15:18,R_1eXoRwvTQFO6vq6,*******,*******,*******,*******,*******,*******,anonymous,EN,I consent,628fb69f72e574bb9a8c1a47,995,910,Warrior,,"A note card that says ""Green mushrooms are strongest, followed by yellow mushrooms, then purple mushrooms, then red flowers, then yellow flowers."" Cost: ${e://Field/cost} Gold Coins.",20,-2,95,87,100,90,70,Warrior,,$1.00 ,5 minutes,628fb69f72e574bb9a8c1a47,64418fa1704d272f0e168baa,6441aaadbc710574b8bb1b03,high,120,880,"""Green mushrooms are strongest, followed by yellow mushrooms, then purple mushrooms, then red flowers, then yellow flowers.""",860,860
4/20/23 15:14,4/20/23 15:18,IP Address,*******,100,218,TRUE,4/20/23 15:18,R_yHGaBmigHepsbaV,*******,*******,*******,*******,*******,*******,anonymous,EN,I consent,5f483854b7e5b32f393d9156,995,910,Warrior,,"A note card that says ""Mushrooms are stronger than flowers."" Cost: 100 Gold Coins.",90,-1,120,100,80,35,1,Warrior,,$1.00 ,5 minutes,5f483854b7e5b32f393d9156,64418fa1704d272f0e168baa,6441ab3d85896db1788ef548,high,120,900,"""Mushrooms are stronger than flowers.""",810,810
4/20/23 15:14,4/20/23 15:18,IP Address,*******,100,247,TRUE,4/20/23 15:18,R_u1CPHy9HLq83NGF,*******,*******,*******,*******,*******,*******,anonymous,EN,I consent,63d1a9e2d0149d86842dfaec,995,910,Huntress,,"A note card that says ""Green mushrooms are strongest, followed by yellow mushrooms, then purple mushrooms, then red flowers, then yellow flowers."" Cost: ${e://Field/cost} Gold Coins.",70,2,99,78,43,19,5,Huntress,no,$1.00 ,5 minutes,63d1a9e2d0149d86842dfaec,64418fa1704d272f0e168bab,6441ab2fd6adaa8d874c427a,high,100,900,"""Green mushrooms are strongest, followed by yellow mushrooms, then purple mushrooms, then red flowers, then yellow flowers.""",830,830
4/20/23 15:12,4/20/23 15:18,IP Address,*******,100,406,TRUE,4/20/23 15:18,R_87mP9NXIb2a2CR3,*******,*******,*******,*******,*******,*******,anonymous,EN,I consent,63bb4ea524b89495f4bad8af,995,910,Warrior,"A note card that says ""Green mushrooms are strongest, followed by yellow mushrooms, then purple mushrooms, then red flowers, then yellow flowers."" Cost: ${e://Field/cost} Gold Coins.",,50,1,82,81,80,19,17,Warrior,no. ty,$1.00 ,5 minutes,63bb4ea524b89495f4bad8af,64418fa1704d272f0e168baa,6441aa78729af12397f0892a,low,100,900,"""Green mushrooms are strongest, followed by yellow mushrooms, then purple mushrooms, then red flowers, then yellow flowers.""",850,950
4/20/23 15:06,4/20/23 15:18,IP Address,*******,100,759,TRUE,4/20/23 15:18,R_12KhWsfNpBgVxwM,*******,*******,*******,*******,*******,*******,anonymous,EN,I consent,63ff48e5c801d0871d9a044b,995,910,Warrior,,"A note card that says ""Green mushrooms are strongest, followed by yellow mushrooms, then purple mushrooms, then red flowers, then yellow flowers."" Cost: ${e://Field/cost} Gold Coins.",50,2,99,67,55,30,1,Warrior,no,$1.00 ,5 minutes,63ff48e5c801d0871d9a044b,64418fa1704d272f0e168baa,6441a9454064d752e506f802,high,100,900,"""Green mushrooms are strongest, followed by yellow mushrooms, then purple mushrooms, then red flowers, then yellow flowers.""",850,850
4/20/23 15:09,4/20/23 15:19,IP Address,*******,100,635,TRUE,4/20/23 15:19,R_3qpropk88QQDr4G,*******,*******,*******,*******,*******,*******,anonymous,EN,I consent,5f627ea43a49581b4438a944,995,910,Warrior,"A note card that says ""Green mushrooms are strongest, followed by yellow mushrooms, then purple mushrooms, then red flowers, then yellow flowers."" Cost: ${e://Field/cost} Gold Coins.",,50,1,82,81,80,19,17,Warrior,No,$1.00 ,5 minutes,5f627ea43a49581b4438a944,64418fa1704d272f0e168baa,6441a9dc6909168090b44de0,low,100,900,"""Green mushrooms are strongest, followed by yellow mushrooms, then purple mushrooms, then red flowers, then yellow flowers.""",850,950
4/20/23 15:15,4/20/23 15:20,IP Address,*******,100,279,TRUE,4/20/23 15:20,R_1dEsTPgrXEG3bkg,*******,*******,*******,*******,*******,*******,anonymous,EN,I consent,63e1b657366b44c6ab289512,995,910,Huntress,,"A note card that says ""Green mushrooms are strongest, followed by yellow mushrooms, then purple mushrooms, then red flowers, then yellow flowers."" Cost: ${e://Field/cost} Gold Coins.",75,1,99,81,63,35,1,Huntress,,$1.00 ,5 minutes,63e1b657366b44c6ab289512,64418fa1704d272f0e168bab,6441ab6887f521f4904c520f,high,100,900,"""Green mushrooms are strongest, followed by yellow mushrooms, then purple mushrooms, then red flowers, then yellow flowers.""",825,925
4/20/23 15:15,4/20/23 15:20,IP Address,*******,100,294,TRUE,4/20/23 15:20,R_DDl2ommJYrUaakN,*******,*******,*******,*******,*******,*******,anonymous,EN,I consent,58b2338a898c2e0001a5ca56,995,990,Warrior,"A note card that says ""Mushrooms are stronger than flowers."" Cost: 100 Gold Coins.",,81,-3,82,81,80,19,17,Warrior,"I cheated. I coped and pasted as a note to myself because you didn't say not to and I didn't know if the more info card would cost more or less. OT: did this last week, you like? https://i.imgur.com/pk68uae.jpeg (Lagertha)",$1.00 ,5 minutes,58b2338a898c2e0001a5ca56,64418fa1704d272f0e168bab,6441ab5f0939f7386411ec90,low,120,900,"""Mushrooms are stronger than flowers.""",819,919
4/20/23 15:16,4/20/23 15:20,IP Address,*******,100,254,TRUE,4/20/23 15:20,R_3HpiXQeKJHwR93G,*******,*******,*******,*******,*******,*******,anonymous,EN,I consent,5fb3d39a2ceaab00087faddb,995,910,Huntress,"A note card that says ""Mushrooms are stronger than flowers."" Cost: 100 Gold Coins.",,10,2,80,70,50,30,10,Huntress,,$1.00 ,5 minutes,5fb3d39a2ceaab00087faddb,64418fa1704d272f0e168bab,6441aba6c9ec79570f8d0d1d,low,100,900,"""Mushrooms are stronger than flowers.""",890,890
4/20/23 15:14,4/20/23 15:20,IP Address,*******,100,402,TRUE,4/20/23 15:20,R_1QavNt2UZLktJl8,*******,*******,*******,*******,*******,*******,anonymous,EN,I consent,62b9e1aed4b802b4e268125d,995,910,Wizard,"A note card that says ""Mushrooms are stronger than flowers."" Cost: 100 Gold Coins.",,10,1,82,81,80,19,17,Wizard,No,$1.00 ,5 minutes,62b9e1aed4b802b4e268125d,64418fa1704d272f0e168baa,6441ab184c8954078c8621c6,low,120,900,"""Mushrooms are stronger than flowers.""",890,990
4/20/23 15:15,4/20/23 15:21,IP Address,*******,100,345,TRUE,4/20/23 15:21,R_3MRp4V0Q8RIhujO,*******,*******,*******,*******,*******,*******,anonymous,EN,I consent,5fd3db1bc9868a0e2a4970e6,995,910,Wizard,,"A note card that says ""Green mushrooms are strongest, followed by yellow mushrooms, then purple mushrooms, then red flowers, then yellow flowers."" Cost: ${e://Field/cost} Gold Coins.",80,2,99,81,53,32,11,Wizard,No,$1.00 ,5 minutes,5fd3db1bc9868a0e2a4970e6,64418fa1704d272f0e168baa,6441ab60282e7c3b2119f8b9,high,100,900,"""Green mushrooms are strongest, followed by yellow mushrooms, then purple mushrooms, then red flowers, then yellow flowers.""",820,820
4/20/23 15:12,4/20/23 15:21,IP Address,*******,100,539,TRUE,4/20/23 15:21,R_rp9GRTrGA1kd3Ed,*******,*******,*******,*******,*******,*******,anonymous,EN,I consent,5df416a57bf5722f9a501255,995,910,Wizard,,"A note card that says ""Green mushrooms are strongest, followed by yellow mushrooms, then purple mushrooms, then red flowers, then yellow flowers."" Cost: ${e://Field/cost} Gold Coins.",50,2,90,80,70,60,50,Wizard,"Not at all, thanks!",$1.00 ,5 minutes,5df416a57bf5722f9a501255,64418fa1704d272f0e168baa,6441aab5b9733e39f193e825,high,120,880,"""Green mushrooms are strongest, followed by yellow mushrooms, then purple mushrooms, then red flowers, then yellow flowers.""",830,830
4/20/23 15:16,4/20/23 15:21,IP Address,*******,100,336,TRUE,4/20/23 15:21,R_1Hcpdb7F2yjjyjN,*******,*******,*******,*******,*******,*******,anonymous,EN,I consent,63ed3c9553e90510bf1da553,995,910,Warrior,,"A note card that says ""Green mushrooms are strongest, followed by yellow mushrooms, then purple mushrooms, then red flowers, then yellow flowers."" Cost: ${e://Field/cost} Gold Coins.",70,2,67,70,40,30,20,Warrior,,$1.00 ,5 minutes,63ed3c9553e90510bf1da553,64418fa1704d272f0e168baa,6441ab08b9733e39f193e847,high,100,900,"""Green mushrooms are strongest, followed by yellow mushrooms, then purple mushrooms, then red flowers, then yellow flowers.""",830,830
4/20/23 15:16,4/20/23 15:21,IP Address,*******,100,324,TRUE,4/20/23 15:21,R_DBJcCOa2Q3ahWwx,*******,*******,*******,*******,*******,*******,anonymous,EN,I consent,63e55f03b3c1f7481cec6eb9,995,910,Wizard,,"A note card that says ""Green mushrooms are strongest, followed by yellow mushrooms, then purple mushrooms, then red flowers, then yellow flowers."" Cost: ${e://Field/cost} Gold Coins.",1,1,99,81,63,35,1,Wizard,nothing frustrating or confusing,$1.00 ,5 minutes,63e55f03b3c1f7481cec6eb9,64418fa1704d272f0e168bab,6441aba83c3c680d053dc6bb,high,120,880,"""Green mushrooms are strongest, followed by yellow mushrooms, then purple mushrooms, then red flowers, then yellow flowers.""",879,979
4/20/23 15:16,4/20/23 15:22,IP Address,*******,100,356,TRUE,4/20/23 15:22,R_27EhgCXbqkTHm6u,*******,*******,*******,*******,*******,*******,anonymous,EN,I consent,62f8b410d6f862caef45f2ff,995,910,Huntress,,"A note card that says ""Green mushrooms are strongest, followed by yellow mushrooms, then purple mushrooms, then red flowers, then yellow flowers."" Cost: ${e://Field/cost} Gold Coins.",30,2,100,80,50,20,1,Huntress,"No, everything was clear and easy to understand.",$1.00 ,5 minutes,62f8b410d6f862caef45f2ff,64418fa1704d272f0e168baa,6441aaa232eb2a375709b322,high,100,900,"""Green mushrooms are strongest, followed by yellow mushrooms, then purple mushrooms, then red flowers, then yellow flowers.""",870,870
4/20/23 15:20,4/20/23 15:22,IP Address,*******,100,139,TRUE,4/20/23 15:22,R_1ey2SCyo9ZoXzkf,*******,*******,*******,*******,*******,*******,anonymous,EN,I consent,5d74001d391b6600175f433b,995,910,Huntress,"A note card that says ""Green mushrooms are strongest, followed by yellow mushrooms, then purple mushrooms, then red flowers, then yellow flowers."" Cost: ${e://Field/cost} Gold Coins.",,75,1,86,83,81,19,17,Huntress,no,$1.00 ,5 minutes,5d74001d391b6600175f433b,64418fa1704d272f0e168bab,6441ac7d5016b8c2af4ce181,low,100,900,"""Green mushrooms are strongest, followed by yellow mushrooms, then purple mushrooms, then red flowers, then yellow flowers.""",825,825
4/20/23 15:17,4/20/23 15:22,IP Address,*******,100,265,TRUE,4/20/23 15:22,R_1GCSWAIccMkgXbI,*******,*******,*******,*******,*******,*******,anonymous,EN,I consent,62db005bae68d37fe24b50da,995,910,Huntress,"A note card that says ""Green mushrooms are strongest, followed by yellow mushrooms, then purple mushrooms, then red flowers, then yellow flowers."" Cost: ${e://Field/cost} Gold Coins.",,80,2,82,81,80,19,17,Huntress,"No, but I'm not sure that beginning explanation was even needed",$1.00 ,5 minutes,62db005bae68d37fe24b50da,64418fa1704d272f0e168bab,6441abe53cef003d4efd7bba,low,100,900,"""Green mushrooms are strongest, followed by yellow mushrooms, then purple mushrooms, then red flowers, then yellow flowers.""",820,920
4/20/23 15:11,4/20/23 15:22,IP Address,*******,100,661,TRUE,4/20/23 15:22,R_2dWSTq9kAg2WQSc,*******,*******,*******,*******,*******,*******,anonymous,EN,I consent,63a305f8e366a71869e593ad,995,910,Wizard,"A note card that says ""Mushrooms are stronger than flowers."" Cost: 100 Gold Coins.",,20,1,99,81,63,35,1,Wizard,,$1.00 ,5 minutes,63a305f8e366a71869e593ad,64418fa1704d272f0e168baa,6441aa5721649267737436d6,low,100,900,"""Mushrooms are stronger than flowers.""",880,880
4/20/23 15:19,4/20/23 15:22,IP Address,*******,100,183,TRUE,4/20/23 15:22,R_3ER2aQkGYZun5QJ,*******,*******,*******,*******,*******,*******,anonymous,EN,I consent,5fe2ca269568d5e8f57933aa,995,910,Huntress,,"A note card that says ""Green mushrooms are strongest, followed by yellow mushrooms, then purple mushrooms, then red flowers, then yellow flowers."" Cost: ${e://Field/cost} Gold Coins.",50,3,91,67,32,7,3,Huntress,,$1.00 ,5 minutes,5fe2ca269568d5e8f57933aa,64418fa1704d272f0e168baa,6441ac5565e4984df006f7fc,high,120,880,"""Green mushrooms are strongest, followed by yellow mushrooms, then purple mushrooms, then red flowers, then yellow flowers.""",830,830
4/20/23 15:14,4/20/23 15:22,IP Address,*******,100,451,TRUE,4/20/23 15:22,R_3hxVV9zYVTX33fS,*******,*******,*******,*******,*******,*******,anonymous,EN,I consent,6348801ddd19d0c7bfddac73,95,10,Siren,"A note card that says ""Green mushrooms are strongest, followed by yellow mushrooms, then purple mushrooms, then red flowers, then yellow flowers."" Cost: ${e://Field/cost} Gold Coins.",,100,2,120,100,95,20,17,Siren,No,$1.00 ,5 minutes,6348801ddd19d0c7bfddac73,64418fa1704d272f0e168bab,6441ab4706eccd701733c509,low,120,880,"""Green mushrooms are strongest, followed by yellow mushrooms, then purple mushrooms, then red flowers, then yellow flowers.""",780,780
4/20/23 15:19,4/20/23 15:22,IP Address,*******,100,218,TRUE,4/20/23 15:22,R_YQY1kPjNIbjMCcN,*******,*******,*******,*******,*******,*******,anonymous,EN,I consent,63ffb67634be3d959f3ff793,995,910,Huntress,"A note card that says ""Mushrooms are stronger than flowers."" Cost: 100 Gold Coins.",,50,-3,81,82,80,19,17,Huntress,No. ,$1.00 ,5 minutes,63ffb67634be3d959f3ff793,64418fa1704d272f0e168bab,6441ac40f980873e8dcbcb51,low,120,900,"""Mushrooms are stronger than flowers.""",850,850
4/20/23 15:13,4/20/23 15:22,IP Address,*******,100,569,TRUE,4/20/23 15:22,R_ZFdcJW7tNha4lBn,*******,*******,*******,*******,*******,*******,anonymous,EN,I consent,6150b927614a4f154f311f9d,995,910,Huntress,,"A note card that says ""Green mushrooms are strongest, followed by yellow mushrooms, then purple mushrooms, then red flowers, then yellow flowers."" Cost: ${e://Field/cost} Gold Coins.",80,2,120,81,35,1,1,Huntress,Not at all.,$1.00 ,5 minutes,6150b927614a4f154f311f9d,64418fa1704d272f0e168bab,6441aae8a567f0ee8f9550c9,high,120,880,"""Green mushrooms are strongest, followed by yellow mushrooms, then purple mushrooms, then red flowers, then yellow flowers.""",800,800
4/20/23 15:13,4/20/23 15:22,IP Address,*******,100,587,TRUE,4/20/23 15:22,R_XG2gj9dmXUDxuk9,*******,*******,*******,*******,*******,*******,anonymous,EN,I consent,63cb582e0d7f8d8b8c3fd1af,995,910,Wizard,"A note card that says ""Mushrooms are stronger than flowers."" Cost: 100 Gold Coins.",,120,1,82,80,80,17,15,Wizard,no,$1.00 ,5 minutes,63cb582e0d7f8d8b8c3fd1af,64418fa1704d272f0e168baa,6441aadcbc710574b8bb1b0b,low,120,900,"""Mushrooms are stronger than flowers.""",780,780
4/20/23 15:12,4/20/23 15:23,IP Address,*******,100,627,TRUE,4/20/23 15:23,R_3itb6d5iXGEcROr,*******,*******,*******,*******,*******,*******,anonymous,EN,I consent,62769797db0ff6f93df21cda,995,910,Wizard,"A note card that says ""Mushrooms are stronger than flowers."" Cost: 100 Gold Coins.",,72,3,82,71,50,75,50,Wizard,Nothing confusing at all It was a really fun game because I love RPGs. Maybe Ed little RPG looking characters to help people choose which character they wish to play.,$1.00 ,5 minutes,62769797db0ff6f93df21cda,64418fa1704d272f0e168baa,6441aac0ba010724444ce177,low,100,900,"""Mushrooms are stronger than flowers.""",828,828
4/20/23 15:11,4/20/23 15:23,IP Address,*******,100,734,TRUE,4/20/23 15:23,R_10pf4gzNgydl8OE,*******,*******,*******,*******,*******,*******,anonymous,EN,I consent,63a1c35e816d4a160c593f04,995,910,Wizard,,"A note card that says ""Mushrooms are stronger than flowers."" Cost: 100 Gold Coins.",10,-1,99,81,63,35,1,Wizard,,$1.00 ,5 minutes,63a1c35e816d4a160c593f04,64418fa1704d272f0e168baa,6441aa5ab7c8e9a5e94f7584,high,120,900,"""Mushrooms are stronger than flowers.""",890,990
4/20/23 15:11,4/20/23 15:25,IP Address,*******,100,832,TRUE,4/20/23 15:25,R_3qTGO82nUX7zwyZ,*******,*******,*******,*******,*******,*******,anonymous,EN,I consent,63be2cfef5b782c28baec197,995,910,Wizard,,"A note card that says ""Mushrooms are stronger than flowers."" Cost: 100 Gold Coins.",5,0,99,81,63,35,1,Wizard,No,$1.00 ,5 minutes,63be2cfef5b782c28baec197,64418fa1704d272f0e168baa,6441aa61f75f19668d9550e3,high,100,900,"""Mushrooms are stronger than flowers.""",895,995
4/20/23 15:21,4/20/23 15:25,IP Address,*******,100,228,TRUE,4/20/23 15:25,R_1JFUm5fhD4vTy61,*******,*******,*******,*******,*******,*******,anonymous,EN,I consent,5fbe98e0e2bc9703bfd640d7,995,910,Huntress,"A note card that says ""Green mushrooms are strongest, followed by yellow mushrooms, then purple mushrooms, then red flowers, then yellow flowers."" Cost: ${e://Field/cost} Gold Coins.",,50,3,82,81,80,19,17,Huntress,,$1.00 ,5 minutes,5fbe98e0e2bc9703bfd640d7,64418fa1704d272f0e168bab,6441acc435854da6b2eba835,low,100,900,"""Green mushrooms are strongest, followed by yellow mushrooms, then purple mushrooms, then red flowers, then yellow flowers.""",850,950
4/20/23 15:17,4/20/23 15:25,IP Address,*******,100,464,TRUE,4/20/23 15:25,R_2bosGc8GGfbtQhH,*******,*******,*******,*******,*******,*******,anonymous,EN,I consent,6144b5f840c9ccbec2879397,995,910,Warrior,,"A note card that says ""Mushrooms are stronger than flowers."" Cost: 100 Gold Coins.",99,1,85,99,63,3,1,Warrior,No,$1.00 ,5 minutes,6144b5f840c9ccbec2879397,64418fa1704d272f0e168bab,6441abf4ee791f11674fbbe4,high,120,900,"""Mushrooms are stronger than flowers.""",801,801
4/20/23 15:23,4/20/23 15:25,IP Address,*******,100,152,TRUE,4/20/23 15:25,R_1qg4tq8czmwKCH8,*******,*******,*******,*******,*******,*******,anonymous,EN,I consent,63ea4609086ed7a4f9ee55a5,995,910,Huntress,"A note card that says ""Green mushrooms are strongest, followed by yellow mushrooms, then purple mushrooms, then red flowers, then yellow flowers."" Cost: ${e://Field/cost} Gold Coins.",,50,-3,95,81,60,40,20,Huntress,No,$1.00 ,5 minutes,63ea4609086ed7a4f9ee55a5,64418fa1704d272f0e168bab,6441ad4885ba1642dabb1b00,low,100,900,"""Green mushrooms are strongest, followed by yellow mushrooms, then purple mushrooms, then red flowers, then yellow flowers.""",850,850
4/20/23 15:13,4/20/23 15:25,IP Address,*******,100,745,TRUE,4/20/23 15:25,R_24jHiJnVlBNhKzQ,*******,*******,*******,*******,*******,*******,anonymous,EN,I consent,6298e140ee3de09709fcb84c,995,890,Warrior,,"A note card that says ""Green mushrooms are strongest, followed by yellow mushrooms, then purple mushrooms, then red flowers, then yellow flowers."" Cost: ${e://Field/cost} Gold Coins.",63,0,99,63,51,35,1,Warrior,"Im not a role-playing game player, but I tried!",$1.00 ,5 minutes,6298e140ee3de09709fcb84c,64418fa1704d272f0e168bab,6441aaf10cacdc403986219e,high,120,880,"""Green mushrooms are strongest, followed by yellow mushrooms, then purple mushrooms, then red flowers, then yellow flowers.""",817,817
4/20/23 15:17,4/20/23 15:26,IP Address,*******,100,572,TRUE,4/20/23 15:26,R_2aQ8Ej5ANU3FuDc,*******,*******,*******,*******,*******,*******,anonymous,EN,I consent,5d49e0a96f4b310001c124bf,995,910,Siren,"A note card that says ""Green mushrooms are strongest, followed by yellow mushrooms, then purple mushrooms, then red flowers, then yellow flowers."" Cost: ${e://Field/cost} Gold Coins.",,85,2,82,81,80,19,17,Siren,"I am not sure if it mattered whether I chose the siren over the wizard, huntress, etc.  I do play some games, so I am familiar with different characters, but some people might be less knowledgable. Not frustrated - just an observation. Thanks for the fun study!",$1.00 ,5 minutes,5d49e0a96f4b310001c124bf,64418fa1704d272f0e168bab,6441abdf58a89a13705fc743,low,100,900,"""Green mushrooms are strongest, followed by yellow mushrooms, then purple mushrooms, then red flowers, then yellow flowers.""",815,915
4/20/23 15:08,4/20/23 15:27,IP Address,*******,100,1101,TRUE,4/20/23 15:27,R_3MtFmxjZzzxvCYn,*******,*******,*******,*******,*******,*******,anonymous,EN,I consent,5c0c90e7632102000147c3cc,995,910,Wizard,"A note card that says ""Mushrooms are stronger than flowers."" Cost: 100 Gold Coins.",,75,0,10,81,25,55,15,Wizard,forgot the numbers,$1.00 ,5 minutes,5c0c90e7632102000147c3cc,64418fa1704d272f0e168baa,6441a9e1b2b81f5ce9a973e9,low,100,900,"""Mushrooms are stronger than flowers.""",825,825
4/20/23 15:15,4/20/23 15:27,IP Address,*******,100,692,TRUE,4/20/23 15:27,R_3OfuBvvZhkf0t4M,*******,*******,*******,*******,*******,*******,anonymous,EN,I consent,631512727c23394ca21acbfb,995,990,Bard,,"A note card that says ""Green mushrooms are strongest, followed by yellow mushrooms, then purple mushrooms, then red flowers, then yellow flowers."" Cost: ${e://Field/cost} Gold Coins.",50,3,91,89,71,49,1,Bard,,$1.00 ,5 minutes,631512727c23394ca21acbfb,64418fa1704d272f0e168bab,6441ab8026ac5287443ae6b8,high,120,880,"""Green mushrooms are strongest, followed by yellow mushrooms, then purple mushrooms, then red flowers, then yellow flowers.""",830,830
4/20/23 15:23,4/20/23 15:27,IP Address,*******,100,242,TRUE,4/20/23 15:27,R_3sAGe4g0xwdyW4d,*******,*******,*******,*******,*******,*******,anonymous,EN,I consent,63eec085b1d2e79ac4fbbd78,95,10,Siren,"A note card that says ""Mushrooms are stronger than flowers."" Cost: 100 Gold Coins.",,80,1,83,89,87,13,6,Siren,,$1.00 ,5 minutes,63eec085b1d2e79ac4fbbd78,64418fa1704d272f0e168bab,6441ad41649f6cb4f206f7f2,low,120,900,"""Mushrooms are stronger than flowers.""",820,820
4/20/23 15:14,4/20/23 15:29,IP Address,*******,100,865,TRUE,4/20/23 15:29,R_3KJDJ6A4oduL1nA,*******,*******,*******,*******,*******,*******,anonymous,EN,I consent,5ec6747917fbef0476a0841a,995,910,Wizard,"A note card that says ""Green mushrooms are strongest, followed by yellow mushrooms, then purple mushrooms, then red flowers, then yellow flowers."" Cost: ${e://Field/cost} Gold Coins.",,82,1,82,81,80,19,17,Wizard,"It was all straightforward, and kind of enjoyable!",$1.00 ,5 minutes,5ec6747917fbef0476a0841a,64418fa1704d272f0e168bab,6441a90b4cd602e827846a33,low,120,880,"""Green mushrooms are strongest, followed by yellow mushrooms, then purple mushrooms, then red flowers, then yellow flowers.""",798,898
4/20/23 15:21,4/20/23 15:29,IP Address,*******,100,449,TRUE,4/20/23 15:29,R_1LZI3yat9VGsS4g,*******,*******,*******,*******,*******,*******,anonymous,EN,I consent,59565b1bbbb52400017ad4e1,995,910,Wizard,"A note card that says ""Green mushrooms are strongest, followed by yellow mushrooms, then purple mushrooms, then red flowers, then yellow flowers."" Cost: ${e://Field/cost} Gold Coins.",,120,1,86,81,79,19,8,Wizard,no,$1.00 ,5 minutes,59565b1bbbb52400017ad4e1,64418fa1704d272f0e168bab,6441acd3697f0653bffe73b2,low,100,900,"""Green mushrooms are strongest, followed by yellow mushrooms, then purple mushrooms, then red flowers, then yellow flowers.""",780,780
4/20/23 15:19,4/20/23 15:29,IP Address,*******,100,633,TRUE,4/20/23 15:29,R_O3aE61LpqIx0t21,*******,*******,*******,*******,*******,*******,anonymous,EN,I consent,60fd55f559e7795b518f7438,995,910,Huntress,,"A note card that says ""Green mushrooms are strongest, followed by yellow mushrooms, then purple mushrooms, then red flowers, then yellow flowers."" Cost: ${e://Field/cost} Gold Coins.",25,2,93,81,63,15,1,Huntress,,$1.00 ,5 minutes,60fd55f559e7795b518f7438,64418fa1704d272f0e168bab,6441ac474680420e06b44db6,high,120,880,"""Green mushrooms are strongest, followed by yellow mushrooms, then purple mushrooms, then red flowers, then yellow flowers.""",855,855
4/20/23 15:23,4/20/23 15:30,IP Address,*******,100,413,TRUE,4/20/23 15:30,R_2f9v42BLCBqqU92,*******,*******,*******,*******,*******,*******,anonymous,EN,I consent,6278038e3c9ead31c9a91a09,995,990,Huntress,,"A note card that says ""Green mushrooms are strongest, followed by yellow mushrooms, then purple mushrooms, then red flowers, then yellow flowers."" Cost: ${e://Field/cost} Gold Coins.",80,2,99,81,75,60,50,Huntress,No,$1.00 ,5 minutes,6278038e3c9ead31c9a91a09,64418fa1704d272f0e168bab,6441ad258ab52aefed7d5603,high,100,900,"""Green mushrooms are strongest, followed by yellow mushrooms, then purple mushrooms, then red flowers, then yellow flowers.""",820,820
4/20/23 15:19,4/20/23 15:30,IP Address,*******,100,651,TRUE,4/20/23 15:30,R_2e81OH19jiAEdxm,*******,*******,*******,*******,*******,*******,anonymous,EN,I consent,6400f087f7c99ab99abdf3c8,995,910,Huntress,"A note card that says ""Green mushrooms are strongest, followed by yellow mushrooms, then purple mushrooms, then red flowers, then yellow flowers."" Cost: ${e://Field/cost} Gold Coins.",,70,-2,97,70,66,52,17,Huntress,It was very confusing. I tried my best ,$1.00 ,5 minutes,6400f087f7c99ab99abdf3c8,64418fa1704d272f0e168bab,6441ac7185896db1788ef58b,low,120,880,"""Green mushrooms are strongest, followed by yellow mushrooms, then purple mushrooms, then red flowers, then yellow flowers.""",810,810
4/20/23 15:22,4/20/23 15:31,IP Address,*******,100,537,TRUE,4/20/23 15:31,R_5usRrXrvie7btrH,*******,*******,*******,*******,*******,*******,anonymous,EN,I consent,6115f065036ef79a5d0522ac,995,910,Huntress,,"A note card that says ""Green mushrooms are strongest, followed by yellow mushrooms, then purple mushrooms, then red flowers, then yellow flowers."" Cost: ${e://Field/cost} Gold Coins.",10,3,99,81,63,35,1,Huntress,"No, this survey was very fun and easy to understand!",$1.00 ,5 minutes,6115f065036ef79a5d0522ac,64418fa1704d272f0e168bab,6441ad1877e940bb37b7020e,high,100,900,"""Green mushrooms are strongest, followed by yellow mushrooms, then purple mushrooms, then red flowers, then yellow flowers.""",890,990
4/20/23 15:29,4/20/23 15:33,IP Address,*******,100,257,TRUE,4/20/23 15:33,R_1MYX4aMvCeoayyZ,*******,*******,*******,*******,*******,*******,anonymous,EN,I consent,59baa339ab8d830001fe56f5,995,910,Warrior,,"A note card that says ""Green mushrooms are strongest, followed by yellow mushrooms, then purple mushrooms, then red flowers, then yellow flowers."" Cost: ${e://Field/cost} Gold Coins.",200,2,99,81,63,35,1,Warrior,"None, thanks",$1.00 ,5 minutes,59baa339ab8d830001fe56f5,64418fa1704d272f0e168baa,6441aea22f6ff608824ae417,high,120,880,"""Green mushrooms are strongest, followed by yellow mushrooms, then purple mushrooms, then red flowers, then yellow flowers.""",680,780
4/20/23 15:21,4/20/23 15:33,IP Address,*******,100,758,TRUE,4/20/23 15:33,R_SGKeGq3LGDZBk1H,*******,*******,*******,*******,*******,*******,anonymous,EN,I consent,63bcf141136313265f65eec9,995,910,Wizard,"A note card that says ""Green mushrooms are strongest, followed by yellow mushrooms, then purple mushrooms, then red flowers, then yellow flowers."" Cost: ${e://Field/cost} Gold Coins.",,80,3,81,80,79,78,75,Wizard,no,$1.00 ,5 minutes,63bcf141136313265f65eec9,64418fa1704d272f0e168bab,6441acb45659dd684e7661b1,low,100,900,"""Green mushrooms are strongest, followed by yellow mushrooms, then purple mushrooms, then red flowers, then yellow flowers.""",820,820
4/20/23 15:33,4/20/23 15:36,IP Address,*******,100,171,TRUE,4/20/23 15:36,R_3PHbXgwF8BcjXdt,*******,*******,*******,*******,*******,*******,anonymous,EN,I consent,5b61f0a29e20aa0001d5fd61,995,910,Huntress,,"A note card that says ""Green mushrooms are strongest, followed by yellow mushrooms, then purple mushrooms, then red flowers, then yellow flowers."" Cost: ${e://Field/cost} Gold Coins.",90,2,95,80,50,20,1,Huntress,,$1.00 ,5 minutes,5b61f0a29e20aa0001d5fd61,64418fa1704d272f0e168bab,6441af9859451fb1ee06f7e0,high,120,880,"""Green mushrooms are strongest, followed by yellow mushrooms, then purple mushrooms, then red flowers, then yellow flowers.""",790,790
4/20/23 15:20,4/20/23 15:39,IP Address,*******,100,1132,TRUE,4/20/23 15:39,R_1pVTan8Exbij5aS,*******,*******,*******,*******,*******,*******,anonymous,EN,I consent,61fa92ff5719bc09cb834baa,995,910,Siren,"A note card that says ""Green mushrooms are strongest, followed by yellow mushrooms, then purple mushrooms, then red flowers, then yellow flowers."" Cost: ${e://Field/cost} Gold Coins.",,81,-1,82,81,80,19,17,Siren,Why WOULDN'T taskers write down the values like I did before we left the initial screen?,$1.00 ,5 minutes,61fa92ff5719bc09cb834baa,64418fa1704d272f0e168bab,6441ac955390bd33ca930d97,low,100,900,"""Green mushrooms are strongest, followed by yellow mushrooms, then purple mushrooms, then red flowers, then yellow flowers.""",819,919
4/20/23 15:41,4/20/23 15:45,IP Address,*******,100,222,TRUE,4/20/23 15:45,R_27VWtiBZ2u5IIY1,*******,*******,*******,*******,*******,*******,anonymous,EN,I consent,56d39b96da2aaa000dab6178,905,990,Wizard,"A note card that says ""Green mushrooms are strongest, followed by yellow mushrooms, then purple mushrooms, then red flowers, then yellow flowers."" Cost: ${e://Field/cost} Gold Coins.",,50,2,82,81,80,19,17,Wizard,,$1.00 ,5 minutes,56d39b96da2aaa000dab6178,64418fa1704d272f0e168baa,6441ab02fc8c7affe2fe7383,low,100,900,"""Green mushrooms are strongest, followed by yellow mushrooms, then purple mushrooms, then red flowers, then yellow flowers.""",850,950
4/20/23 14:58,4/20/23 18:31,IP Address,*******,100,12805,TRUE,4/20/23 18:31,R_1oAP9YJJoCpW3Dw,*******,*******,*******,*******,*******,*******,anonymous,EN,I consent,63d04579518c728570b2c6ef,995,910,Wizard,"A note card that says ""Green mushrooms are strongest, followed by yellow mushrooms, then purple mushrooms, then red flowers, then yellow flowers."" Cost: ${e://Field/cost} Gold Coins.",,20,0,82,81,80,17,15,Wizard,no,$1.00 ,5 minutes,63d04579518c728570b2c6ef,64418fa1704d272f0e168baa,6441a764c1ae84f2d4387591,low,100,900,"""Green mushrooms are strongest, followed by yellow mushrooms, then purple mushrooms, then red flowers, then yellow flowers.""",880,880