StartDate,EndDate,Status,IPAddress,Progress,Duration (in seconds),Finished,RecordedDate,ResponseId,RecipientLastName,RecipientFirstName,RecipientEmail,ExternalReference,LocationLatitude,LocationLongitude,DistributionChannel,UserLanguage,Consent,PID,CompCheck,CharSel,NoteCardChoice_LL,NoteCardChoice_HL,NamedPrice,HowHelpful_4,Q98_1,Q98_2,Q98_3,Q98_4,Q98_5,Checker,Feedback,pay,time,PROLIFIC_PID,STUDY_ID,SESSION_ID,loss,cost,coins1,notes,coins2,coins3
Start Date,End Date,Response Type,IP Address,Progress,Duration (in seconds),Finished,Recorded Date,Response ID,Recipient Last Name,Recipient First Name,Recipient Email,External Data Reference,Location Latitude,Location Longitude,Distribution Channel,User Language,"Adult Consent Form

Princeton University

 

This study has been approved by the Institutional Review Board for Human Subjects.

TITLE OF RESEARCH: Explanation and Understanding



PRINCIPAL INVESTIGATOR: Tania Lombrozo 



PRINCIPAL INVESTIGATOR’S DEPARTMENT: Psychology



You are being invited to take part in a research study. Before you decide to participate in this study, it is important that you understand why the research is being done and what it will involve. Please take the time to read the following information carefully. Please ask the researcher if there is anything that is not clear or if you need more information.



Purpose of the research:

This study is designed to test hypotheses about the nature of people's intuitive theories about the world, how they can be changed, and how they influence judgments and behavior. We also hope to learn about how you conceptually understand the world around you. Our intuitive sense of everyday objects and events in the world play a significant role in our thoughts and behaviors, and we wish to understand the nature of human cognition. 



Study Procedures: 

You may be asked to do one or more of the following tasks 1) causal learning tasks (e.g., figuring out what causes what), 2) social tasks (e.g., reasoning about others’ minds and behavior), 3) linguistic tasks (e.g., word associations and learning), 4) imagination tasks (e.g., reasoning about events counter to fact), 5) categorization/association tasks (e.g., grouping objects or stating what comes to mind given a prompt), 6) general cognitive tasks (e.g., impulse control and searching for hidden objects). You may be asked to make judgments about what you see, answer multiple choice or open-ended questions about your judgments (such as making predictions and providing explanations), observe events, and perform actions yourself (such as grouping objects). Sometimes you might watch a short video clip, look at pictures, or listen to music, and you may be asked to answer questions about how the clip or music made you feel.



Your total expected time commitment for this study is: [Field-time].



Benefits and Risks: 

There are no direct benefits to you as a participant, but this research will help us understand various cognitive processes, which may benefit society in a number of ways, including influencing legal and public policy.



Risks associated with participation in this study are minimal. You may feel slight discomfort answering some questions, but you may refrain from answering any questions that make you uncomfortable and may withdraw your participation at any time even after completing the experiment without penalty.



Confidentiality:

We will not be asking for any personally identifying information, and we will handle responses as confidentially as possible. Prolific IDs will never be tied to your responses on this survey. However, we cannot guarantee the confidentiality of information transmitted over the Internet. To minimize this risk, data containing anything that might be personally identifiable (e.g. Prolific IDs or IP addresses) will be encrypted on transfer and storage and will only be accessible to qualified lab personnel. We will be keeping data collected as part of this experiment indefinitely. This anonymized data (containing neither Prolific IDs nor IP addresses) may be shared with the scientific community or with other participants to be used as stimuli in future studies.



Compensation:

For your participation, you will receive [Field-pay]. If for any reason you do not complete the study (e.g. technical difficulties, or a desire to stop), we will only be able to pay you if you send an email through Prolific, or by emailing the lab manager at cognition@princeton.edu. If you have any questions about the study, feel free to contact the lab manager or the Principal Investigator, Tania Lombrozo, at lombrozo@princeton.edu.



Who to contact with questions:



1.PRINCIPAL INVESTIGATOR:

Tania Lombrozo

lombrozo@princeton.edu 



2. If you have questions regarding your rights as a research subject, or if problems arise which you do not feel you can discuss with the Investigator, please contact the Institutional Review Board at:

Assistant Director, Research Integrity and Assurance

Phone: (609) 258-9843

Email: irb@princeton.edu



3. I understand the information that was presented and that: A. My participation is voluntary, and I may withdraw my consent and discontinue participation in the project at any time. My refusal to participate will not result in any penalty. B. I do not waive any legal rights or release Princeton University, its agents, or you from liability for negligence. 



 4. I hereby give my consent to be the subject of your research.","What is your Prolific ID?

Please note that this response should auto-fill with the correct ID.","Suppose that you are going to play a role-playing game in which the object is to end the game with as many health points and gold coins as possible. You begin the game with 100 health points and 100 gold coins.

Your character may sustain damage, leading to a loss of health points. The main way to counteract damage is by purchasing remedies. These remedies can come in varying strengths, with the strength corresponding to the amount of health points that are replenished. So, for example, if you sustain damage that causes you to lose 12 health points, then a remedy of strength 11 will give you back 11 of the 12 health points you lost.

To show that you understand, suppose that you have 100 health points, and then sustain damage, leading to a loss of 15 health points. If you take a potion with strength 10, how many health points do you have?",Please select the type of character that you would like to play as from the options below.,"You are about to go on a quest and will likely sustain damage. In the table below, there is a list of remedies with different strengths. In the future, you won't have access to this information, but you will have access to a note card that you can purchase prior to your quest, summarizing the information in the table. Recall that you have 100 gold coins. 

 

	
		
			Remedy
			Strength
		
		
			Green Mushrooms
			9
		
		
			Yellow Mushrooms
			8
		
		
			Purple Mushrooms
			7
		
		
			Red Flowers
			2
		
		
			Yellow Flowers
			1
		
	



Which of the following note cards would you like to purchase? You must purchase one and only one.","You are about to go on a quest and will likely sustain damage. In the table below, there is a list of remedies with different strengths. In the future, you won't have access to this information, but you will have access to a note card that you can purchase prior to your quest, summarizing the information in the table. Recall that you have 100 gold coins.

 

	
		
			Remedy
			Strength
		
		
			Green Mushrooms
			12
		
		
			Yellow Mushrooms
			8
		
		
			Purple Mushrooms
			4
		
		
			Red Flowers
			3
		
		
			Yellow Flowers
			0
		
	



Which of the following note cards would you like to purchase? You must purchase one and only one.","You now have [Field-coins1] gold coins. 

After departing on your quest, your character sustains a burn. This causes you to lose 12 health points, bringing you down to a total of 88 health points. A healer offers you a Yellow Mushroom, to restore some of your health. You look at your note card, which says: 

[Field-notes] 

What is the maximum number of gold coins that you would be willing to pay for a Yellow Mushroom?","The healer sold you a Yellow Mushroom at that price, and it replenished 8 health points. You now have [Field-coins2] gold coins and 96 health points.

You look at your note card again, which says: [Field-notes] - On a scale from -3 (very unhelpful) to 3 (very helpful), how helpful were your notes in deciding how much to pay for a yellow mushroom?","You now have [Field-coins2] gold coins and 96 health points. If you can recall the exact strength of each of the remedies that you saw earlier, you will receive a bonus of 10 gold coins. Below, please enter your best recollection of the strength of each remedy. - Green Mushrooms","You now have [Field-coins2] gold coins and 96 health points. If you can recall the exact strength of each of the remedies that you saw earlier, you will receive a bonus of 10 gold coins. Below, please enter your best recollection of the strength of each remedy. - Yellow Mushrooms","You now have [Field-coins2] gold coins and 96 health points. If you can recall the exact strength of each of the remedies that you saw earlier, you will receive a bonus of 10 gold coins. Below, please enter your best recollection of the strength of each remedy. - Purple Mushrooms","You now have [Field-coins2] gold coins and 96 health points. If you can recall the exact strength of each of the remedies that you saw earlier, you will receive a bonus of 10 gold coins. Below, please enter your best recollection of the strength of each remedy. - Red Flowers","You now have [Field-coins2] gold coins and 96 health points. If you can recall the exact strength of each of the remedies that you saw earlier, you will receive a bonus of 10 gold coins. Below, please enter your best recollection of the strength of each remedy. - Yellow Flowers","To the best of your recollection, which character did you choose?",Was anything about this survey confusing or frustrating for you?,pay,time,PROLIFIC_PID,STUDY_ID,SESSION_ID,loss,cost,coins1,notes,coins2,coins3
"{""ImportId"":""startDate"",""timeZone"":""America/Denver""}","{""ImportId"":""endDate"",""timeZone"":""America/Denver""}","{""ImportId"":""status""}","{""ImportId"":""ipAddress""}","{""ImportId"":""progress""}","{""ImportId"":""duration""}","{""ImportId"":""finished""}","{""ImportId"":""recordedDate"",""timeZone"":""America/Denver""}","{""ImportId"":""_recordId""}","{""ImportId"":""recipientLastName""}","{""ImportId"":""recipientFirstName""}","{""ImportId"":""recipientEmail""}","{""ImportId"":""externalDataReference""}","{""ImportId"":""locationLatitude""}","{""ImportId"":""locationLongitude""}","{""ImportId"":""distributionChannel""}","{""ImportId"":""userLanguage""}","{""ImportId"":""QID21""}","{""ImportId"":""QID23_TEXT""}","{""ImportId"":""QID3_TEXT""}","{""ImportId"":""QID94""}","{""ImportId"":""QID8""}","{""ImportId"":""QID101""}","{""ImportId"":""QID96_TEXT""}","{""ImportId"":""QID97_4""}","{""ImportId"":""QID98_1""}","{""ImportId"":""QID98_2""}","{""ImportId"":""QID98_3""}","{""ImportId"":""QID98_4""}","{""ImportId"":""QID98_5""}","{""ImportId"":""QID16""}","{""ImportId"":""QID95_TEXT""}","{""ImportId"":""pay""}","{""ImportId"":""time""}","{""ImportId"":""PROLIFIC_PID""}","{""ImportId"":""STUDY_ID""}","{""ImportId"":""SESSION_ID""}","{""ImportId"":""loss""}","{""ImportId"":""cost""}","{""ImportId"":""coins1""}","{""ImportId"":""notes""}","{""ImportId"":""coins2""}","{""ImportId"":""coins3""}"
4/18/23 7:18,4/18/23 7:21,IP Address,*******,100,209,TRUE,4/18/23 7:21,R_1cSRAAjzkgSppLE,*******,*******,*******,*******,*******,*******,anonymous,EN,I consent,5b26ed8a8ecf3f0001619040,95,Wizard,"A note card that says ""Mushrooms are stronger than flowers."" Cost: 10 Gold Coins.",,6,1,9,8,7,2,1,Wizard,No,$1.00 ,5 minutes,5b26ed8a8ecf3f0001619040,643e94504237931b59924833,643e97f6b6c0ff804a8c91d0,low,20,90,"""Mushrooms are stronger than flowers.""",84,94
4/18/23 7:22,4/18/23 7:24,IP Address,*******,100,168,TRUE,4/18/23 7:24,R_3lKVo0VHQgmHKgM,*******,*******,*******,*******,*******,*******,anonymous,EN,I consent,5f93190131a30e0ac3456eaa,95,Bard,,"A note card that says ""Mushrooms are stronger than flowers."" Cost: 10 Gold Coins.",10,0,10,8,6,4,2,Bard,,$1.00 ,5 minutes,5f93190131a30e0ac3456eaa,643e94504237931b59924833,643e99765bf1de7e41a43c83,high,12,90,"""Mushrooms are stronger than flowers.""",80,80
4/18/23 7:26,4/18/23 7:29,IP Address,*******,100,233,TRUE,4/18/23 7:29,R_2SjDwDM8SSIxQUB,*******,*******,*******,*******,*******,*******,anonymous,EN,I consent,5d5be747b80b900015eda31e,95,Bard,"A note card that says ""Green mushrooms are strongest, followed by yellow mushrooms, then purple mushrooms, then red flowers, then yellow flowers."" Cost: ${e://Field/cost} Gold Coins.",,8,3,9,8,7,3,2,Bard,,$1.00 ,5 minutes,5d5be747b80b900015eda31e,643e94504237931b59924834,643e9a63fba0d7d56f303777,low,10,90,"""Green mushrooms are strongest, followed by yellow mushrooms, then purple mushrooms, then red flowers, then yellow flowers.""",82,82
4/18/23 7:31,4/18/23 7:34,IP Address,*******,100,209,TRUE,4/18/23 7:34,R_2vc3z4b6PaAfK0D,*******,*******,*******,*******,*******,*******,anonymous,EN,I consent,60fcd2ccc588ee8cca5168c0,95,Wizard,,"A note card that says ""Mushrooms are stronger than flowers."" Cost: 10 Gold Coins.",6,1,8,6,3,3,0,Wizard,,$1.00 ,5 minutes,60fcd2ccc588ee8cca5168c0,643e94504237931b59924834,643e9ba4a5ecd615da398c8b,high,20,90,"""Mushrooms are stronger than flowers.""",84,84
4/18/23 7:34,4/18/23 7:40,IP Address,*******,100,347,TRUE,4/18/23 7:40,R_2ygyd9QF3pDtDnv,*******,*******,*******,*******,*******,*******,anonymous,EN,I consent,615064bfb9e0c46f6a9b91b1,95,Bard,,"A note card that says ""Green mushrooms are strongest, followed by yellow mushrooms, then purple mushrooms, then red flowers, then yellow flowers."" Cost: ${e://Field/cost} Gold Coins.",7,2,12,8,4,3,0,Bard,,$1.00 ,5 minutes,615064bfb9e0c46f6a9b91b1,643e94504237931b59924834,643e9c57293523582f872f6b,high,10,90,"""Green mushrooms are strongest, followed by yellow mushrooms, then purple mushrooms, then red flowers, then yellow flowers.""",83,93
4/18/23 7:39,4/18/23 7:42,IP Address,*******,100,167,TRUE,4/18/23 7:42,R_3VOLi7BCYdrbAKl,*******,*******,*******,*******,*******,*******,anonymous,EN,I consent,614f2b16d983019aeace1fe5,95,Siren,"A note card that says ""Green mushrooms are strongest, followed by yellow mushrooms, then purple mushrooms, then red flowers, then yellow flowers."" Cost: ${e://Field/cost} Gold Coins.",,7,1,12,8,6,3,1,Siren,,$1.00 ,5 minutes,614f2b16d983019aeace1fe5,643e94504237931b59924834,643e9d8bde721b6ce2c4a1a2,low,12,88,"""Green mushrooms are strongest, followed by yellow mushrooms, then purple mushrooms, then red flowers, then yellow flowers.""",81,81
4/18/23 7:40,4/18/23 7:43,IP Address,*******,100,156,TRUE,4/18/23 7:43,R_QnUv9lVgRgiP4jf,*******,*******,*******,*******,*******,*******,anonymous,EN,I consent,5c57890153fba80001bd3ba1,95,Wizard,,"A note card that says ""Green mushrooms are strongest, followed by yellow mushrooms, then purple mushrooms, then red flowers, then yellow flowers."" Cost: ${e://Field/cost} Gold Coins.",10,3,12,8,4,3,0,Wizard,,$1.00 ,5 minutes,5c57890153fba80001bd3ba1,643e94504237931b59924833,643e9dd4194bf35758398ca1,high,20,80,"""Green mushrooms are strongest, followed by yellow mushrooms, then purple mushrooms, then red flowers, then yellow flowers.""",70,80
4/18/23 7:40,4/18/23 7:44,IP Address,*******,100,204,TRUE,4/18/23 7:44,R_sROjQGhyTP2zwvn,*******,*******,*******,*******,*******,*******,anonymous,EN,I consent,6235539e17f00ae3c9756495,10,Wizard,"A note card that says ""Green mushrooms are strongest, followed by yellow mushrooms, then purple mushrooms, then red flowers, then yellow flowers."" Cost: ${e://Field/cost} Gold Coins.",,5,1,8,7,4,2,1,Wizard,no,$1.00 ,5 minutes,6235539e17f00ae3c9756495,643e94504237931b59924833,643e9de3fa24c124172a5779,low,10,90,"""Green mushrooms are strongest, followed by yellow mushrooms, then purple mushrooms, then red flowers, then yellow flowers.""",85,85
4/18/23 7:43,4/18/23 7:46,IP Address,*******,100,180,TRUE,4/18/23 7:46,R_3CZoPKt12sDcaNl,*******,*******,*******,*******,*******,*******,anonymous,EN,I consent,5c745589be30fc0014e83dc2,95,Bard,,"A note card that says ""Green mushrooms are strongest, followed by yellow mushrooms, then purple mushrooms, then red flowers, then yellow flowers."" Cost: ${e://Field/cost} Gold Coins.",6,2,12,8,5,3,2,Bard,"No! I loved it, DND vibes!",$1.00 ,5 minutes,5c745589be30fc0014e83dc2,643e94504237931b59924834,643e9e6767773e1e1807c6ec,high,12,88,"""Green mushrooms are strongest, followed by yellow mushrooms, then purple mushrooms, then red flowers, then yellow flowers.""",82,82
4/18/23 7:41,4/18/23 7:46,IP Address,*******,100,312,TRUE,4/18/23 7:46,R_3h9HLTsVuz1vYHc,*******,*******,*******,*******,*******,*******,anonymous,EN,I consent,5e9310d77d6dc1000baa5ee7,95,Siren,"A note card that says ""Green mushrooms are strongest, followed by yellow mushrooms, then purple mushrooms, then red flowers, then yellow flowers."" Cost: ${e://Field/cost} Gold Coins.",,10,2,12,8,5,2,1,Siren,No,$1.00 ,5 minutes,5e9310d77d6dc1000baa5ee7,643e94504237931b59924834,643e9df6169215486e6deac0,low,12,88,"""Green mushrooms are strongest, followed by yellow mushrooms, then purple mushrooms, then red flowers, then yellow flowers.""",78,78
4/18/23 7:45,4/18/23 7:47,IP Address,*******,100,139,TRUE,4/18/23 7:47,R_12gSd3IkX7OFgjF,*******,*******,*******,*******,*******,*******,anonymous,EN,I consent,5e701badffc1a95eacebdf6f,95,Warrior,"A note card that says ""Green mushrooms are strongest, followed by yellow mushrooms, then purple mushrooms, then red flowers, then yellow flowers."" Cost: ${e://Field/cost} Gold Coins.",,4,1,10,8,6,4,2,Warrior,,$1.00 ,5 minutes,5e701badffc1a95eacebdf6f,643e94504237931b59924833,643e9ee20df52328cbc897f0,low,10,90,"""Green mushrooms are strongest, followed by yellow mushrooms, then purple mushrooms, then red flowers, then yellow flowers.""",86,86
4/18/23 7:46,4/18/23 7:48,IP Address,*******,100,179,TRUE,4/18/23 7:49,R_2To4Tjxw1gVEHwa,*******,*******,*******,*******,*******,*******,anonymous,EN,I consent,5ffdf62d9169a23d1edaceab,95,Wizard,,"A note card that says ""Green mushrooms are strongest, followed by yellow mushrooms, then purple mushrooms, then red flowers, then yellow flowers."" Cost: ${e://Field/cost} Gold Coins.",8,3,12,8,6,3,0,Wizard,No,$1.00 ,5 minutes,5ffdf62d9169a23d1edaceab,643e94504237931b59924833,643e9f14630c51378475f80b,high,20,80,"""Green mushrooms are strongest, followed by yellow mushrooms, then purple mushrooms, then red flowers, then yellow flowers.""",72,72
4/18/23 7:45,4/18/23 7:50,IP Address,*******,100,286,TRUE,4/18/23 7:50,R_3CTxsAExTeGU00y,*******,*******,*******,*******,*******,*******,anonymous,EN,I consent,62ca43b57440f78492ca4a3a,95,Warrior,"A note card that says ""Green mushrooms are strongest, followed by yellow mushrooms, then purple mushrooms, then red flowers, then yellow flowers."" Cost: ${e://Field/cost} Gold Coins.",,8,0,10,8,7,6,5,Warrior,,$1.00 ,5 minutes,62ca43b57440f78492ca4a3a,643e94504237931b59924833,643e9ef975f326bb88303704,low,10,90,"""Green mushrooms are strongest, followed by yellow mushrooms, then purple mushrooms, then red flowers, then yellow flowers.""",82,82
4/18/23 7:46,4/18/23 7:51,IP Address,*******,100,284,TRUE,4/18/23 7:51,R_3elwSzlkvuEqymU,*******,*******,*******,*******,*******,*******,anonymous,EN,I consent,5d0ac7504d57690017a355ef,95,Warrior,,"A note card that says ""Green mushrooms are strongest, followed by yellow mushrooms, then purple mushrooms, then red flowers, then yellow flowers."" Cost: ${e://Field/cost} Gold Coins.",8,2,10,8,4,3,2,Warrior,I didn't notice anything. ,$1.00 ,5 minutes,5d0ac7504d57690017a355ef,643e94504237931b59924833,643e9f26c65def1769872f27,high,12,88,"""Green mushrooms are strongest, followed by yellow mushrooms, then purple mushrooms, then red flowers, then yellow flowers.""",80,80
4/18/23 7:46,4/18/23 7:51,IP Address,*******,100,248,TRUE,4/18/23 7:51,R_3jeZSPtv304iVsE,*******,*******,*******,*******,*******,*******,anonymous,EN,I consent,5c40bc191e67ca00010cc5f3,95,Warrior,"A note card that says ""Mushrooms are stronger than flowers."" Cost: 10 Gold Coins.",,5,-1,9,8,7,5,4,Warrior,No,$1.00 ,5 minutes,5c40bc191e67ca00010cc5f3,643e94504237931b59924833,643e9f4ae2f5380d28c4a14a,low,20,90,"""Mushrooms are stronger than flowers.""",85,85
4/18/23 7:48,4/18/23 7:52,IP Address,*******,100,224,TRUE,4/18/23 7:52,R_26597eRcNDyx8P3,*******,*******,*******,*******,*******,*******,anonymous,EN,I consent,5a4ff86beedc32000141f232,95,Warrior,,"A note card that says ""Green mushrooms are strongest, followed by yellow mushrooms, then purple mushrooms, then red flowers, then yellow flowers."" Cost: ${e://Field/cost} Gold Coins.",5,-1,10,8,6,3,2,Warrior,no,$1.00 ,5 minutes,5a4ff86beedc32000141f232,643e94504237931b59924834,643e9fb8abdcf0a3e3401896,high,10,90,"""Green mushrooms are strongest, followed by yellow mushrooms, then purple mushrooms, then red flowers, then yellow flowers.""",85,85
4/18/23 7:52,4/18/23 7:54,IP Address,*******,100,142,TRUE,4/18/23 7:54,R_1gRwCz3sHKUKJLO,*******,*******,*******,*******,*******,*******,anonymous,EN,I consent,5e0aa9378f1faf32c47f560c,10,Wizard,"A note card that says ""Green mushrooms are strongest, followed by yellow mushrooms, then purple mushrooms, then red flowers, then yellow flowers."" Cost: ${e://Field/cost} Gold Coins.",,5,1,10,8,4,3,2,Wizard,Nope,$1.00 ,5 minutes,5e0aa9378f1faf32c47f560c,643e94504237931b59924833,643ea081ba7fac3ae31ef18d,low,12,88,"""Green mushrooms are strongest, followed by yellow mushrooms, then purple mushrooms, then red flowers, then yellow flowers.""",83,83
4/18/23 7:43,4/18/23 7:54,IP Address,*******,100,693,TRUE,4/18/23 7:54,R_30esHE9gRgo4FIO,*******,*******,*******,*******,*******,*******,anonymous,EN,I consent,5e9b5d5193295f05c902b8d2,95,Wizard,,"A note card that says ""Green mushrooms are strongest, followed by yellow mushrooms, then purple mushrooms, then red flowers, then yellow flowers."" Cost: ${e://Field/cost} Gold Coins.",10,2,12,8,4,3,0,Wizard,,$1.00 ,5 minutes,5e9b5d5193295f05c902b8d2,643e94504237931b59924833,643e9e646f1e137b1f07c661,high,20,80,"""Green mushrooms are strongest, followed by yellow mushrooms, then purple mushrooms, then red flowers, then yellow flowers.""",70,80
4/18/23 7:52,4/18/23 7:57,IP Address,*******,100,291,TRUE,4/18/23 7:57,R_6KfmKPHGF1NJ02Z,*******,*******,*******,*******,*******,*******,anonymous,EN,I consent,63038cfdc7ebc9bf4ded0cd1,95,Siren,"A note card that says ""Green mushrooms are strongest, followed by yellow mushrooms, then purple mushrooms, then red flowers, then yellow flowers."" Cost: ${e://Field/cost} Gold Coins.",,5,2,9,8,7,2,1,Siren,,$1.00 ,5 minutes,63038cfdc7ebc9bf4ded0cd1,643e94504237931b59924834,643ea08f6f1e137b1f07c6b4,low,10,90,"""Green mushrooms are strongest, followed by yellow mushrooms, then purple mushrooms, then red flowers, then yellow flowers.""",85,95
4/18/23 7:55,4/18/23 7:57,IP Address,*******,100,138,TRUE,4/18/23 7:57,R_2XamTEf00gs3VD8,*******,*******,*******,*******,*******,*******,anonymous,EN,I consent,612bbf7f2777e375241f0f45,9,Wizard,,"A note card that says ""Mushrooms are stronger than flowers."" Cost: 10 Gold Coins.",10,-1,1,2,3,4,5,Wizard,,$1.00 ,5 minutes,612bbf7f2777e375241f0f45,643e94504237931b59924834,643ea148ed13a64932772d35,high,10,90,"""Mushrooms are stronger than flowers.""",80,80
4/18/23 7:54,4/18/23 7:58,IP Address,*******,100,242,TRUE,4/18/23 7:58,R_2AZib6W64rcNzEr,*******,*******,*******,*******,*******,*******,anonymous,EN,I consent,5ef11fdda0736031899eb5dc,95,Warrior,,"A note card that says ""Mushrooms are stronger than flowers."" Cost: 10 Gold Coins.",6,-3,12,8,4,3,0,Warrior,no,$1.00 ,5 minutes,5ef11fdda0736031899eb5dc,643e94504237931b59924834,643ea10978a50a623775f7ee,high,20,90,"""Mushrooms are stronger than flowers.""",84,94
4/18/23 7:54,4/18/23 7:59,IP Address,*******,100,264,TRUE,4/18/23 7:59,R_9YTF0rUfh5tbqPD,*******,*******,*******,*******,*******,*******,anonymous,EN,I consent,60fcdf04d033481fde0e2298,95,Bard,"A note card that says ""Mushrooms are stronger than flowers."" Cost: 10 Gold Coins.",,10,1,12,11,10,8,1,Bard,,$1.00 ,5 minutes,60fcdf04d033481fde0e2298,643e94504237931b59924834,643ea12cb3a26e60058e8515,low,12,90,"""Mushrooms are stronger than flowers.""",80,80
4/18/23 7:53,4/18/23 7:59,IP Address,*******,100,340,TRUE,4/18/23 7:59,R_2frNUE5gYLMmAJE,*******,*******,*******,*******,*******,*******,anonymous,EN,I consent,5d4b14caed2dfc0001a22c1a,95,Huntress,"A note card that says ""Green mushrooms are strongest, followed by yellow mushrooms, then purple mushrooms, then red flowers, then yellow flowers."" Cost: ${e://Field/cost} Gold Coins.",,8,2,9,8,7,2,1,Huntress,No,$1.00 ,5 minutes,5d4b14caed2dfc0001a22c1a,643e94504237931b59924834,643ea0ebbf8ceba1501ef110,low,12,88,"""Green mushrooms are strongest, followed by yellow mushrooms, then purple mushrooms, then red flowers, then yellow flowers.""",80,90
4/18/23 7:56,4/18/23 8:00,IP Address,*******,100,237,TRUE,4/18/23 8:00,R_3n2VW2El590WxUO,*******,*******,*******,*******,*******,*******,anonymous,EN,I consent,5947f37ff154200001b51473,95,Wizard,,"A note card that says ""Mushrooms are stronger than flowers."" Cost: 10 Gold Coins.",5,-1,12,8,4,3,0,Wizard,,$1.00 ,5 minutes,5947f37ff154200001b51473,643e94504237931b59924833,643ea194fb7da53def16f7c3,high,20,90,"""Mushrooms are stronger than flowers.""",85,95
4/18/23 7:59,4/18/23 8:01,IP Address,*******,100,160,TRUE,4/18/23 8:01,R_31dycAEpiczmf37,*******,*******,*******,*******,*******,*******,anonymous,EN,I consent,610825130bf4669d1b167efe,95,Warrior,,"A note card that says ""Mushrooms are stronger than flowers."" Cost: 10 Gold Coins.",5,-1,12,8,4,3,0,Warrior,,$1.00 ,5 minutes,610825130bf4669d1b167efe,643e94504237931b59924834,643ea229bd654ad0b3da0313,high,20,90,"""Mushrooms are stronger than flowers.""",85,95
4/18/23 7:59,4/18/23 8:02,IP Address,*******,100,149,TRUE,4/18/23 8:02,R_R1OyH82IqidTOyB,*******,*******,*******,*******,*******,*******,anonymous,EN,I consent,601c8b5b02683a7e54b93aeb,95,Wizard,,"A note card that says ""Mushrooms are stronger than flowers."" Cost: 10 Gold Coins.",4,2,12,8,4,3,0,Wizard,,$1.00 ,5 minutes,601c8b5b02683a7e54b93aeb,643e94504237931b59924833,643ea24ad5df864e214b4eff,high,12,90,"""Mushrooms are stronger than flowers.""",86,96
4/18/23 8:01,4/18/23 8:04,IP Address,*******,100,169,TRUE,4/18/23 8:04,R_80RR6FtgoRlPN2F,*******,*******,*******,*******,*******,*******,anonymous,EN,I consent,597f662f89542d0001517d78,95,Wizard,"A note card that says ""Green mushrooms are strongest, followed by yellow mushrooms, then purple mushrooms, then red flowers, then yellow flowers."" Cost: ${e://Field/cost} Gold Coins.",,5,1,9,8,7,6,5,Wizard,Nope!,$1.00 ,5 minutes,597f662f89542d0001517d78,643e94504237931b59924833,643ea2b2195932e6bd9cdb64,low,10,90,"""Green mushrooms are strongest, followed by yellow mushrooms, then purple mushrooms, then red flowers, then yellow flowers.""",85,85
4/18/23 7:59,4/18/23 8:04,IP Address,*******,100,314,TRUE,4/18/23 8:04,R_1kSyAuVmdAxcJsX,*******,*******,*******,*******,*******,*******,anonymous,EN,I consent,5ef4db1a45dfc00e117b2a54,95,Wizard,"A note card that says ""Green mushrooms are strongest, followed by yellow mushrooms, then purple mushrooms, then red flowers, then yellow flowers."" Cost: ${e://Field/cost} Gold Coins.",,5,1,9,8,7,2,1,Wizard,very easy,$1.00 ,5 minutes,5ef4db1a45dfc00e117b2a54,643e94504237931b59924834,643ea22ae815e8ae7de6f9ce,low,12,88,"""Green mushrooms are strongest, followed by yellow mushrooms, then purple mushrooms, then red flowers, then yellow flowers.""",83,93
4/18/23 8:01,4/18/23 8:04,IP Address,*******,100,181,TRUE,4/18/23 8:04,R_2Em0SrUHGTPDDd2,*******,*******,*******,*******,*******,*******,anonymous,EN,I consent,63655ebbb1b1d02244d46c45,95,Wizard,,"A note card that says ""Green mushrooms are strongest, followed by yellow mushrooms, then purple mushrooms, then red flowers, then yellow flowers."" Cost: ${e://Field/cost} Gold Coins.",15,2,12,8,4,2,1,Wizard,,$1.00 ,5 minutes,63655ebbb1b1d02244d46c45,643e94504237931b59924833,643ea2b5b9c86de56f600bd2,high,12,88,"""Green mushrooms are strongest, followed by yellow mushrooms, then purple mushrooms, then red flowers, then yellow flowers.""",73,73
4/18/23 8:01,4/18/23 8:04,IP Address,*******,100,169,TRUE,4/18/23 8:04,R_30oXV2ME1QtLA7f,*******,*******,*******,*******,*******,*******,anonymous,EN,I consent,62838cdc775f6094ddf0664b,95,Wizard,"A note card that says ""Green mushrooms are strongest, followed by yellow mushrooms, then purple mushrooms, then red flowers, then yellow flowers."" Cost: ${e://Field/cost} Gold Coins.",,6,1,8,6,4,2,1,Wizard,remembering shit sucks but that's because i'm probably ADHD or something idk,$1.00 ,5 minutes,62838cdc775f6094ddf0664b,643e94504237931b59924833,643ea2d15ce4d540062a27e5,low,10,90,"""Green mushrooms are strongest, followed by yellow mushrooms, then purple mushrooms, then red flowers, then yellow flowers.""",84,84
4/18/23 8:01,4/18/23 8:04,IP Address,*******,100,216,TRUE,4/18/23 8:04,R_1eRDBALXfZVAiMm,*******,*******,*******,*******,*******,*******,anonymous,EN,I consent,62bafdef8703eeda6f15f982,95,Wizard,"A note card that says ""Mushrooms are stronger than flowers."" Cost: 10 Gold Coins.",,7,-3,9,8,7,2,1,Wizard,NA,$1.00 ,5 minutes,62bafdef8703eeda6f15f982,643e94504237931b59924833,643ea2a9f398ccfbe1dcc7f5,low,20,90,"""Mushrooms are stronger than flowers.""",83,93
4/18/23 8:03,4/18/23 8:05,IP Address,*******,100,122,TRUE,4/18/23 8:05,R_Ubcba5FCRNQIjSx,*******,*******,*******,*******,*******,*******,anonymous,EN,I consent,5a542b96e0cf3d0001260df1,95,Bard,,"A note card that says ""Mushrooms are stronger than flowers."" Cost: 10 Gold Coins.",5,1,10,8,5,3,1,Bard,,$1.00 ,5 minutes,5a542b96e0cf3d0001260df1,643e94504237931b59924834,643ea33f30c08b8d9110e6ff,high,12,90,"""Mushrooms are stronger than flowers.""",85,85
4/18/23 8:02,4/18/23 8:06,IP Address,*******,100,203,TRUE,4/18/23 8:06,R_22VVIpg9WksOupa,*******,*******,*******,*******,*******,*******,anonymous,EN,I consent,5e2ba083f420f01f6e81c5ae,95,Huntress,"A note card that says ""Green mushrooms are strongest, followed by yellow mushrooms, then purple mushrooms, then red flowers, then yellow flowers."" Cost: ${e://Field/cost} Gold Coins.",,10,2,9,8,7,2,1,Huntress,,$1.00 ,5 minutes,5e2ba083f420f01f6e81c5ae,643e94504237931b59924834,643ea30714391b38fdc0d1bf,low,10,90,"""Green mushrooms are strongest, followed by yellow mushrooms, then purple mushrooms, then red flowers, then yellow flowers.""",80,90
4/18/23 8:00,4/18/23 8:06,IP Address,*******,100,351,TRUE,4/18/23 8:06,R_3hxVTZTUCjy2Hsw,*******,*******,*******,*******,*******,*******,anonymous,EN,I consent,5d531a1cf29927001a70a183,95,Wizard,,"A note card that says ""Green mushrooms are strongest, followed by yellow mushrooms, then purple mushrooms, then red flowers, then yellow flowers."" Cost: ${e://Field/cost} Gold Coins.",15,3,12,9,6,3,0,Wizard,No,$1.00 ,5 minutes,5d531a1cf29927001a70a183,643e94504237931b59924833,643ea2898e4dce507dd97dee,high,20,80,"""Green mushrooms are strongest, followed by yellow mushrooms, then purple mushrooms, then red flowers, then yellow flowers.""",65,65
4/18/23 8:03,4/18/23 8:06,IP Address,*******,100,175,TRUE,4/18/23 8:06,R_1K3AQjBADJRzyk3,*******,*******,*******,*******,*******,*******,anonymous,EN,I consent,61115b08ef95f323c6b9ba99,95,Wizard,"A note card that says ""Green mushrooms are strongest, followed by yellow mushrooms, then purple mushrooms, then red flowers, then yellow flowers."" Cost: ${e://Field/cost} Gold Coins.",,8,2,9,8,7,4,3,Wizard,,$1.00 ,5 minutes,61115b08ef95f323c6b9ba99,643e94504237931b59924834,643ea340197e2ed231be10a8,low,10,90,"""Green mushrooms are strongest, followed by yellow mushrooms, then purple mushrooms, then red flowers, then yellow flowers.""",82,82
4/18/23 8:03,4/18/23 8:06,IP Address,*******,100,213,TRUE,4/18/23 8:06,R_2bTrcV32wa5Xo6i,*******,*******,*******,*******,*******,*******,anonymous,EN,I consent,60778adf13e3a5f0d0f655db,10,Warrior,,"A note card that says ""Green mushrooms are strongest, followed by yellow mushrooms, then purple mushrooms, then red flowers, then yellow flowers."" Cost: ${e://Field/cost} Gold Coins.",5,3,8,6,4,2,2,Warrior,no,$1.00 ,5 minutes,60778adf13e3a5f0d0f655db,643e94504237931b59924834,643ea31ceab3bfaef437c652,high,20,80,"""Green mushrooms are strongest, followed by yellow mushrooms, then purple mushrooms, then red flowers, then yellow flowers.""",75,75
4/18/23 8:04,4/18/23 8:06,IP Address,*******,100,113,TRUE,4/18/23 8:06,R_sG1PpUDsuVrKD9n,*******,*******,*******,*******,*******,*******,anonymous,EN,I consent,609371fc24c531563322d57c,95,Wizard,"A note card that says ""Mushrooms are stronger than flowers."" Cost: 10 Gold Coins.",,10,1,12,10,8,6,4,Wizard,,$1.00 ,5 minutes,609371fc24c531563322d57c,643e94504237931b59924833,643ea38474e2820a95da29d3,low,20,90,"""Mushrooms are stronger than flowers.""",80,80
4/18/23 8:04,4/18/23 8:07,IP Address,*******,100,148,TRUE,4/18/23 8:07,R_242k6FQQjEzPpgE,*******,*******,*******,*******,*******,*******,anonymous,EN,I consent,558966d3fdf99b74158d780d,86,Warrior,,"A note card that says ""Green mushrooms are strongest, followed by yellow mushrooms, then purple mushrooms, then red flowers, then yellow flowers."" Cost: ${e://Field/cost} Gold Coins.",10,2,12,10,8,3,1,Warrior,"No, it was fun!",$1.00 ,5 minutes,558966d3fdf99b74158d780d,643e94504237931b59924833,643ea3710b23ca177cbbbfb4,high,12,88,"""Green mushrooms are strongest, followed by yellow mushrooms, then purple mushrooms, then red flowers, then yellow flowers.""",78,78
4/18/23 8:04,4/18/23 8:07,IP Address,*******,100,146,TRUE,4/18/23 8:07,R_eWMmfhvrB5Kr9lv,*******,*******,*******,*******,*******,*******,anonymous,EN,I consent,629e112d75f3665c8362ab6f,95,Wizard,"A note card that says ""Mushrooms are stronger than flowers."" Cost: 10 Gold Coins.",,10,1,10,8,6,4,2,Wizard,,$1.00 ,5 minutes,629e112d75f3665c8362ab6f,643e94504237931b59924833,643ea37c766f4eaf64ab9422,low,12,90,"""Mushrooms are stronger than flowers.""",80,80
4/18/23 8:06,4/18/23 8:08,IP Address,*******,100,108,TRUE,4/18/23 8:08,R_5nagWGFMDQJyotr,*******,*******,*******,*******,*******,*******,anonymous,EN,I consent,64015b86a1764cf737326eb7,95,Wizard,"A note card that says ""Green mushrooms are strongest, followed by yellow mushrooms, then purple mushrooms, then red flowers, then yellow flowers."" Cost: ${e://Field/cost} Gold Coins.",,10,0,8,8,8,8,8,Wizard,No,$1.00 ,5 minutes,64015b86a1764cf737326eb7,643e94504237931b59924833,643ea3d7b03d56f0e1fa6e7c,low,12,88,"""Green mushrooms are strongest, followed by yellow mushrooms, then purple mushrooms, then red flowers, then yellow flowers.""",78,78
4/18/23 8:06,4/18/23 8:08,IP Address,*******,100,152,TRUE,4/18/23 8:08,R_SE4Nr0HGGQ2WojT,*******,*******,*******,*******,*******,*******,anonymous,EN,I consent,5af309960eca060001b15b47,95,Warrior,,"A note card that says ""Green mushrooms are strongest, followed by yellow mushrooms, then purple mushrooms, then red flowers, then yellow flowers."" Cost: ${e://Field/cost} Gold Coins.",8,3,12,8,4,3,0,Warrior,Nothing was confusing! ,$1.00 ,5 minutes,5af309960eca060001b15b47,643e94504237931b59924833,643ea37bc38313d35ea49b7a,high,10,90,"""Green mushrooms are strongest, followed by yellow mushrooms, then purple mushrooms, then red flowers, then yellow flowers.""",82,92
4/18/23 8:04,4/18/23 8:08,IP Address,*******,100,254,TRUE,4/18/23 8:08,R_XSyH2XkwRbvLPXj,*******,*******,*******,*******,*******,*******,anonymous,EN,I consent,5f08ba4192c3fb10d8fb4bb6,95,Wizard,,"A note card that says ""Green mushrooms are strongest, followed by yellow mushrooms, then purple mushrooms, then red flowers, then yellow flowers."" Cost: ${e://Field/cost} Gold Coins.",10,2,12,10,8,6,3,Wizard,no,$1.00 ,5 minutes,5f08ba4192c3fb10d8fb4bb6,643e94504237931b59924834,643ea360e145a07c2c1782bd,high,10,90,"""Green mushrooms are strongest, followed by yellow mushrooms, then purple mushrooms, then red flowers, then yellow flowers.""",80,80
4/18/23 8:06,4/18/23 8:08,IP Address,*******,100,144,TRUE,4/18/23 8:08,R_2S6OvzhJfZ2f7hN,*******,*******,*******,*******,*******,*******,anonymous,EN,I consent,63bc5668e856a67c2cd471de,95,Huntress,"A note card that says ""Green mushrooms are strongest, followed by yellow mushrooms, then purple mushrooms, then red flowers, then yellow flowers."" Cost: ${e://Field/cost} Gold Coins.",,9,1,9,8,5,2,1,Huntress,,$1.00 ,5 minutes,63bc5668e856a67c2cd471de,643e94504237931b59924834,643ea3d3ab5da499c320e941,low,10,90,"""Green mushrooms are strongest, followed by yellow mushrooms, then purple mushrooms, then red flowers, then yellow flowers.""",81,81
4/18/23 7:58,4/18/23 8:09,IP Address,*******,100,625,TRUE,4/18/23 8:09,R_2TWWOx9eQQDk46p,*******,*******,*******,*******,*******,*******,anonymous,EN,I consent,633f13e38809f1f9f5e4365c,95,Wizard,"A note card that says ""Green mushrooms are strongest, followed by yellow mushrooms, then purple mushrooms, then red flowers, then yellow flowers."" Cost: ${e://Field/cost} Gold Coins.",,7,3,9,7,5,2,1,Wizard,No,$1.00 ,5 minutes,633f13e38809f1f9f5e4365c,643e94504237931b59924833,643ea20dab5da499c320e8f4,low,10,90,"""Green mushrooms are strongest, followed by yellow mushrooms, then purple mushrooms, then red flowers, then yellow flowers.""",83,83
4/18/23 8:04,4/18/23 8:09,IP Address,*******,100,259,TRUE,4/18/23 8:09,R_3CHKdyNpoJ7jC54,*******,*******,*******,*******,*******,*******,anonymous,EN,I consent,5cc78069714158000168f17f,95,Huntress,,"A note card that says ""Green mushrooms are strongest, followed by yellow mushrooms, then purple mushrooms, then red flowers, then yellow flowers."" Cost: ${e://Field/cost} Gold Coins.",5,2,10,8,4,2,0,Huntress,no,$1.00 ,5 minutes,5cc78069714158000168f17f,643e94504237931b59924834,643ea37d0a085d39c53e7144,high,20,80,"""Green mushrooms are strongest, followed by yellow mushrooms, then purple mushrooms, then red flowers, then yellow flowers.""",75,75
4/18/23 8:06,4/18/23 8:09,IP Address,*******,100,154,TRUE,4/18/23 8:09,R_12hVnyAltyoUtbj,*******,*******,*******,*******,*******,*******,anonymous,EN,I consent,6095ed23bec8c0d7681c5d28,95,Siren,"A note card that says ""Green mushrooms are strongest, followed by yellow mushrooms, then purple mushrooms, then red flowers, then yellow flowers."" Cost: ${e://Field/cost} Gold Coins.",,10,3,9,8,6,5,3,Siren,,$1.00 ,5 minutes,6095ed23bec8c0d7681c5d28,643e94504237931b59924834,643ea3e3eb1fe2dcb020c7b4,low,10,90,"""Green mushrooms are strongest, followed by yellow mushrooms, then purple mushrooms, then red flowers, then yellow flowers.""",80,80
4/18/23 8:05,4/18/23 8:09,IP Address,*******,100,250,TRUE,4/18/23 8:09,R_111vvygENz1J9c6,*******,*******,*******,*******,*******,*******,anonymous,EN,I consent,629f6ccc8d2f359d8cb0eb14,95,Warrior,"A note card that says ""Green mushrooms are strongest, followed by yellow mushrooms, then purple mushrooms, then red flowers, then yellow flowers."" Cost: ${e://Field/cost} Gold Coins.",,10,-1,11,9,7,3,1,Warrior,,$1.00 ,5 minutes,629f6ccc8d2f359d8cb0eb14,643e94504237931b59924833,643ea38ff63737e126caf17b,low,20,80,"""Green mushrooms are strongest, followed by yellow mushrooms, then purple mushrooms, then red flowers, then yellow flowers.""",70,70
4/18/23 8:06,4/18/23 8:09,IP Address,*******,100,179,TRUE,4/18/23 8:09,R_1dALndgqGYxocEE,*******,*******,*******,*******,*******,*******,anonymous,EN,I consent,613d46227c08cd3ecf3b0845,95,Wizard,"A note card that says ""Green mushrooms are strongest, followed by yellow mushrooms, then purple mushrooms, then red flowers, then yellow flowers."" Cost: ${e://Field/cost} Gold Coins.",,6,1,9,8,7,2,1,Wizard,no,$1.00 ,5 minutes,613d46227c08cd3ecf3b0845,643e94504237931b59924833,643ea3eac5a98b421d4cf871,low,12,88,"""Green mushrooms are strongest, followed by yellow mushrooms, then purple mushrooms, then red flowers, then yellow flowers.""",82,92
4/18/23 8:04,4/18/23 8:09,IP Address,*******,100,302,TRUE,4/18/23 8:09,R_2EbmrjAIREpoW8C,*******,*******,*******,*******,*******,*******,anonymous,EN,I consent,62f7cdb38b7eeb26308bae5b,90,Huntress,,"A note card that says ""Green mushrooms are strongest, followed by yellow mushrooms, then purple mushrooms, then red flowers, then yellow flowers."" Cost: ${e://Field/cost} Gold Coins.",6,0,12,10,8,6,4,Huntress,,$1.00 ,5 minutes,62f7cdb38b7eeb26308bae5b,643e94504237931b59924833,643ea36ea4eb09443f67a266,high,12,88,"""Green mushrooms are strongest, followed by yellow mushrooms, then purple mushrooms, then red flowers, then yellow flowers.""",82,82
4/18/23 8:09,4/18/23 8:11,IP Address,*******,100,124,TRUE,4/18/23 8:11,R_2ckMFaV5xLsub9c,*******,*******,*******,*******,*******,*******,anonymous,EN,I consent,63d13b3934b1255e0954a471,95,Bard,,"A note card that says ""Mushrooms are stronger than flowers."" Cost: 10 Gold Coins.",5,2,10,8,4,3,0,Bard,,$1.00 ,5 minutes,63d13b3934b1255e0954a471,643e94504237931b59924834,643ea480a4ff75b9ceeea95b,high,12,90,"""Mushrooms are stronger than flowers.""",85,85
4/18/23 8:05,4/18/23 8:11,IP Address,*******,100,376,TRUE,4/18/23 8:11,R_1CpBwkk4PHD7Uip,*******,*******,*******,*******,*******,*******,anonymous,EN,I consent,558a035bfdf99b2d75651378,95,Huntress,,"A note card that says ""Mushrooms are stronger than flowers."" Cost: 10 Gold Coins.",10,0,0,10,6,3,2,Huntress,No not at all,$1.00 ,5 minutes,558a035bfdf99b2d75651378,643e94504237931b59924834,643ea38fdc6eea887720c760,high,20,90,"""Mushrooms are stronger than flowers.""",80,80
4/18/23 8:06,4/18/23 8:11,IP Address,*******,100,300,TRUE,4/18/23 8:11,R_2WujrvAPsSD9ciu,*******,*******,*******,*******,*******,*******,anonymous,EN,I consent,62dea723c6db0370fd6c8229,95,Huntress,,"A note card that says ""Green mushrooms are strongest, followed by yellow mushrooms, then purple mushrooms, then red flowers, then yellow flowers."" Cost: ${e://Field/cost} Gold Coins.",5,2,12,10,8,5,2,Huntress,No,$1.00 ,5 minutes,62dea723c6db0370fd6c8229,643e94504237931b59924834,643ea3eca4eb09443f67a282,high,10,90,"""Green mushrooms are strongest, followed by yellow mushrooms, then purple mushrooms, then red flowers, then yellow flowers.""",85,85
4/18/23 8:09,4/18/23 8:12,IP Address,*******,100,154,TRUE,4/18/23 8:12,R_sbNe0LtdI1RXNol,*******,*******,*******,*******,*******,*******,anonymous,EN,I consent,62be632336006d96574e22ef,95,Wizard,"A note card that says ""Green mushrooms are strongest, followed by yellow mushrooms, then purple mushrooms, then red flowers, then yellow flowers."" Cost: ${e://Field/cost} Gold Coins.",,10,1,9,8,6,2,1,Wizard,,$1.00 ,5 minutes,62be632336006d96574e22ef,643e94504237931b59924833,643ea49d074b0f0c9f6b6745,low,10,90,"""Green mushrooms are strongest, followed by yellow mushrooms, then purple mushrooms, then red flowers, then yellow flowers.""",80,80
4/18/23 8:08,4/18/23 8:12,IP Address,*******,100,235,TRUE,4/18/23 8:12,R_r9K8sgwpETW005b,*******,*******,*******,*******,*******,*******,anonymous,EN,I consent,5f331fb84158171233e6f0a3,95,Warrior,"A note card that says ""Mushrooms are stronger than flowers."" Cost: 10 Gold Coins.",,8,2,9,8,7,2,1,Warrior,nope,$1.00 ,5 minutes,5f331fb84158171233e6f0a3,643e94504237931b59924833,643ea44f2bdcfad14793bde9,low,20,90,"""Mushrooms are stronger than flowers.""",82,92
4/18/23 8:06,4/18/23 8:12,IP Address,*******,100,382,TRUE,4/18/23 8:12,R_27UMuFfc1ByijKQ,*******,*******,*******,*******,*******,*******,anonymous,EN,I consent,609988bc8fb57fd6afdeaa9f,95,Siren,,"A note card that says ""Mushrooms are stronger than flowers."" Cost: 10 Gold Coins.",5,1,12,8,4,3,0,Siren,No,$1.00 ,5 minutes,609988bc8fb57fd6afdeaa9f,643e94504237931b59924834,643ea3b822cd64965dab1b2e,high,12,90,"""Mushrooms are stronger than flowers.""",85,95
4/18/23 8:09,4/18/23 8:12,IP Address,*******,100,182,TRUE,4/18/23 8:12,R_3pmXMlPZnNnxkrw,*******,*******,*******,*******,*******,*******,anonymous,EN,I consent,6143c28b6d84339f28982fb5,95,Warrior,,"A note card that says ""Green mushrooms are strongest, followed by yellow mushrooms, then purple mushrooms, then red flowers, then yellow flowers."" Cost: ${e://Field/cost} Gold Coins.",6,1,12,8,4,3,0,Warrior,,$1.00 ,5 minutes,6143c28b6d84339f28982fb5,643e94504237931b59924833,643ea4947067da40717eb61b,high,10,90,"""Green mushrooms are strongest, followed by yellow mushrooms, then purple mushrooms, then red flowers, then yellow flowers.""",84,94
4/18/23 8:06,4/18/23 8:13,IP Address,*******,100,394,TRUE,4/18/23 8:13,R_scDDFoISI5Kxgt3,*******,*******,*******,*******,*******,*******,anonymous,EN,I consent,62b5beb2634df44537eb05c3,150,Huntress,"A note card that says ""Mushrooms are stronger than flowers."" Cost: 10 Gold Coins.",,10,2,12,10,8,6,2,Huntress,no,$1.00 ,5 minutes,62b5beb2634df44537eb05c3,643e94504237931b59924834,643ea3e69bc016d231929f30,low,20,90,"""Mushrooms are stronger than flowers.""",80,80
4/18/23 8:09,4/18/23 8:13,IP Address,*******,100,213,TRUE,4/18/23 8:13,R_2ZPSlZJAVtxYrsY,*******,*******,*******,*******,*******,*******,anonymous,EN,I consent,5fea7e34e1506a5df25419ec,95,Bard,,"A note card that says ""Green mushrooms are strongest, followed by yellow mushrooms, then purple mushrooms, then red flowers, then yellow flowers."" Cost: ${e://Field/cost} Gold Coins.",4,1,12,8,3,1,0,Bard,,$1.00 ,5 minutes,5fea7e34e1506a5df25419ec,643e94504237931b59924834,643ea4aea4af393dd3f096e0,high,10,90,"""Green mushrooms are strongest, followed by yellow mushrooms, then purple mushrooms, then red flowers, then yellow flowers.""",86,86
4/18/23 8:10,4/18/23 8:14,IP Address,*******,100,246,TRUE,4/18/23 8:14,R_2pLIlhZmpsiXNzi,*******,*******,*******,*******,*******,*******,anonymous,EN,I consent,58e558cc728bea0001bbda24,95,Wizard,"A note card that says ""Green mushrooms are strongest, followed by yellow mushrooms, then purple mushrooms, then red flowers, then yellow flowers."" Cost: ${e://Field/cost} Gold Coins.",,1,1,9,8,7,2,1,Wizard,no,$1.00 ,5 minutes,58e558cc728bea0001bbda24,643e94504237931b59924834,643ea4bf2dc9ee58fabb4ef9,low,20,80,"""Green mushrooms are strongest, followed by yellow mushrooms, then purple mushrooms, then red flowers, then yellow flowers.""",79,89
4/18/23 8:06,4/18/23 8:14,IP Address,*******,100,461,TRUE,4/18/23 8:14,R_UVBIOndP1F4LnnH,*******,*******,*******,*******,*******,*******,anonymous,EN,I consent,637e4fc1594d2ded19f7e071,10,Bard,"A note card that says ""Mushrooms are stronger than flowers."" Cost: 10 Gold Coins.",,7,-1,9,8,7,2,1,Bard,No,$1.00 ,5 minutes,637e4fc1594d2ded19f7e071,643e94504237931b59924834,643ea38bb0342f9f9dbcea5c,low,20,90,"""Mushrooms are stronger than flowers.""",83,93
4/18/23 8:08,4/18/23 8:14,IP Address,*******,100,355,TRUE,4/18/23 8:14,R_2YKRblN06xqc7aw,*******,*******,*******,*******,*******,*******,anonymous,EN,I consent,5a3bf28afbc64300010a2530,10,Wizard,,"A note card that says ""Green mushrooms are strongest, followed by yellow mushrooms, then purple mushrooms, then red flowers, then yellow flowers."" Cost: ${e://Field/cost} Gold Coins.",8,2,12,8,4,3,0,Wizard,"Reading the directions of how the game works, I had to reread that a few times which is what allowed me to memorize the remedy and strength chart.",$1.00 ,5 minutes,5a3bf28afbc64300010a2530,643e94504237931b59924834,643ea467b172ac400d2cf2d3,high,12,88,"""Green mushrooms are strongest, followed by yellow mushrooms, then purple mushrooms, then red flowers, then yellow flowers.""",80,90
4/18/23 8:09,4/18/23 8:14,IP Address,*******,100,339,TRUE,4/18/23 8:14,R_22n4cq9V74fhOhg,*******,*******,*******,*******,*******,*******,anonymous,EN,I consent,63d8d641a5a265b01a28716c,95,Siren,"A note card that says ""Green mushrooms are strongest, followed by yellow mushrooms, then purple mushrooms, then red flowers, then yellow flowers."" Cost: ${e://Field/cost} Gold Coins.",,5,3,9,8,7,2,1,Siren,,$1.00 ,5 minutes,63d8d641a5a265b01a28716c,643e94504237931b59924834,643ea47b0cd3aa742a98ed82,low,12,88,"""Green mushrooms are strongest, followed by yellow mushrooms, then purple mushrooms, then red flowers, then yellow flowers.""",83,93
4/18/23 8:14,4/18/23 8:16,IP Address,*******,100,113,TRUE,4/18/23 8:16,R_pt3mUQGYE3i0Gpb,*******,*******,*******,*******,*******,*******,anonymous,EN,I consent,62fe6312269d0e4ae894297b,95,Wizard,,"A note card that says ""Green mushrooms are strongest, followed by yellow mushrooms, then purple mushrooms, then red flowers, then yellow flowers."" Cost: ${e://Field/cost} Gold Coins.",5,2,12,8,4,0,3,Wizard,no,$1.00 ,5 minutes,62fe6312269d0e4ae894297b,643e94504237931b59924833,643ea5adfffda6acdc47efd5,high,10,90,"""Green mushrooms are strongest, followed by yellow mushrooms, then purple mushrooms, then red flowers, then yellow flowers.""",85,85
4/18/23 8:14,4/18/23 8:16,IP Address,*******,100,99,TRUE,4/18/23 8:16,R_XNwFHOPTCjsCInf,*******,*******,*******,*******,*******,*******,anonymous,EN,I consent,5c590bfb91c0ad0001d00c59,95,Huntress,"A note card that says ""Green mushrooms are strongest, followed by yellow mushrooms, then purple mushrooms, then red flowers, then yellow flowers."" Cost: ${e://Field/cost} Gold Coins.",,10,1,12,9,8,8,7,Huntress,no,$1.00 ,5 minutes,5c590bfb91c0ad0001d00c59,643e94504237931b59924834,643ea3ff5d67a49e32182338,low,10,90,"""Green mushrooms are strongest, followed by yellow mushrooms, then purple mushrooms, then red flowers, then yellow flowers.""",80,80
4/18/23 8:12,4/18/23 8:16,IP Address,*******,100,242,TRUE,4/18/23 8:16,R_2QKu4ZFkjxHyyZ4,*******,*******,*******,*******,*******,*******,anonymous,EN,I consent,5ff21e8299e7cf6d2d1a7f13,95,Huntress,"A note card that says ""Mushrooms are stronger than flowers."" Cost: 10 Gold Coins.",,1,1,12,10,8,4,1,Huntress,,$1.00 ,5 minutes,5ff21e8299e7cf6d2d1a7f13,643e94504237931b59924833,643ea5540475b86faa67a269,low,12,90,"""Mushrooms are stronger than flowers.""",89,89
4/18/23 8:10,4/18/23 8:17,IP Address,*******,100,442,TRUE,4/18/23 8:17,R_1DpWewqcMGE3PEE,*******,*******,*******,*******,*******,*******,anonymous,EN,I consent,5f2d95153c1140074cc81b4c,95,Huntress,,"A note card that says ""Green mushrooms are strongest, followed by yellow mushrooms, then purple mushrooms, then red flowers, then yellow flowers."" Cost: ${e://Field/cost} Gold Coins.",5,1,6,5,4,3,0,Huntress,,$1.00 ,5 minutes,5f2d95153c1140074cc81b4c,643e94504237931b59924834,643ea4bba5963d49d26dee60,high,12,88,"""Green mushrooms are strongest, followed by yellow mushrooms, then purple mushrooms, then red flowers, then yellow flowers.""",83,83
4/18/23 8:13,4/18/23 8:17,IP Address,*******,100,238,TRUE,4/18/23 8:17,R_ANyEQ5yzW1zeezL,*******,*******,*******,*******,*******,*******,anonymous,EN,I consent,5ea96c3da01cad04cfea50b6,95,Huntress,,"A note card that says ""Mushrooms are stronger than flowers."" Cost: 10 Gold Coins.",4,-1,12,8,4,3,0,Huntress,,$1.00 ,5 minutes,5ea96c3da01cad04cfea50b6,643e94504237931b59924834,643ea5862263268f33012849,high,20,90,"""Mushrooms are stronger than flowers.""",86,96
4/18/23 8:14,4/18/23 8:17,IP Address,*******,100,195,TRUE,4/18/23 8:17,R_3m9I7sYY1p5dpdO,*******,*******,*******,*******,*******,*******,anonymous,EN,I consent,633c2576bb250e8f0da2be0a,95,Wizard,,"A note card that says ""Green mushrooms are strongest, followed by yellow mushrooms, then purple mushrooms, then red flowers, then yellow flowers."" Cost: ${e://Field/cost} Gold Coins.",8,2,10,8,6,2,0,Wizard,,$1.00 ,5 minutes,633c2576bb250e8f0da2be0a,643e94504237931b59924833,643ea5bcfc6a9bd9050127ee,high,10,90,"""Green mushrooms are strongest, followed by yellow mushrooms, then purple mushrooms, then red flowers, then yellow flowers.""",82,82
4/18/23 8:13,4/18/23 8:17,IP Address,*******,100,239,TRUE,4/18/23 8:17,R_2aqVuE3hhhVFZ9S,*******,*******,*******,*******,*******,*******,anonymous,EN,I consent,5f2a3a675f057c2215c7cc29,90,Bard,,"A note card that says ""Green mushrooms are strongest, followed by yellow mushrooms, then purple mushrooms, then red flowers, then yellow flowers."" Cost: ${e://Field/cost} Gold Coins.",6,1,10,8,6,3,0,Bard,,$1.00 ,5 minutes,5f2a3a675f057c2215c7cc29,643e94504237931b59924834,643ea58848bbf3967c5ec963,high,12,88,"""Green mushrooms are strongest, followed by yellow mushrooms, then purple mushrooms, then red flowers, then yellow flowers.""",82,82
4/18/23 8:12,4/18/23 8:17,IP Address,*******,100,308,TRUE,4/18/23 8:17,R_1eXK4Y33OPsV1KB,*******,*******,*******,*******,*******,*******,anonymous,EN,I consent,620bdf8ca922fc3f247f7161,95,Wizard,"A note card that says ""Mushrooms are stronger than flowers."" Cost: 10 Gold Coins.",,8,2,9,8,7,2,1,Wizard,,$1.00 ,5 minutes,620bdf8ca922fc3f247f7161,643e94504237931b59924834,643ea55bf398ccfbe1dcc851,low,12,90,"""Mushrooms are stronger than flowers.""",82,92
4/18/23 8:13,4/18/23 8:17,IP Address,*******,100,276,TRUE,4/18/23 8:17,R_3Jy1URj1uIPxwbz,*******,*******,*******,*******,*******,*******,anonymous,EN,I consent,64135dd973059ee343197fef,95,Siren,"A note card that says ""Green mushrooms are strongest, followed by yellow mushrooms, then purple mushrooms, then red flowers, then yellow flowers."" Cost: ${e://Field/cost} Gold Coins.",,8,1,9,8,7,2,1,Siren,"No, actually the survey was fun.",$1.00 ,5 minutes,64135dd973059ee343197fef,643e94504237931b59924834,643ea57ee5d1e73293eea9b3,low,20,80,"""Green mushrooms are strongest, followed by yellow mushrooms, then purple mushrooms, then red flowers, then yellow flowers.""",72,82
4/18/23 8:13,4/18/23 8:18,IP Address,*******,100,325,TRUE,4/18/23 8:18,R_2a8D7juKiUH4IGO,*******,*******,*******,*******,*******,*******,anonymous,EN,I consent,5d38fb96a2087f0019272bc0,95,Huntress,"A note card that says ""Mushrooms are stronger than flowers."" Cost: 10 Gold Coins.",,5,1,9,8,7,2,1,Huntress,no,$1.00 ,5 minutes,5d38fb96a2087f0019272bc0,643e94504237931b59924834,643ea57ef3ddec821993bded,low,20,90,"""Mushrooms are stronger than flowers.""",85,95
4/18/23 8:05,4/18/23 8:18,IP Address,*******,100,822,TRUE,4/18/23 8:18,R_2f8orhUO8Wyybft,*******,*******,*******,*******,*******,*******,anonymous,EN,I consent,5f9ad972c3a1dd24704dd558,90,Siren,,"A note card that says ""Mushrooms are stronger than flowers."" Cost: 10 Gold Coins.",8,2,12,8,4,3,0,Siren,no,$1.00 ,5 minutes,5f9ad972c3a1dd24704dd558,643e94504237931b59924834,643ea394bab19d86aeab1b30,high,20,90,"""Mushrooms are stronger than flowers.""",82,92
4/18/23 8:04,4/18/23 8:19,IP Address,*******,100,905,TRUE,4/18/23 8:19,R_UflzlQv05ONoP5L,*******,*******,*******,*******,*******,*******,anonymous,EN,I consent,5588d532fdf99b304ee567b9,95,Huntress,"A note card that says ""Green mushrooms are strongest, followed by yellow mushrooms, then purple mushrooms, then red flowers, then yellow flowers."" Cost: ${e://Field/cost} Gold Coins.",,8,3,9,8,6,3,2,Huntress,,$1.00 ,5 minutes,5588d532fdf99b304ee567b9,643e94504237931b59924833,643ea34f656e825eaab3bc3a,low,10,90,"""Green mushrooms are strongest, followed by yellow mushrooms, then purple mushrooms, then red flowers, then yellow flowers.""",82,82
4/18/23 8:14,4/18/23 8:19,IP Address,*******,100,310,TRUE,4/18/23 8:19,R_xaZglSZ8TeSoKlj,*******,*******,*******,*******,*******,*******,anonymous,EN,I consent,6236fe0ee063333a3e1ba72a,86,Siren,"A note card that says ""Green mushrooms are strongest, followed by yellow mushrooms, then purple mushrooms, then red flowers, then yellow flowers."" Cost: ${e://Field/cost} Gold Coins.",,4,1,10,8,5,3,6,Siren,,$1.00 ,5 minutes,6236fe0ee063333a3e1ba72a,643e94504237931b59924834,643ea5a70ef5c01a02ef51ad,low,20,80,"""Green mushrooms are strongest, followed by yellow mushrooms, then purple mushrooms, then red flowers, then yellow flowers.""",76,76
4/18/23 8:17,4/18/23 8:19,IP Address,*******,100,137,TRUE,4/18/23 8:19,R_3IQuKagzY2OxLOg,*******,*******,*******,*******,*******,*******,anonymous,EN,I consent,5bda12b600c1c4000155cb87,95,Siren,,"A note card that says ""Green mushrooms are strongest, followed by yellow mushrooms, then purple mushrooms, then red flowers, then yellow flowers."" Cost: ${e://Field/cost} Gold Coins.",3,2,12,8,6,3,2,Siren,n/a,$1.00 ,5 minutes,5bda12b600c1c4000155cb87,643e94504237931b59924834,643ea651853dda0bd2a17fb9,high,10,90,"""Green mushrooms are strongest, followed by yellow mushrooms, then purple mushrooms, then red flowers, then yellow flowers.""",87,87
4/18/23 8:16,4/18/23 8:19,IP Address,*******,100,155,TRUE,4/18/23 8:19,R_3p8QOhxN0ROIbif,*******,*******,*******,*******,*******,*******,anonymous,EN,I consent,631916c5e920aea5076777b0,95,Bard,"A note card that says ""Mushrooms are stronger than flowers."" Cost: 10 Gold Coins.",,12,1,12,10,9,2,1,Bard,,$1.00 ,5 minutes,631916c5e920aea5076777b0,643e94504237931b59924833,643ea656dba8bd13f3e0cca4,low,12,90,"""Mushrooms are stronger than flowers.""",78,78
4/18/23 8:09,4/18/23 8:19,IP Address,*******,100,596,TRUE,4/18/23 8:19,R_2ZEMPFnLkw8pFV9,*******,*******,*******,*******,*******,*******,anonymous,EN,I consent,60fd97d689b7c72c5920826a,95,Wizard,,"A note card that says ""Green mushrooms are strongest, followed by yellow mushrooms, then purple mushrooms, then red flowers, then yellow flowers."" Cost: ${e://Field/cost} Gold Coins.",5,2,12,8,4,3,0,Wizard,no,$1.00 ,5 minutes,60fd97d689b7c72c5920826a,643e94504237931b59924834,643ea4a014391b38fdc0d1f8,high,10,90,"""Green mushrooms are strongest, followed by yellow mushrooms, then purple mushrooms, then red flowers, then yellow flowers.""",85,95
4/18/23 8:17,4/18/23 8:20,IP Address,*******,100,166,TRUE,4/18/23 8:20,R_3smiiXJ0HGc7IDT,*******,*******,*******,*******,*******,*******,anonymous,EN,I consent,5d8793d36c53380015139da9,95,Bard,"A note card that says ""Green mushrooms are strongest, followed by yellow mushrooms, then purple mushrooms, then red flowers, then yellow flowers."" Cost: ${e://Field/cost} Gold Coins.",,8,2,9,8,7,2,1,Bard,Nothing confusing or frustrating!,$1.00 ,5 minutes,5d8793d36c53380015139da9,643e94504237931b59924833,643ea6508bff3b58042cd1d8,low,10,90,"""Green mushrooms are strongest, followed by yellow mushrooms, then purple mushrooms, then red flowers, then yellow flowers.""",82,92
4/18/23 8:16,4/18/23 8:20,IP Address,*******,100,211,TRUE,4/18/23 8:20,R_1LvBQsB6KqgiJIa,*******,*******,*******,*******,*******,*******,anonymous,EN,I consent,6127c5e5db9bf1a49993c300,95,Wizard,,"A note card that says ""Green mushrooms are strongest, followed by yellow mushrooms, then purple mushrooms, then red flowers, then yellow flowers."" Cost: ${e://Field/cost} Gold Coins.",0,-2,12,10,6,3,0,Wizard,,$1.00 ,5 minutes,6127c5e5db9bf1a49993c300,643e94504237931b59924833,643ea63ca4f4a2a48aef5174,high,12,88,"""Green mushrooms are strongest, followed by yellow mushrooms, then purple mushrooms, then red flowers, then yellow flowers.""",88,88
4/18/23 8:15,4/18/23 8:20,IP Address,*******,100,286,TRUE,4/18/23 8:20,R_1FEXto70fV48sSA,*******,*******,*******,*******,*******,*******,anonymous,EN,I consent,63ed2fb97cf54c8edce9f1c7,95,Huntress,,"A note card that says ""Mushrooms are stronger than flowers."" Cost: 10 Gold Coins.",8,-1,12,9,7,3,0,Huntress,Nope!,$1.00 ,5 minutes,63ed2fb97cf54c8edce9f1c7,643e94504237931b59924834,643ea6047138edd695c17e5c,high,20,90,"""Mushrooms are stronger than flowers.""",82,82
4/18/23 8:18,4/18/23 8:21,IP Address,*******,100,144,TRUE,4/18/23 8:21,R_5jd3hRZIOfLhux3,*******,*******,*******,*******,*******,*******,anonymous,EN,I consent,62ddfb274cdc115e8db46ec1,95,Warrior,,"A note card that says ""Green mushrooms are strongest, followed by yellow mushrooms, then purple mushrooms, then red flowers, then yellow flowers."" Cost: ${e://Field/cost} Gold Coins.",5,2,12,8,5,3,0,Warrior,,$1.00 ,5 minutes,62ddfb274cdc115e8db46ec1,643e94504237931b59924833,643ea6c3c5a98b421d4cf8c7,high,10,90,"""Green mushrooms are strongest, followed by yellow mushrooms, then purple mushrooms, then red flowers, then yellow flowers.""",85,85
4/18/23 8:19,4/18/23 8:21,IP Address,*******,100,129,TRUE,4/18/23 8:21,R_3KIsmDvpQxEB2I9,*******,*******,*******,*******,*******,*******,anonymous,EN,I consent,56435b83942576000a66eb5d,95,Wizard,"A note card that says ""Green mushrooms are strongest, followed by yellow mushrooms, then purple mushrooms, then red flowers, then yellow flowers."" Cost: ${e://Field/cost} Gold Coins.",,8,3,9,8,7,2,1,Wizard,,$1.00 ,5 minutes,56435b83942576000a66eb5d,643e94504237931b59924833,643ea6e94ee4d77054026137,low,12,88,"""Green mushrooms are strongest, followed by yellow mushrooms, then purple mushrooms, then red flowers, then yellow flowers.""",80,90
4/18/23 8:15,4/18/23 8:21,IP Address,*******,100,370,TRUE,4/18/23 8:21,R_3Pw46LKzgOPgKw1,*******,*******,*******,*******,*******,*******,anonymous,EN,I consent,63b6c0863cac38cef51210a4,95,Huntress,,"A note card that says ""Mushrooms are stronger than flowers."" Cost: 10 Gold Coins.",6,2,12,8,6,4,0,Huntress,Nope,$1.00 ,5 minutes,63b6c0863cac38cef51210a4,643e94504237931b59924833,643ea5f86e0cfa8be4da2a14,high,12,90,"""Mushrooms are stronger than flowers.""",84,84
4/18/23 8:15,4/18/23 8:21,IP Address,*******,100,359,TRUE,4/18/23 8:21,R_WvblOe0JOdveyBz,*******,*******,*******,*******,*******,*******,anonymous,EN,I consent,5b27d79e878ec200017b0eb3,95,Wizard,"A note card that says ""Green mushrooms are strongest, followed by yellow mushrooms, then purple mushrooms, then red flowers, then yellow flowers."" Cost: ${e://Field/cost} Gold Coins.",,8,1,11,9,7,5,3,Wizard,no,$1.00 ,5 minutes,5b27d79e878ec200017b0eb3,643e94504237931b59924834,643ea60b2fe0106cedc17e7c,low,20,80,"""Green mushrooms are strongest, followed by yellow mushrooms, then purple mushrooms, then red flowers, then yellow flowers.""",72,72
4/18/23 8:16,4/18/23 8:21,IP Address,*******,100,316,TRUE,4/18/23 8:21,R_r6i66rGssgSTUkx,*******,*******,*******,*******,*******,*******,anonymous,EN,I consent,63dbf9f2f584cfa278f98718,10,Huntress,"A note card that says ""Green mushrooms are strongest, followed by yellow mushrooms, then purple mushrooms, then red flowers, then yellow flowers."" Cost: ${e://Field/cost} Gold Coins.",,7,2,9,8,7,2,1,Huntress,No,$1.00 ,5 minutes,63dbf9f2f584cfa278f98718,643e94504237931b59924834,643ea62c6820b8d4b51823bc,low,12,88,"""Green mushrooms are strongest, followed by yellow mushrooms, then purple mushrooms, then red flowers, then yellow flowers.""",81,91
4/18/23 8:18,4/18/23 8:22,IP Address,*******,100,220,TRUE,4/18/23 8:22,R_1j6XyV1HWNu8Txf,*******,*******,*******,*******,*******,*******,anonymous,EN,I consent,5ff88959d8e2f50a685a6f8e,95,Huntress,,"A note card that says ""Mushrooms are stronger than flowers."" Cost: 10 Gold Coins.",12,0,14,12,8,3,0,Huntress,Having to remember numbers,$1.00 ,5 minutes,5ff88959d8e2f50a685a6f8e,643e94504237931b59924834,643ea693972d2653383163f3,high,12,90,"""Mushrooms are stronger than flowers.""",78,78
4/18/23 8:19,4/18/23 8:22,IP Address,*******,100,174,TRUE,4/18/23 8:22,R_R48rt3Z9J6g1ZYd,*******,*******,*******,*******,*******,*******,anonymous,EN,I consent,6361482ed4c29c255c584b0f,95,Warrior,"A note card that says ""Mushrooms are stronger than flowers."" Cost: 10 Gold Coins.",,7,1,9,8,7,2,1,Warrior,No,$1.00 ,5 minutes,6361482ed4c29c255c584b0f,643e94504237931b59924833,643ea6ea7db76311193de622,low,20,90,"""Mushrooms are stronger than flowers.""",83,93
4/18/23 8:19,4/18/23 8:22,IP Address,*******,100,172,TRUE,4/18/23 8:22,R_2vf6LJyzO3EDvVL,*******,*******,*******,*******,*******,*******,anonymous,EN,I consent,64138cc5b768ae7e419a2a4e,95,Bard,,"A note card that says ""Mushrooms are stronger than flowers."" Cost: 10 Gold Coins.",8,-2,10,7,5,4,1,Bard,,$1.00 ,5 minutes,64138cc5b768ae7e419a2a4e,643e94504237931b59924833,643ea6f09b2a719f88c8c8c6,high,20,90,"""Mushrooms are stronger than flowers.""",82,82
4/18/23 8:17,4/18/23 8:22,IP Address,*******,100,297,TRUE,4/18/23 8:22,R_b7ael1zsT4rHHhv,*******,*******,*******,*******,*******,*******,anonymous,EN,I consent,63eda0711b0b8494d1661f17,95,Bard,,"A note card that says ""Mushrooms are stronger than flowers."" Cost: 10 Gold Coins.",7,0,12,8,4,3,0,Bard,No,$1.00 ,5 minutes,63eda0711b0b8494d1661f17,643e94504237931b59924833,643ea68ba4a8719ecf5e1494,high,20,90,"""Mushrooms are stronger than flowers.""",83,93
4/18/23 8:20,4/18/23 8:23,IP Address,*******,100,174,TRUE,4/18/23 8:23,R_xz142PXp1saM0JX,*******,*******,*******,*******,*******,*******,anonymous,EN,I consent,606e3ddf19540080228e3a0c,95,Siren,"A note card that says ""Green mushrooms are strongest, followed by yellow mushrooms, then purple mushrooms, then red flowers, then yellow flowers."" Cost: ${e://Field/cost} Gold Coins.",,7,2,9,8,7,2,1,Siren,,$1.00 ,5 minutes,606e3ddf19540080228e3a0c,643e94504237931b59924834,643ea713bfd7d5fd66bb4eb4,low,10,90,"""Green mushrooms are strongest, followed by yellow mushrooms, then purple mushrooms, then red flowers, then yellow flowers.""",83,93
4/18/23 8:17,4/18/23 8:23,IP Address,*******,100,332,TRUE,4/18/23 8:23,R_1Ia74TNNedkgENK,*******,*******,*******,*******,*******,*******,anonymous,EN,I consent,5ab5a51be1546900019b59ff,95,Warrior,,"A note card that says ""Green mushrooms are strongest, followed by yellow mushrooms, then purple mushrooms, then red flowers, then yellow flowers."" Cost: ${e://Field/cost} Gold Coins.",10,2,12,10,8,5,3,Warrior,,$1.00 ,5 minutes,5ab5a51be1546900019b59ff,643e94504237931b59924833,643ea67a2dc2d55f89bb4f41,high,10,90,"""Green mushrooms are strongest, followed by yellow mushrooms, then purple mushrooms, then red flowers, then yellow flowers.""",80,80
4/18/23 8:19,4/18/23 8:23,IP Address,*******,100,207,TRUE,4/18/23 8:23,R_3kCcaVzUycsbIwt,*******,*******,*******,*******,*******,*******,anonymous,EN,I consent,59b2d1e1773f41000148789e,95,Huntress,"A note card that says ""Mushrooms are stronger than flowers."" Cost: 10 Gold Coins.",,5,3,9,8,7,2,1,Huntress,"Not at all, this was a very fun survey!",$1.00 ,5 minutes,59b2d1e1773f41000148789e,643e94504237931b59924834,643ea6fd551401961b47ef62,low,12,90,"""Mushrooms are stronger than flowers.""",85,95
4/18/23 8:19,4/18/23 8:23,IP Address,*******,100,255,TRUE,4/18/23 8:23,R_3M4Z7h1PqWyNell,*******,*******,*******,*******,*******,*******,anonymous,EN,I consent,62e31131dd8b248409c9fcb3,95,Huntress,,"A note card that says ""Mushrooms are stronger than flowers."" Cost: 10 Gold Coins.",8,2,10,8,6,4,0,Huntress,,$1.00 ,5 minutes,62e31131dd8b248409c9fcb3,643e94504237931b59924834,643ea6af30a69fbb978f6768,high,20,90,"""Mushrooms are stronger than flowers.""",82,82
4/18/23 8:19,4/18/23 8:23,IP Address,*******,100,271,TRUE,4/18/23 8:23,R_2TnmeY4CAm4HEkA,*******,*******,*******,*******,*******,*******,anonymous,EN,I consent,63ea61ebeb113fbc8d6f4b76,95,Bard,"A note card that says ""Mushrooms are stronger than flowers."" Cost: 10 Gold Coins.",,7,0,9,8,7,2,1,Bard,,$1.00 ,5 minutes,63ea61ebeb113fbc8d6f4b76,643e94504237931b59924833,643ea6e20eb4880579c3185e,low,12,90,"""Mushrooms are stronger than flowers.""",83,93
4/18/23 8:16,4/18/23 8:23,IP Address,*******,100,467,TRUE,4/18/23 8:23,R_WvBEpw9loFzFnbP,*******,*******,*******,*******,*******,*******,anonymous,EN,I consent,63f5d0e9eb6cadc114ba3c47,95,Huntress,,"A note card that says ""Green mushrooms are strongest, followed by yellow mushrooms, then purple mushrooms, then red flowers, then yellow flowers."" Cost: ${e://Field/cost} Gold Coins.",8,-2,12,8,4,3,0,Huntress,"No, was just hard a bit lol",$1.00 ,5 minutes,63f5d0e9eb6cadc114ba3c47,643e94504237931b59924834,643ea621651777c3ac2cd1d2,high,10,90,"""Green mushrooms are strongest, followed by yellow mushrooms, then purple mushrooms, then red flowers, then yellow flowers.""",82,92
4/18/23 8:18,4/18/23 8:23,IP Address,*******,100,311,TRUE,4/18/23 8:23,R_3sBrKGo310BeSKE,*******,*******,*******,*******,*******,*******,anonymous,EN,I consent,5fa61868040ad62058998acd,95,Huntress,,"A note card that says ""Green mushrooms are strongest, followed by yellow mushrooms, then purple mushrooms, then red flowers, then yellow flowers."" Cost: ${e://Field/cost} Gold Coins.",8,1,10,8,6,3,0,Huntress,,$1.00 ,5 minutes,5fa61868040ad62058998acd,643e94504237931b59924834,643ea6b931abbe2dbe012825,high,10,90,"""Green mushrooms are strongest, followed by yellow mushrooms, then purple mushrooms, then red flowers, then yellow flowers.""",82,82
4/18/23 8:13,4/18/23 8:24,IP Address,*******,100,639,TRUE,4/18/23 8:24,R_1rvkMVtxtgOWGOp,*******,*******,*******,*******,*******,*******,anonymous,EN,I consent,63c33dbeafd7d78af44209d5,4,Warrior,"A note card that says ""Mushrooms are stronger than flowers."" Cost: 10 Gold Coins.",,20,3,20,20,20,10,10,Warrior,no,$1.00 ,5 minutes,63c33dbeafd7d78af44209d5,643e94504237931b59924833,643ea56bb504b82479edf8b1,low,20,90,"""Mushrooms are stronger than flowers.""",70,70
4/18/23 8:17,4/18/23 8:24,IP Address,*******,100,396,TRUE,4/18/23 8:24,R_2cCWfYVcU8mEdtU,*******,*******,*******,*******,*******,*******,anonymous,EN,I consent,63ced3c0359659b8efef0022,95,Siren,"A note card that says ""Green mushrooms are strongest, followed by yellow mushrooms, then purple mushrooms, then red flowers, then yellow flowers."" Cost: ${e://Field/cost} Gold Coins.",,3,2,8,7,5,3,2,Siren,no,$1.00 ,5 minutes,63ced3c0359659b8efef0022,643e94504237931b59924834,643ea67b80e3543dbbb3bc84,low,10,90,"""Green mushrooms are strongest, followed by yellow mushrooms, then purple mushrooms, then red flowers, then yellow flowers.""",87,87
4/18/23 8:21,4/18/23 8:24,IP Address,*******,100,158,TRUE,4/18/23 8:24,R_yrwO2uyZpSodxAJ,*******,*******,*******,*******,*******,*******,anonymous,EN,I consent,5dee8ee31255595293a9906b,95,Wizard,"A note card that says ""Green mushrooms are strongest, followed by yellow mushrooms, then purple mushrooms, then red flowers, then yellow flowers."" Cost: ${e://Field/cost} Gold Coins.",,7,1,9,8,7,4,3,Wizard,no,$1.00 ,5 minutes,5dee8ee31255595293a9906b,643e94504237931b59924833,643ea773eefa394f02600bb5,low,12,88,"""Green mushrooms are strongest, followed by yellow mushrooms, then purple mushrooms, then red flowers, then yellow flowers.""",81,81
4/18/23 8:20,4/18/23 8:24,IP Address,*******,100,215,TRUE,4/18/23 8:24,R_2Xh5TibyNF3en2J,*******,*******,*******,*******,*******,*******,anonymous,EN,I consent,5d0f9b5a905351000124f56c,95,Huntress,,"A note card that says ""Mushrooms are stronger than flowers."" Cost: 10 Gold Coins.",8,0,12,8,4,3,0,Huntress,No,$1.00 ,5 minutes,5d0f9b5a905351000124f56c,643e94504237931b59924834,643ea7455d649b28036dee17,high,20,90,"""Mushrooms are stronger than flowers.""",82,92
4/18/23 8:23,4/18/23 8:25,IP Address,*******,100,129,TRUE,4/18/23 8:25,R_xm8ol4qW2TT161z,*******,*******,*******,*******,*******,*******,anonymous,EN,I consent,548491acfdf99b0379939cc0,95,Wizard,,"A note card that says ""Green mushrooms are strongest, followed by yellow mushrooms, then purple mushrooms, then red flowers, then yellow flowers."" Cost: ${e://Field/cost} Gold Coins.",10,2,10,8,4,2,1,Wizard,,$1.00 ,5 minutes,548491acfdf99b0379939cc0,643e94504237931b59924834,643ea7eccea6da3e584b4f28,high,20,80,"""Green mushrooms are strongest, followed by yellow mushrooms, then purple mushrooms, then red flowers, then yellow flowers.""",70,70
4/18/23 8:24,4/18/23 8:26,IP Address,*******,100,122,TRUE,4/18/23 8:26,R_3fIUyvXueIdiPuN,*******,*******,*******,*******,*******,*******,anonymous,EN,I consent,5d45c2d1da9cb60015aa4312,95,Huntress,"A note card that says ""Green mushrooms are strongest, followed by yellow mushrooms, then purple mushrooms, then red flowers, then yellow flowers."" Cost: ${e://Field/cost} Gold Coins.",,5,1,9,8,7,6,5,Huntress,no,$1.00 ,5 minutes,5d45c2d1da9cb60015aa4312,643e94504237931b59924834,643ea800b5c4e4f1e24d008c,low,12,88,"""Green mushrooms are strongest, followed by yellow mushrooms, then purple mushrooms, then red flowers, then yellow flowers.""",83,83
4/18/23 8:24,4/18/23 8:26,IP Address,*******,100,115,TRUE,4/18/23 8:26,R_2xQnb1moXCGPN5B,*******,*******,*******,*******,*******,*******,anonymous,EN,I consent,611bd6da73757bf5ad0ced0a,14,Huntress,,"A note card that says ""Green mushrooms are strongest, followed by yellow mushrooms, then purple mushrooms, then red flowers, then yellow flowers."" Cost: ${e://Field/cost} Gold Coins.",6,-1,5,5,5,5,5,Huntress,,$1.00 ,5 minutes,611bd6da73757bf5ad0ced0a,643e94504237931b59924834,643ea8217f2110225aeea956,high,10,90,"""Green mushrooms are strongest, followed by yellow mushrooms, then purple mushrooms, then red flowers, then yellow flowers.""",84,84
4/18/23 8:25,4/18/23 8:27,IP Address,*******,100,134,TRUE,4/18/23 8:27,R_3GfwSwlf6qpC78Z,*******,*******,*******,*******,*******,*******,anonymous,EN,I consent,558ab509fdf99b65685f024e,95,Wizard,,"A note card that says ""Green mushrooms are strongest, followed by yellow mushrooms, then purple mushrooms, then red flowers, then yellow flowers."" Cost: ${e://Field/cost} Gold Coins.",10,3,15,12,10,5,3,Wizard,,$1.00 ,5 minutes,558ab509fdf99b65685f024e,643e94504237931b59924833,643ea85d8c76e7d55937c65b,high,10,90,"""Green mushrooms are strongest, followed by yellow mushrooms, then purple mushrooms, then red flowers, then yellow flowers.""",80,80
4/18/23 8:25,4/18/23 8:28,IP Address,*******,100,144,TRUE,4/18/23 8:28,R_SPFNHY6IGlpprqx,*******,*******,*******,*******,*******,*******,anonymous,EN,I consent,64138fef828781f0cb2d3be8,95,Wizard,,"A note card that says ""Green mushrooms are strongest, followed by yellow mushrooms, then purple mushrooms, then red flowers, then yellow flowers."" Cost: ${e://Field/cost} Gold Coins.",8,2,12,8,4,3,0,Wizard,no,$1.00 ,5 minutes,64138fef828781f0cb2d3be8,643e94504237931b59924833,643ea85e8784758d2637c668,high,20,80,"""Green mushrooms are strongest, followed by yellow mushrooms, then purple mushrooms, then red flowers, then yellow flowers.""",72,82
4/18/23 8:26,4/18/23 8:28,IP Address,*******,100,157,TRUE,4/18/23 8:28,R_wTLRUpdhsExCljP,*******,*******,*******,*******,*******,*******,anonymous,EN,I consent,6245c8c532cdc22633ecbf3f,95,Wizard,"A note card that says ""Green mushrooms are strongest, followed by yellow mushrooms, then purple mushrooms, then red flowers, then yellow flowers."" Cost: ${e://Field/cost} Gold Coins.",,10,2,10,8,7,6,5,Wizard,,$1.00 ,5 minutes,6245c8c532cdc22633ecbf3f,643e94504237931b59924833,643ea874d96a8c3bb0a15b54,low,10,90,"""Green mushrooms are strongest, followed by yellow mushrooms, then purple mushrooms, then red flowers, then yellow flowers.""",80,80
4/18/23 8:25,4/18/23 8:28,IP Address,*******,100,185,TRUE,4/18/23 8:28,R_2EsGUzmfohqKKjb,*******,*******,*******,*******,*******,*******,anonymous,EN,I consent,62a8ee3245fd70e219ad2aeb,95,Huntress,,"A note card that says ""Mushrooms are stronger than flowers."" Cost: 10 Gold Coins.",10,1,12,8,4,3,0,Huntress,,$1.00 ,5 minutes,62a8ee3245fd70e219ad2aeb,643e94504237931b59924834,643ea85f151851c866797f48,high,20,90,"""Mushrooms are stronger than flowers.""",80,90
4/18/23 8:26,4/18/23 8:28,IP Address,*******,100,136,TRUE,4/18/23 8:28,R_2diMVxU3aziPKvE,*******,*******,*******,*******,*******,*******,anonymous,EN,I consent,62b266be3221a796f6ec80a7,95,Wizard,"A note card that says ""Green mushrooms are strongest, followed by yellow mushrooms, then purple mushrooms, then red flowers, then yellow flowers."" Cost: ${e://Field/cost} Gold Coins.",,6,1,9,7,6,2,1,Wizard,No,$1.00 ,5 minutes,62b266be3221a796f6ec80a7,643e94504237931b59924833,643ea89aa4df442a6f70c8f8,low,12,88,"""Green mushrooms are strongest, followed by yellow mushrooms, then purple mushrooms, then red flowers, then yellow flowers.""",82,82
4/18/23 8:23,4/18/23 8:29,IP Address,*******,100,340,TRUE,4/18/23 8:29,R_2AZS5IBHNcMdaf9,*******,*******,*******,*******,*******,*******,anonymous,EN,I consent,63b5cb851b4ecdfcf20e92bd,95,Wizard,"A note card that says ""Green mushrooms are strongest, followed by yellow mushrooms, then purple mushrooms, then red flowers, then yellow flowers."" Cost: ${e://Field/cost} Gold Coins.",,6,0,9,8,7,2,1,Wizard,no,$1.00 ,5 minutes,63b5cb851b4ecdfcf20e92bd,643e94504237931b59924833,643ea7d17db76311193de636,low,12,88,"""Green mushrooms are strongest, followed by yellow mushrooms, then purple mushrooms, then red flowers, then yellow flowers.""",82,92
4/18/23 8:26,4/18/23 8:29,IP Address,*******,100,138,TRUE,4/18/23 8:29,R_1mpYwdve19Z2zXu,*******,*******,*******,*******,*******,*******,anonymous,EN,I consent,5eea591930ca5f0ddaa75a7f,95,Wizard,"A note card that says ""Mushrooms are stronger than flowers."" Cost: 10 Gold Coins.",,20,3,10,9,7,2,1,Wizard,No,$1.00 ,5 minutes,5eea591930ca5f0ddaa75a7f,643e94504237931b59924833,643ea8a10ded2861c36dee7a,low,12,90,"""Mushrooms are stronger than flowers.""",70,70
4/18/23 8:26,4/18/23 8:29,IP Address,*******,100,150,TRUE,4/18/23 8:29,R_1opseRU26bM4YAA,*******,*******,*******,*******,*******,*******,anonymous,EN,I consent,611c4b67ef5ef50313395ffb,95,Wizard,,"A note card that says ""Green mushrooms are strongest, followed by yellow mushrooms, then purple mushrooms, then red flowers, then yellow flowers."" Cost: ${e://Field/cost} Gold Coins.",5,0,10,6,5,4,3,Wizard,I couldn't remember the points for each item,$1.00 ,5 minutes,611c4b67ef5ef50313395ffb,643e94504237931b59924834,643ea8a0d82cb51c0a1782e0,high,20,80,"""Green mushrooms are strongest, followed by yellow mushrooms, then purple mushrooms, then red flowers, then yellow flowers.""",75,75
4/18/23 8:27,4/18/23 8:29,IP Address,*******,100,158,TRUE,4/18/23 8:29,R_vNtjzfdypg08PMl,*******,*******,*******,*******,*******,*******,anonymous,EN,I consent,63d569384ae2cf6d4dce7c32,95,Wizard,,"A note card that says ""Green mushrooms are strongest, followed by yellow mushrooms, then purple mushrooms, then red flowers, then yellow flowers."" Cost: ${e://Field/cost} Gold Coins.",8,1,12,8,4,3,0,Wizard,,$1.00 ,5 minutes,63d569384ae2cf6d4dce7c32,643e94504237931b59924834,643ea8b5f7d6f376e3dcc82d,high,10,90,"""Green mushrooms are strongest, followed by yellow mushrooms, then purple mushrooms, then red flowers, then yellow flowers.""",82,92
4/18/23 8:24,4/18/23 8:30,IP Address,*******,100,332,TRUE,4/18/23 8:30,R_PvzlwrP81b6uNa1,*******,*******,*******,*******,*******,*******,anonymous,EN,I consent,63daf03a09f486d6bf71fdbe,95,Warrior,,"A note card that says ""Green mushrooms are strongest, followed by yellow mushrooms, then purple mushrooms, then red flowers, then yellow flowers."" Cost: ${e://Field/cost} Gold Coins.",5,1,12,8,5,3,0,Warrior,no,$1.00 ,5 minutes,63daf03a09f486d6bf71fdbe,643e94504237931b59924833,643ea81eabe78e2804e12a7b,high,20,80,"""Green mushrooms are strongest, followed by yellow mushrooms, then purple mushrooms, then red flowers, then yellow flowers.""",75,75
4/18/23 8:28,4/18/23 8:31,IP Address,*******,100,179,TRUE,4/18/23 8:31,R_1MSXtv3RP1WDRQy,*******,*******,*******,*******,*******,*******,anonymous,EN,I consent,5d8d5cc4c83a770013213a84,95,Bard,,"A note card that says ""Green mushrooms are strongest, followed by yellow mushrooms, then purple mushrooms, then red flowers, then yellow flowers."" Cost: ${e://Field/cost} Gold Coins.",8,2,12,10,8,4,0,Bard,Nope! Very straightforward and fun.,$1.00 ,5 minutes,5d8d5cc4c83a770013213a84,643e94504237931b59924834,643ea90661b4f1ca55ef515d,high,10,90,"""Green mushrooms are strongest, followed by yellow mushrooms, then purple mushrooms, then red flowers, then yellow flowers.""",82,82
4/18/23 8:28,4/18/23 8:31,IP Address,*******,100,184,TRUE,4/18/23 8:31,R_1kY4rXgNdYRZ94F,*******,*******,*******,*******,*******,*******,anonymous,EN,I consent,578678f6900cc80001d2dea5,95,Siren,"A note card that says ""Green mushrooms are strongest, followed by yellow mushrooms, then purple mushrooms, then red flowers, then yellow flowers."" Cost: ${e://Field/cost} Gold Coins.",,7,2,12,10,8,6,4,Siren,no,$1.00 ,5 minutes,578678f6900cc80001d2dea5,643e94504237931b59924834,643ea90e96ccdc8f696b6729,low,12,88,"""Green mushrooms are strongest, followed by yellow mushrooms, then purple mushrooms, then red flowers, then yellow flowers.""",81,81
4/18/23 8:28,4/18/23 8:31,IP Address,*******,100,170,TRUE,4/18/23 8:31,R_3h9dtNB0SQcMDCe,*******,*******,*******,*******,*******,*******,anonymous,EN,I consent,63bdca1d2ed8f09b80048248,95,Warrior,"A note card that says ""Green mushrooms are strongest, followed by yellow mushrooms, then purple mushrooms, then red flowers, then yellow flowers."" Cost: ${e://Field/cost} Gold Coins.",,10,2,9,8,7,3,1,Warrior,,$1.00 ,5 minutes,63bdca1d2ed8f09b80048248,643e94504237931b59924833,643ea91fbb124f6426929f2e,low,10,90,"""Green mushrooms are strongest, followed by yellow mushrooms, then purple mushrooms, then red flowers, then yellow flowers.""",80,80
4/18/23 8:28,4/18/23 8:31,IP Address,*******,100,211,TRUE,4/18/23 8:31,R_2rNHXXSpfINNVIO,*******,*******,*******,*******,*******,*******,anonymous,EN,I consent,614f39b82ccdbdd51c76cc50,95,Warrior,"A note card that says ""Green mushrooms are strongest, followed by yellow mushrooms, then purple mushrooms, then red flowers, then yellow flowers."" Cost: ${e://Field/cost} Gold Coins.",,12,-2,9,8,7,3,1,Warrior,,$1.00 ,5 minutes,614f39b82ccdbdd51c76cc50,643e94504237931b59924833,643ea8fbac253c0cd3caf1c4,low,20,80,"""Green mushrooms are strongest, followed by yellow mushrooms, then purple mushrooms, then red flowers, then yellow flowers.""",68,68
4/18/23 8:28,4/18/23 8:31,IP Address,*******,100,186,TRUE,4/18/23 8:32,R_sNWku9M9uU2Yznz,*******,*******,*******,*******,*******,*******,anonymous,EN,I consent,6310fb579e8bf7cb9c22cd89,95,Siren,,"A note card that says ""Green mushrooms are strongest, followed by yellow mushrooms, then purple mushrooms, then red flowers, then yellow flowers."" Cost: ${e://Field/cost} Gold Coins.",8,3,12,10,8,6,0,Siren,,$1.00 ,5 minutes,6310fb579e8bf7cb9c22cd89,643e94504237931b59924834,643ea91978c835e72bfa6ec1,high,12,88,"""Green mushrooms are strongest, followed by yellow mushrooms, then purple mushrooms, then red flowers, then yellow flowers.""",80,80
4/18/23 8:29,4/18/23 8:32,IP Address,*******,100,167,TRUE,4/18/23 8:32,R_3mmlSF1U7maiBfi,*******,*******,*******,*******,*******,*******,anonymous,EN,I consent,63ed8b9c16f4e710f77819b8,95,Warrior,,"A note card that says ""Mushrooms are stronger than flowers."" Cost: 10 Gold Coins.",8,-3,12,10,5,3,0,Warrior,,$1.00 ,5 minutes,63ed8b9c16f4e710f77819b8,643e94504237931b59924834,643ea9356d2ee7e02c67201f,high,20,90,"""Mushrooms are stronger than flowers.""",82,82
4/18/23 8:29,4/18/23 8:32,IP Address,*******,100,144,TRUE,4/18/23 8:32,R_2xIOx7x4QMCHXCw,*******,*******,*******,*******,*******,*******,anonymous,EN,I consent,610059f9b1f5088160cc98fe,95,Wizard,"A note card that says ""Green mushrooms are strongest, followed by yellow mushrooms, then purple mushrooms, then red flowers, then yellow flowers."" Cost: ${e://Field/cost} Gold Coins.",,10,2,9,8,7,5,3,Wizard,,$1.00 ,5 minutes,610059f9b1f5088160cc98fe,643e94504237931b59924834,643ea95122a1cc0dd4cdecc7,low,10,90,"""Green mushrooms are strongest, followed by yellow mushrooms, then purple mushrooms, then red flowers, then yellow flowers.""",80,80
4/18/23 8:29,4/18/23 8:32,IP Address,*******,100,198,TRUE,4/18/23 8:32,R_xfrJYFHwwhkEu8V,*******,*******,*******,*******,*******,*******,anonymous,EN,I consent,5d305152b2cfe00019231a2a,95,Wizard,"A note card that says ""Mushrooms are stronger than flowers."" Cost: 10 Gold Coins.",,8,0,9,7,5,3,1,Wizard,No,$1.00 ,5 minutes,5d305152b2cfe00019231a2a,643e94504237931b59924833,643ea940594045a03e895a3a,low,12,90,"""Mushrooms are stronger than flowers.""",82,82
4/18/23 8:30,4/18/23 8:32,IP Address,*******,100,138,TRUE,4/18/23 8:32,R_22SvrEXjiK3yFBR,*******,*******,*******,*******,*******,*******,anonymous,EN,I consent,63d8415afd62b683c7006851,95,Huntress,"A note card that says ""Green mushrooms are strongest, followed by yellow mushrooms, then purple mushrooms, then red flowers, then yellow flowers."" Cost: ${e://Field/cost} Gold Coins.",,10,2,10,8,6,2,1,Huntress,no,$1.00 ,5 minutes,63d8415afd62b683c7006851,643e94504237931b59924833,643ea979038e5e26afca41c7,low,12,88,"""Green mushrooms are strongest, followed by yellow mushrooms, then purple mushrooms, then red flowers, then yellow flowers.""",78,78
4/18/23 8:29,4/18/23 8:33,IP Address,*******,100,242,TRUE,4/18/23 8:33,R_3DbQg9uxtcMeLwR,*******,*******,*******,*******,*******,*******,anonymous,EN,I consent,61006b12e907a16fae1a9170,95,Bard,,"A note card that says ""Mushrooms are stronger than flowers."" Cost: 10 Gold Coins.",5,1,12,8,4,3,1,Bard,No,$1.00 ,5 minutes,61006b12e907a16fae1a9170,643e94504237931b59924834,643ea93bddf0fba4b78f6761,high,20,90,"""Mushrooms are stronger than flowers.""",85,85
4/18/23 8:29,4/18/23 8:33,IP Address,*******,100,218,TRUE,4/18/23 8:33,R_2bN77wDpAT0peJ7,*******,*******,*******,*******,*******,*******,anonymous,EN,I consent,60871d664054c52f5b2741ae,95,Huntress,"A note card that says ""Green mushrooms are strongest, followed by yellow mushrooms, then purple mushrooms, then red flowers, then yellow flowers."" Cost: ${e://Field/cost} Gold Coins.",,12,-1,10,8,6,3,2,Huntress,,$1.00 ,5 minutes,60871d664054c52f5b2741ae,643e94504237931b59924834,643ea955537e3a54cb4d0089,low,12,88,"""Green mushrooms are strongest, followed by yellow mushrooms, then purple mushrooms, then red flowers, then yellow flowers.""",76,76
4/18/23 8:30,4/18/23 8:33,IP Address,*******,100,204,TRUE,4/18/23 8:33,R_DH2woyapBzz8kZr,*******,*******,*******,*******,*******,*******,anonymous,EN,I consent,5cb4df991ac046000177a887,95,Wizard,"A note card that says ""Green mushrooms are strongest, followed by yellow mushrooms, then purple mushrooms, then red flowers, then yellow flowers."" Cost: ${e://Field/cost} Gold Coins.",,9,1,10,9,8,7,6,Wizard,,$1.00 ,5 minutes,5cb4df991ac046000177a887,643e94504237931b59924833,643ea828e1626049347eb651,low,12,88,"""Green mushrooms are strongest, followed by yellow mushrooms, then purple mushrooms, then red flowers, then yellow flowers.""",79,79
4/18/23 8:31,4/18/23 8:33,IP Address,*******,100,126,TRUE,4/18/23 8:33,R_1GOERS6VtuvGysT,*******,*******,*******,*******,*******,*******,anonymous,EN,I consent,62e12eafa1f5eeafaf30f23b,95,Warrior,,"A note card that says ""Green mushrooms are strongest, followed by yellow mushrooms, then purple mushrooms, then red flowers, then yellow flowers."" Cost: ${e://Field/cost} Gold Coins.",8,1,12,8,5,3,0,Warrior,No,$1.00 ,5 minutes,62e12eafa1f5eeafaf30f23b,643e94504237931b59924833,643ea9bf6fdcfe4b5d8e510b,high,10,90,"""Green mushrooms are strongest, followed by yellow mushrooms, then purple mushrooms, then red flowers, then yellow flowers.""",82,82
4/18/23 8:31,4/18/23 8:33,IP Address,*******,100,159,TRUE,4/18/23 8:33,R_2qaWYHwFoVGy8Nf,*******,*******,*******,*******,*******,*******,anonymous,EN,I consent,5edabd929d0c9370d88ed85a,95,Wizard,,"A note card that says ""Green mushrooms are strongest, followed by yellow mushrooms, then purple mushrooms, then red flowers, then yellow flowers."" Cost: ${e://Field/cost} Gold Coins.",5,1,12,8,5,3,0,Wizard,,$1.00 ,5 minutes,5edabd929d0c9370d88ed85a,643e94504237931b59924833,643ea9a2c0aa5325f6929f7e,high,10,90,"""Green mushrooms are strongest, followed by yellow mushrooms, then purple mushrooms, then red flowers, then yellow flowers.""",85,85
4/18/23 8:29,4/18/23 8:34,IP Address,*******,100,274,TRUE,4/18/23 8:34,R_cLPCBQXtBUH138t,*******,*******,*******,*******,*******,*******,anonymous,EN,I consent,59f77d39b47dfc0001b660ea,95,Warrior,,"A note card that says ""Green mushrooms are strongest, followed by yellow mushrooms, then purple mushrooms, then red flowers, then yellow flowers."" Cost: ${e://Field/cost} Gold Coins.",10,3,18,13,10,7,5,Warrior,,$1.00 ,5 minutes,59f77d39b47dfc0001b660ea,643e94504237931b59924833,643ea949bb08290c7a9cdbd4,high,20,80,"""Green mushrooms are strongest, followed by yellow mushrooms, then purple mushrooms, then red flowers, then yellow flowers.""",70,70
4/18/23 8:23,4/18/23 8:34,IP Address,*******,100,622,TRUE,4/18/23 8:34,R_2ExXBnZCet347s8,*******,*******,*******,*******,*******,*******,anonymous,EN,I consent,56d62dc6ebdf10000667411e,95,Warrior,"A note card that says ""Green mushrooms are strongest, followed by yellow mushrooms, then purple mushrooms, then red flowers, then yellow flowers."" Cost: ${e://Field/cost} Gold Coins.",,4,2,9,8,7,2,1,Warrior,The questions and instructions were clear.  I experienced no problems with the study.,$1.00 ,5 minutes,56d62dc6ebdf10000667411e,643e94504237931b59924833,643ea7d9451437dc0d798007,low,10,90,"""Green mushrooms are strongest, followed by yellow mushrooms, then purple mushrooms, then red flowers, then yellow flowers.""",86,96
4/18/23 8:31,4/18/23 8:34,IP Address,*******,100,169,TRUE,4/18/23 8:34,R_3iQkkHaNKlVFfML,*******,*******,*******,*******,*******,*******,anonymous,EN,I consent,5edeb6440df8e515892464a2,90,Wizard,"A note card that says ""Mushrooms are stronger than flowers."" Cost: 10 Gold Coins.",,7,3,9,8,7,2,1,Wizard,,$1.00 ,5 minutes,5edeb6440df8e515892464a2,643e94504237931b59924834,643ea9cc51fad9c10967a212,low,10,90,"""Mushrooms are stronger than flowers.""",83,93
4/18/23 8:32,4/18/23 8:34,IP Address,*******,100,101,TRUE,4/18/23 8:34,R_3RmH2eC0Uu01Hft,*******,*******,*******,*******,*******,*******,anonymous,EN,I consent,5ad52dbafaa35e0001b90112,95,Huntress,,"A note card that says ""Green mushrooms are strongest, followed by yellow mushrooms, then purple mushrooms, then red flowers, then yellow flowers."" Cost: ${e://Field/cost} Gold Coins.",8,2,12,8,4,2,0,Huntress,,$1.00 ,5 minutes,5ad52dbafaa35e0001b90112,643e94504237931b59924834,643eaa10d7a64db3b731639a,high,12,88,"""Green mushrooms are strongest, followed by yellow mushrooms, then purple mushrooms, then red flowers, then yellow flowers.""",80,80
4/18/23 8:30,4/18/23 8:34,IP Address,*******,100,263,TRUE,4/18/23 8:34,R_3yBRP8N0pGjpQCl,*******,*******,*******,*******,*******,*******,anonymous,EN,I consent,5d2be08d51dbc80015b35ea4,95,Wizard,,"A note card that says ""Mushrooms are stronger than flowers."" Cost: 10 Gold Coins.",10,2,12,8,5,3,1,Wizard,N/A,$1.00 ,5 minutes,5d2be08d51dbc80015b35ea4,643e94504237931b59924833,643ea96f26659ad5d4a7d32f,high,20,90,"""Mushrooms are stronger than flowers.""",80,80
4/18/23 8:31,4/18/23 8:34,IP Address,*******,100,189,TRUE,4/18/23 8:34,R_7aIJJJNILQmNyg1,*******,*******,*******,*******,*******,*******,anonymous,EN,I consent,5d7047d764b37b0017ffa710,95,Huntress,"A note card that says ""Green mushrooms are strongest, followed by yellow mushrooms, then purple mushrooms, then red flowers, then yellow flowers."" Cost: ${e://Field/cost} Gold Coins.",,7,2,9,8,7,6,5,Huntress,,$1.00 ,5 minutes,5d7047d764b37b0017ffa710,643e94504237931b59924834,643ea79f8ae47b2506895a1d,low,20,80,"""Green mushrooms are strongest, followed by yellow mushrooms, then purple mushrooms, then red flowers, then yellow flowers.""",73,73
4/18/23 8:32,4/18/23 8:34,IP Address,*******,100,160,TRUE,4/18/23 8:34,R_3fTuD6KSDnV589t,*******,*******,*******,*******,*******,*******,anonymous,EN,I consent,573110461efe74000e308b42,95,Wizard,,"A note card that says ""Mushrooms are stronger than flowers."" Cost: 10 Gold Coins.",12,-1,12,8,5,3,0,Wizard,,$1.00 ,5 minutes,573110461efe74000e308b42,643e94504237931b59924834,643ea9eb6f8ac06beb4b4f79,high,20,90,"""Mushrooms are stronger than flowers.""",78,78
4/18/23 8:32,4/18/23 8:35,IP Address,*******,100,136,TRUE,4/18/23 8:35,R_3pb7fJZiM9UnxmH,*******,*******,*******,*******,*******,*******,anonymous,EN,I consent,63d461ae668907ea6006f43f,10,Huntress,"A note card that says ""Mushrooms are stronger than flowers."" Cost: 10 Gold Coins.",,1,-3,10,9,8,5,4,Huntress,,$1.00 ,5 minutes,63d461ae668907ea6006f43f,643e94504237931b59924833,643eaa169906d811192cf331,low,20,90,"""Mushrooms are stronger than flowers.""",89,89
4/18/23 8:31,4/18/23 8:35,IP Address,*******,100,240,TRUE,4/18/23 8:35,R_PRNaqf8eTLLEsal,*******,*******,*******,*******,*******,*******,anonymous,EN,I consent,63efd2be78899d81e1eeafdd,95,Wizard,"A note card that says ""Mushrooms are stronger than flowers."" Cost: 10 Gold Coins.",,10,1,9,8,7,2,1,Wizard,,$1.00 ,5 minutes,63efd2be78899d81e1eeafdd,643e94504237931b59924833,643ea96cb1c897922cfa6e4b,low,20,90,"""Mushrooms are stronger than flowers.""",80,90
4/18/23 8:33,4/18/23 8:35,IP Address,*******,100,122,TRUE,4/18/23 8:35,R_2dpf8dIXHdGaApS,*******,*******,*******,*******,*******,*******,anonymous,EN,I consent,62f27a3248a586b50eb6770b,95,Wizard,"A note card that says ""Mushrooms are stronger than flowers."" Cost: 10 Gold Coins.",,5,-3,8,3,7,5,2,Wizard,No,$1.00 ,5 minutes,62f27a3248a586b50eb6770b,643e94504237931b59924833,643eaa3d33d42ac11237c6cf,low,20,90,"""Mushrooms are stronger than flowers.""",85,85
4/18/23 8:32,4/18/23 8:35,IP Address,*******,100,221,TRUE,4/18/23 8:35,R_2fxqsWyDxC4ZU1c,*******,*******,*******,*******,*******,*******,anonymous,EN,I consent,6348e29c02ebee2f7dddac34,95,Warrior,"A note card that says ""Green mushrooms are strongest, followed by yellow mushrooms, then purple mushrooms, then red flowers, then yellow flowers."" Cost: ${e://Field/cost} Gold Coins.",,10,2,9,8,7,2,1,Warrior,no,$1.00 ,5 minutes,6348e29c02ebee2f7dddac34,643e94504237931b59924833,643ea9e1c93a0109625e147e,low,10,90,"""Green mushrooms are strongest, followed by yellow mushrooms, then purple mushrooms, then red flowers, then yellow flowers.""",80,90
4/18/23 8:30,4/18/23 8:35,IP Address,*******,100,329,TRUE,4/18/23 8:35,R_10uU5nEu7f9Erou,*******,*******,*******,*******,*******,*******,anonymous,EN,I consent,63f6822a71fdc9cabae0817c,95,Huntress,"A note card that says ""Mushrooms are stronger than flowers."" Cost: 10 Gold Coins.",,7,-3,9,8,7,2,1,Huntress,Nope,$1.00 ,5 minutes,63f6822a71fdc9cabae0817c,643e94504237931b59924834,643ea97b965121557e2cd197,low,12,90,"""Mushrooms are stronger than flowers.""",83,93
4/18/23 8:34,4/18/23 8:35,IP Address,*******,100,111,TRUE,4/18/23 8:35,R_2TYQCOQU1VVjMOX,*******,*******,*******,*******,*******,*******,anonymous,EN,I consent,605247e21ff59d8d1d6887fd,95,Wizard,,"A note card that says ""Green mushrooms are strongest, followed by yellow mushrooms, then purple mushrooms, then red flowers, then yellow flowers."" Cost: ${e://Field/cost} Gold Coins.",5,2,12,10,8,4,2,Wizard,,$1.00 ,5 minutes,605247e21ff59d8d1d6887fd,643e94504237931b59924833,643eaa5a8171896d852a2897,high,12,88,"""Green mushrooms are strongest, followed by yellow mushrooms, then purple mushrooms, then red flowers, then yellow flowers.""",83,83
4/18/23 8:31,4/18/23 8:35,IP Address,*******,100,265,TRUE,4/18/23 8:35,R_3fVQa8gsy4OUN0j,*******,*******,*******,*******,*******,*******,anonymous,EN,I consent,64060f1213c5c70c63c18b96,95,Siren,,"A note card that says ""Green mushrooms are strongest, followed by yellow mushrooms, then purple mushrooms, then red flowers, then yellow flowers."" Cost: ${e://Field/cost} Gold Coins.",8,3,12,8,6,2,0,Siren,No,$1.00 ,5 minutes,64060f1213c5c70c63c18b96,643e94504237931b59924834,643ea9bd5270ae3d59e0cc8c,high,10,90,"""Green mushrooms are strongest, followed by yellow mushrooms, then purple mushrooms, then red flowers, then yellow flowers.""",82,82
4/18/23 8:32,4/18/23 8:36,IP Address,*******,100,232,TRUE,4/18/23 8:36,R_2zjCe1USfTKqDZM,*******,*******,*******,*******,*******,*******,anonymous,EN,I consent,6108487bc0edf4b3267e4c37,95,Huntress,,"A note card that says ""Mushrooms are stronger than flowers."" Cost: 10 Gold Coins.",8,0,12,8,3,2,0,Huntress,,$1.00 ,5 minutes,6108487bc0edf4b3267e4c37,643e94504237931b59924834,643ea9eea4df442a6f70c93b,high,12,90,"""Mushrooms are stronger than flowers.""",82,82
4/18/23 8:33,4/18/23 8:36,IP Address,*******,100,183,TRUE,4/18/23 8:36,R_2ZUOqh8LpHgQrgi,*******,*******,*******,*******,*******,*******,anonymous,EN,I consent,5bd732dc9760e90001148cd0,95,Wizard,"A note card that says ""Mushrooms are stronger than flowers."" Cost: 10 Gold Coins.",,8,1,9,8,7,2,1,Wizard,No.,$1.00 ,5 minutes,5bd732dc9760e90001148cd0,643e94504237931b59924833,643eaa32b1c897922cfa6e60,low,12,90,"""Mushrooms are stronger than flowers.""",82,92
4/18/23 8:30,4/18/23 8:36,IP Address,*******,100,399,TRUE,4/18/23 8:36,R_1IW5swJoD2De0SD,*******,*******,*******,*******,*******,*******,anonymous,EN,I consent,55ea70c37480920010aa9982,95,Warrior,"A note card that says ""Mushrooms are stronger than flowers."" Cost: 10 Gold Coins.",,7,1,9,8,7,3,2,Warrior,No.,$1.00 ,5 minutes,55ea70c37480920010aa9982,643e94504237931b59924833,643ea970f8896d1c3dc31891,low,12,90,"""Mushrooms are stronger than flowers.""",83,83
4/18/23 8:33,4/18/23 8:36,IP Address,*******,100,211,TRUE,4/18/23 8:36,R_1dlZ858430kiH3n,*******,*******,*******,*******,*******,*******,anonymous,EN,I consent,5a36d2890006450001bf1d34,95,Huntress,"A note card that says ""Green mushrooms are strongest, followed by yellow mushrooms, then purple mushrooms, then red flowers, then yellow flowers."" Cost: ${e://Field/cost} Gold Coins.",,20,3,12,11,10,9,8,Huntress,,$1.00 ,5 minutes,5a36d2890006450001bf1d34,643e94504237931b59924834,643ea9df12c8605aa4d89def,low,20,80,"""Green mushrooms are strongest, followed by yellow mushrooms, then purple mushrooms, then red flowers, then yellow flowers.""",60,60
4/18/23 8:35,4/18/23 8:37,IP Address,*******,100,116,TRUE,4/18/23 8:37,R_2bPnhsGcI2Iy4xk,*******,*******,*******,*******,*******,*******,anonymous,EN,I consent,5b87e73d53303600015ea51c,95,Bard,,"A note card that says ""Green mushrooms are strongest, followed by yellow mushrooms, then purple mushrooms, then red flowers, then yellow flowers."" Cost: ${e://Field/cost} Gold Coins.",7,3,12,7,5,3,0,Bard,,$1.00 ,5 minutes,5b87e73d53303600015ea51c,643e94504237931b59924833,643eaa9c53dbbe769e6b6784,high,12,88,"""Green mushrooms are strongest, followed by yellow mushrooms, then purple mushrooms, then red flowers, then yellow flowers.""",81,81
4/18/23 8:34,4/18/23 8:37,IP Address,*******,100,135,TRUE,4/18/23 8:37,R_2R2fruaG9PTyaWT,*******,*******,*******,*******,*******,*******,anonymous,EN,I consent,60b66bbd2a0d10b0ed2e3507,9,Warrior,,"A note card that says ""Green mushrooms are strongest, followed by yellow mushrooms, then purple mushrooms, then red flowers, then yellow flowers."" Cost: ${e://Field/cost} Gold Coins.",10,2,2,2,1,1,2,Warrior,,$1.00 ,5 minutes,60b66bbd2a0d10b0ed2e3507,643e94504237931b59924833,643eaa89004ac0a81d20e8f2,high,10,90,"""Green mushrooms are strongest, followed by yellow mushrooms, then purple mushrooms, then red flowers, then yellow flowers.""",80,80
4/18/23 8:33,4/18/23 8:37,IP Address,*******,100,248,TRUE,4/18/23 8:37,R_OC42qRwFdVDqr3r,*******,*******,*******,*******,*******,*******,anonymous,EN,I consent,5dba53eec07b5f093edebdd2,10,Wizard,,"A note card that says ""Green mushrooms are strongest, followed by yellow mushrooms, then purple mushrooms, then red flowers, then yellow flowers."" Cost: ${e://Field/cost} Gold Coins.",20,0,10,8,12,5,4,Wizard,,$1.00 ,5 minutes,5dba53eec07b5f093edebdd2,643e94504237931b59924834,643eaa138005ca9759944d5e,high,20,80,"""Green mushrooms are strongest, followed by yellow mushrooms, then purple mushrooms, then red flowers, then yellow flowers.""",60,60
4/18/23 8:32,4/18/23 8:37,IP Address,*******,100,270,TRUE,4/18/23 8:37,R_2xJn00mtcXJ2WpM,*******,*******,*******,*******,*******,*******,anonymous,EN,I consent,5fd847c290a61318c20d2331,5,Warrior,,"A note card that says ""Mushrooms are stronger than flowers."" Cost: 10 Gold Coins.",10,-2,10,10,10,10,10,Warrior,Yes I wasn’t completely clear on how to play the game,$1.00 ,5 minutes,5fd847c290a61318c20d2331,643e94504237931b59924833,643ea9c02fd717aafbc17ed8,high,10,90,"""Mushrooms are stronger than flowers.""",80,80
4/18/23 8:34,4/18/23 8:37,IP Address,*******,100,211,TRUE,4/18/23 8:37,R_2pKR5w9WunidV83,*******,*******,*******,*******,*******,*******,anonymous,EN,I consent,62bdd58c792242d931ee4271,95,Wizard,,"A note card that says ""Green mushrooms are strongest, followed by yellow mushrooms, then purple mushrooms, then red flowers, then yellow flowers."" Cost: ${e://Field/cost} Gold Coins.",8,2,13,8,5,3,0,Wizard,No,$1.00 ,5 minutes,62bdd58c792242d931ee4271,643e94504237931b59924833,643eaa5b26659ad5d4a7d360,high,12,88,"""Green mushrooms are strongest, followed by yellow mushrooms, then purple mushrooms, then red flowers, then yellow flowers.""",80,80
4/18/23 8:35,4/18/23 8:37,IP Address,*******,100,149,TRUE,4/18/23 8:37,R_2c5UvSRHLfSW4BV,*******,*******,*******,*******,*******,*******,anonymous,EN,I consent,5dea9f92c3aca11bffec8b7e,95,Warrior,"A note card that says ""Mushrooms are stronger than flowers."" Cost: 10 Gold Coins.",,8,3,9,8,7,2,1,Warrior,,$1.00 ,5 minutes,5dea9f92c3aca11bffec8b7e,643e94504237931b59924833,643eaa9d5b9114096d7b9f33,low,20,90,"""Mushrooms are stronger than flowers.""",82,92
4/18/23 8:33,4/18/23 8:37,IP Address,*******,100,263,TRUE,4/18/23 8:37,R_3NUQpaactaseTkY,*******,*******,*******,*******,*******,*******,anonymous,EN,I consent,6329e23d509947bfd4c50ab3,95,Huntress,,"A note card that says ""Mushrooms are stronger than flowers."" Cost: 10 Gold Coins.",8,2,12,8,5,3,2,Huntress,,$1.00 ,5 minutes,6329e23d509947bfd4c50ab3,643e94504237931b59924834,643eaa31dad7b37300026162,high,20,90,"""Mushrooms are stronger than flowers.""",82,82
4/18/23 8:33,4/18/23 8:37,IP Address,*******,100,244,TRUE,4/18/23 8:37,R_30k3IQsMCJ31qr3,*******,*******,*******,*******,*******,*******,anonymous,EN,I consent,60077aaecaba6b188453f86a,95,Siren,"A note card that says ""Green mushrooms are strongest, followed by yellow mushrooms, then purple mushrooms, then red flowers, then yellow flowers."" Cost: ${e://Field/cost} Gold Coins.",,9,2,10,9,7,2,1,Siren,No,$1.00 ,5 minutes,60077aaecaba6b188453f86a,643e94504237931b59924834,643eaa44f8896d1c3dc318b3,low,10,90,"""Green mushrooms are strongest, followed by yellow mushrooms, then purple mushrooms, then red flowers, then yellow flowers.""",81,81
4/18/23 8:34,4/18/23 8:38,IP Address,*******,100,193,TRUE,4/18/23 8:38,R_WcboP1k32ZGnq3n,*******,*******,*******,*******,*******,*******,anonymous,EN,I consent,5d193535601cd70017727028,95,Siren,"A note card that says ""Green mushrooms are strongest, followed by yellow mushrooms, then purple mushrooms, then red flowers, then yellow flowers."" Cost: ${e://Field/cost} Gold Coins.",,5,3,90,70,50,30,20,Siren,no,$1.00 ,5 minutes,5d193535601cd70017727028,643e94504237931b59924834,643eaa820ded2861c36deede,low,20,80,"""Green mushrooms are strongest, followed by yellow mushrooms, then purple mushrooms, then red flowers, then yellow flowers.""",75,75
4/18/23 8:33,4/18/23 8:38,IP Address,*******,100,256,TRUE,4/18/23 8:38,R_3JLa90E0AH8yfwz,*******,*******,*******,*******,*******,*******,anonymous,EN,I consent,5c3764ce3acfeb000154ac66,95,Wizard,,"A note card that says ""Green mushrooms are strongest, followed by yellow mushrooms, then purple mushrooms, then red flowers, then yellow flowers."" Cost: ${e://Field/cost} Gold Coins.",5,3,12,8,5,3,0,Wizard,No,$1.00 ,5 minutes,5c3764ce3acfeb000154ac66,643e94504237931b59924833,643eaa46bdcdad7a1fbdfa72,high,10,90,"""Green mushrooms are strongest, followed by yellow mushrooms, then purple mushrooms, then red flowers, then yellow flowers.""",85,85
4/18/23 8:35,4/18/23 8:38,IP Address,*******,100,210,TRUE,4/18/23 8:38,R_1OlhLUDPhDlAuVj,*******,*******,*******,*******,*******,*******,anonymous,EN,I consent,62950530ff3a463d536e764d,95,Wizard,,"A note card that says ""Green mushrooms are strongest, followed by yellow mushrooms, then purple mushrooms, then red flowers, then yellow flowers."" Cost: ${e://Field/cost} Gold Coins.",6,1,13,8,6,3,1,Wizard,"No, it was fun ",$1.00 ,5 minutes,62950530ff3a463d536e764d,643e94504237931b59924833,643eaa954044719a612cf38b,high,12,88,"""Green mushrooms are strongest, followed by yellow mushrooms, then purple mushrooms, then red flowers, then yellow flowers.""",82,82
4/18/23 8:34,4/18/23 8:38,IP Address,*******,100,266,TRUE,4/18/23 8:38,R_2YsHVwoo3fZE4kW,*******,*******,*******,*******,*******,*******,anonymous,EN,I consent,63d698af12a4d488c5fdf05a,95,Warrior,,"A note card that says ""Mushrooms are stronger than flowers."" Cost: 10 Gold Coins.",10,-2,12,8,6,4,0,Warrior,no,$1.00 ,5 minutes,63d698af12a4d488c5fdf05a,643e94504237931b59924833,643eaa697db76311193de6a1,high,12,90,"""Mushrooms are stronger than flowers.""",80,80
4/18/23 8:36,4/18/23 8:38,IP Address,*******,100,112,TRUE,4/18/23 8:38,R_6XrznStG9pZxjCp,*******,*******,*******,*******,*******,*******,anonymous,EN,I consent,5a7900f5f1408d0001760dee,85,Warrior,"A note card that says ""Mushrooms are stronger than flowers."" Cost: 10 Gold Coins.",,5,1,9,8,5,3,2,Warrior,,$1.00 ,5 minutes,5a7900f5f1408d0001760dee,643e94504237931b59924833,643eab05098fbc625b7eb666,low,12,90,"""Mushrooms are stronger than flowers.""",85,85
4/18/23 8:32,4/18/23 8:38,IP Address,*******,100,376,TRUE,4/18/23 8:38,R_a8KkMsX4L6WSz8l,*******,*******,*******,*******,*******,*******,anonymous,EN,I consent,5c89c8973e93bf0014e152da,95,Huntress,"A note card that says ""Green mushrooms are strongest, followed by yellow mushrooms, then purple mushrooms, then red flowers, then yellow flowers."" Cost: ${e://Field/cost} Gold Coins.",,10,1,9,8,7,2,1,Huntress,"No, there wasn’t anything confusing or frustrating about the survey. ",$1.00 ,5 minutes,5c89c8973e93bf0014e152da,643e94504237931b59924834,643eaa02151851c866797f65,low,10,90,"""Green mushrooms are strongest, followed by yellow mushrooms, then purple mushrooms, then red flowers, then yellow flowers.""",80,90
4/18/23 8:36,4/18/23 8:39,IP Address,*******,100,166,TRUE,4/18/23 8:39,R_rlF9KWOSJr0A1rP,*******,*******,*******,*******,*******,*******,anonymous,EN,I consent,6130c9c7f70b6f67907d58d5,95,Huntress,,"A note card that says ""Green mushrooms are strongest, followed by yellow mushrooms, then purple mushrooms, then red flowers, then yellow flowers."" Cost: ${e://Field/cost} Gold Coins.",5,3,12,8,6,5,0,Huntress,No,$1.00 ,5 minutes,6130c9c7f70b6f67907d58d5,643e94504237931b59924834,643eaae21b3e58032ca49b59,high,10,90,"""Green mushrooms are strongest, followed by yellow mushrooms, then purple mushrooms, then red flowers, then yellow flowers.""",85,85
4/18/23 8:34,4/18/23 8:39,IP Address,*******,100,251,TRUE,4/18/23 8:39,R_30cp0qL4KfNoi7Z,*******,*******,*******,*******,*******,*******,anonymous,EN,I consent,6290d46c21b280fe8d88155f,95,Warrior,"A note card that says ""Mushrooms are stronger than flowers."" Cost: 10 Gold Coins.",,5,1,9,8,7,2,1,Warrior,no,$1.00 ,5 minutes,6290d46c21b280fe8d88155f,643e94504237931b59924833,643eaa7a7c0c8035eba349ec,low,20,90,"""Mushrooms are stronger than flowers.""",85,95
4/18/23 8:34,4/18/23 8:39,IP Address,*******,100,278,TRUE,4/18/23 8:39,R_2Rb5xEYM0UU8wze,*******,*******,*******,*******,*******,*******,anonymous,EN,I consent,63e51e7aecab96d2000c7278,95,Warrior,"A note card that says ""Green mushrooms are strongest, followed by yellow mushrooms, then purple mushrooms, then red flowers, then yellow flowers."" Cost: ${e://Field/cost} Gold Coins.",,10,3,9,8,7,2,1,Warrior,no,$1.00 ,5 minutes,63e51e7aecab96d2000c7278,643e94504237931b59924833,643eaa76cada2e66e293bdd8,low,10,90,"""Green mushrooms are strongest, followed by yellow mushrooms, then purple mushrooms, then red flowers, then yellow flowers.""",80,90
4/18/23 8:35,4/18/23 8:39,IP Address,*******,100,239,TRUE,4/18/23 8:39,R_1N9cHe5KXkQPFwS,*******,*******,*******,*******,*******,*******,anonymous,EN,I consent,63e554584802f2adcb65e837,95,Siren,"A note card that says ""Green mushrooms are strongest, followed by yellow mushrooms, then purple mushrooms, then red flowers, then yellow flowers."" Cost: ${e://Field/cost} Gold Coins.",,9,2,12,10,8,5,2,Siren,I was surprised I could not remember the prices. ,$1.00 ,5 minutes,63e554584802f2adcb65e837,643e94504237931b59924833,643eaa9924f56882a9da0331,low,10,90,"""Green mushrooms are strongest, followed by yellow mushrooms, then purple mushrooms, then red flowers, then yellow flowers.""",81,81
4/18/23 8:36,4/18/23 8:39,IP Address,*******,100,174,TRUE,4/18/23 8:39,R_C9nxUcP6Lp0I0y5,*******,*******,*******,*******,*******,*******,anonymous,EN,I consent,63d1559f7f3507766170ec2e,95,Wizard,"A note card that says ""Green mushrooms are strongest, followed by yellow mushrooms, then purple mushrooms, then red flowers, then yellow flowers."" Cost: ${e://Field/cost} Gold Coins.",,1,3,9,7,5,3,1,Wizard,No - not clear what we were studying - memory retention,$1.00 ,5 minutes,63d1559f7f3507766170ec2e,643e94504237931b59924833,643eaae6abf3ecca2e786f8f,low,10,90,"""Green mushrooms are strongest, followed by yellow mushrooms, then purple mushrooms, then red flowers, then yellow flowers.""",89,89
4/18/23 8:37,4/18/23 8:39,IP Address,*******,100,102,TRUE,4/18/23 8:39,R_1K9ASSovt7cHWhz,*******,*******,*******,*******,*******,*******,anonymous,EN,I consent,633628106c44d5d8d54813f5,95,Warrior,"A note card that says ""Mushrooms are stronger than flowers."" Cost: 10 Gold Coins.",,6,2,9,8,7,3,1,Warrior,no,$1.00 ,5 minutes,633628106c44d5d8d54813f5,643e94504237931b59924833,643eab32e8f75397b7e0cc99,low,12,90,"""Mushrooms are stronger than flowers.""",84,84
4/18/23 8:33,4/18/23 8:39,IP Address,*******,100,339,TRUE,4/18/23 8:39,R_1j8nYon99Vyo0au,*******,*******,*******,*******,*******,*******,anonymous,EN,I consent,5f6f88cdb1ca47522ca4eef3,95,Huntress,,"A note card that says ""Green mushrooms are strongest, followed by yellow mushrooms, then purple mushrooms, then red flowers, then yellow flowers."" Cost: ${e://Field/cost} Gold Coins.",5,3,12,10,6,4,2,Huntress,,$1.00 ,5 minutes,5f6f88cdb1ca47522ca4eef3,643e94504237931b59924834,643eaa3007916574e9c0d1f6,high,12,88,"""Green mushrooms are strongest, followed by yellow mushrooms, then purple mushrooms, then red flowers, then yellow flowers.""",83,83
4/18/23 8:35,4/18/23 8:39,IP Address,*******,100,275,TRUE,4/18/23 8:39,R_1q9U95SpUYO8Xew,*******,*******,*******,*******,*******,*******,anonymous,EN,I consent,60e364349645120ba12a3d70,95,Wizard,"A note card that says ""Green mushrooms are strongest, followed by yellow mushrooms, then purple mushrooms, then red flowers, then yellow flowers."" Cost: ${e://Field/cost} Gold Coins.",,8,2,9,8,7,2,1,Wizard,,$1.00 ,5 minutes,60e364349645120ba12a3d70,643e94504237931b59924833,643eaa9be9be7fa2c20e19f5,low,12,88,"""Green mushrooms are strongest, followed by yellow mushrooms, then purple mushrooms, then red flowers, then yellow flowers.""",80,90
4/18/23 8:34,4/18/23 8:39,IP Address,*******,100,309,TRUE,4/18/23 8:39,R_1eJ2rzQJ8pCIWU4,*******,*******,*******,*******,*******,*******,anonymous,EN,I consent,5b15d20c444cef0001cb1153,95,Huntress,"A note card that says ""Green mushrooms are strongest, followed by yellow mushrooms, then purple mushrooms, then red flowers, then yellow flowers."" Cost: ${e://Field/cost} Gold Coins.",,15,2,9,8,7,2,1,Huntress,no,$1.00 ,5 minutes,5b15d20c444cef0001cb1153,643e94504237931b59924833,643eaa7761b4f1ca55ef519d,low,20,80,"""Green mushrooms are strongest, followed by yellow mushrooms, then purple mushrooms, then red flowers, then yellow flowers.""",65,75
4/18/23 8:36,4/18/23 8:39,IP Address,*******,100,221,TRUE,4/18/23 8:39,R_3G7mGiZ7vVeSGUi,*******,*******,*******,*******,*******,*******,anonymous,EN,I consent,6279c1daff96f85ae66373e0,95,Huntress,,"A note card that says ""Mushrooms are stronger than flowers."" Cost: 10 Gold Coins.",10,3,10,8,7,6,3,Huntress,There was nothing confusing or frustrating for me.,$1.00 ,5 minutes,6279c1daff96f85ae66373e0,643e94504237931b59924834,643eaad22fd717aafbc17f06,high,20,90,"""Mushrooms are stronger than flowers.""",80,80
4/18/23 8:36,4/18/23 8:39,IP Address,*******,100,179,TRUE,4/18/23 8:39,R_1NkyyC1NZWhQ5rt,*******,*******,*******,*******,*******,*******,anonymous,EN,I consent,5b6e9435885b0b0001bb034b,95,Wizard,"A note card that says ""Mushrooms are stronger than flowers."" Cost: 10 Gold Coins.",,6,2,9,8,6,2,1,Wizard,,$1.00 ,5 minutes,5b6e9435885b0b0001bb034b,643e94504237931b59924833,643eaafc07466c494010e705,low,20,90,"""Mushrooms are stronger than flowers.""",84,84
4/18/23 8:36,4/18/23 8:40,IP Address,*******,100,206,TRUE,4/18/23 8:40,R_114o9rMiYtTWOxL,*******,*******,*******,*******,*******,*******,anonymous,EN,I consent,6361498e831b3d9b3319fd7a,95,Huntress,,"A note card that says ""Green mushrooms are strongest, followed by yellow mushrooms, then purple mushrooms, then red flowers, then yellow flowers."" Cost: ${e://Field/cost} Gold Coins.",10,-1,10,8,5,3,0,Huntress,no,$1.00 ,5 minutes,6361498e831b3d9b3319fd7a,643e94504237931b59924834,643eaaf1277376af42ca4196,high,10,90,"""Green mushrooms are strongest, followed by yellow mushrooms, then purple mushrooms, then red flowers, then yellow flowers.""",80,80
4/18/23 8:37,4/18/23 8:40,IP Address,*******,100,148,TRUE,4/18/23 8:40,R_1QLWGX9yFmFs2in,*******,*******,*******,*******,*******,*******,anonymous,EN,I consent,5fc6df58f380620a09116434,95,Warrior,,"A note card that says ""Mushrooms are stronger than flowers."" Cost: 10 Gold Coins.",8,1,10,6,4,3,0,Warrior,No,$1.00 ,5 minutes,5fc6df58f380620a09116434,643e94504237931b59924834,643eab337a5568ef0aab1b54,high,20,90,"""Mushrooms are stronger than flowers.""",82,82
4/18/23 8:35,4/18/23 8:40,IP Address,*******,100,282,TRUE,4/18/23 8:40,R_1dml98nhfbxspc5,*******,*******,*******,*******,*******,*******,anonymous,EN,I consent,5766d2f7fdff7a0001c1285b,95,Siren,,"A note card that says ""Green mushrooms are strongest, followed by yellow mushrooms, then purple mushrooms, then red flowers, then yellow flowers."" Cost: ${e://Field/cost} Gold Coins.",10,2,10,8,6,4,2,Siren,no,$1.00 ,5 minutes,5766d2f7fdff7a0001c1285b,643e94504237931b59924834,643eaab556580ed8995ec9d4,high,20,80,"""Green mushrooms are strongest, followed by yellow mushrooms, then purple mushrooms, then red flowers, then yellow flowers.""",70,70
4/18/23 8:28,4/18/23 8:40,IP Address,*******,100,705,TRUE,4/18/23 8:40,R_3t7vNffXw1fdFkt,*******,*******,*******,*******,*******,*******,anonymous,EN,I consent,622a066173bc257c44fa255b,95,Wizard,,"A note card that says ""Mushrooms are stronger than flowers."" Cost: 10 Gold Coins.",8,3,12,8,4,3,0,Wizard,No,$1.00 ,5 minutes,622a066173bc257c44fa255b,643e94504237931b59924833,643ea90d89db87e5c42a2834,high,10,90,"""Mushrooms are stronger than flowers.""",82,92
4/18/23 8:38,4/18/23 8:41,IP Address,*******,100,131,TRUE,4/18/23 8:41,R_pfUgd9m3dj7NfB7,*******,*******,*******,*******,*******,*******,anonymous,EN,I consent,5e84f59e965b290c42fad433,95,Wizard,,"A note card that says ""Green mushrooms are strongest, followed by yellow mushrooms, then purple mushrooms, then red flowers, then yellow flowers."" Cost: ${e://Field/cost} Gold Coins.",8,3,10,8,4,2,0,Wizard,,$1.00 ,5 minutes,5e84f59e965b290c42fad433,643e94504237931b59924833,643eab6dea5db925c110e6f1,high,20,80,"""Green mushrooms are strongest, followed by yellow mushrooms, then purple mushrooms, then red flowers, then yellow flowers.""",72,72
4/18/23 8:38,4/18/23 8:41,IP Address,*******,100,154,TRUE,4/18/23 8:41,R_1eEujWjjxOjK8qf,*******,*******,*******,*******,*******,*******,anonymous,EN,I consent,5c4685e43526c80001fd2899,95,Warrior,"A note card that says ""Green mushrooms are strongest, followed by yellow mushrooms, then purple mushrooms, then red flowers, then yellow flowers."" Cost: ${e://Field/cost} Gold Coins.",,10,2,10,8,6,4,8,Warrior,nothing was,$1.00 ,5 minutes,5c4685e43526c80001fd2899,643e94504237931b59924833,643eab6775252c307d4cf8a1,low,12,88,"""Green mushrooms are strongest, followed by yellow mushrooms, then purple mushrooms, then red flowers, then yellow flowers.""",78,78
4/18/23 8:37,4/18/23 8:41,IP Address,*******,100,245,TRUE,4/18/23 8:41,R_1IRe15D1q7AhH3a,*******,*******,*******,*******,*******,*******,anonymous,EN,I consent,63ff478aec95d54674669329,95,Wizard,,"A note card that says ""Mushrooms are stronger than flowers."" Cost: 10 Gold Coins.",10,1,12,10,8,3,0,Wizard,no,$1.00 ,5 minutes,63ff478aec95d54674669329,643e94504237931b59924833,643eab0f580c91a63f47ef5f,high,10,90,"""Mushrooms are stronger than flowers.""",80,80
4/18/23 8:34,4/18/23 8:41,IP Address,*******,100,383,TRUE,4/18/23 8:41,R_UMaYVs069CDyn17,*******,*******,*******,*******,*******,*******,anonymous,EN,I consent,5e4b1627e778a8030266480c,5,Wizard,,"A note card that says ""Green mushrooms are strongest, followed by yellow mushrooms, then purple mushrooms, then red flowers, then yellow flowers."" Cost: ${e://Field/cost} Gold Coins.",8,-3,12,8,4,3,0,Wizard,no,$1.00 ,5 minutes,5e4b1627e778a8030266480c,643e94504237931b59924833,643eaa8084ec843f43eea940,high,10,90,"""Green mushrooms are strongest, followed by yellow mushrooms, then purple mushrooms, then red flowers, then yellow flowers.""",82,92
4/18/23 8:38,4/18/23 8:41,IP Address,*******,100,197,TRUE,4/18/23 8:41,R_21BrSr4yISAGn3H,*******,*******,*******,*******,*******,*******,anonymous,EN,I consent,5484739ffdf99b0379939c95,95,Siren,,"A note card that says ""Green mushrooms are strongest, followed by yellow mushrooms, then purple mushrooms, then red flowers, then yellow flowers."" Cost: ${e://Field/cost} Gold Coins.",7,2,12,8,6,4,0,Siren,no,$1.00 ,5 minutes,5484739ffdf99b0379939c95,643e94504237931b59924834,643eab5f45f1c96259d89e16,high,10,90,"""Green mushrooms are strongest, followed by yellow mushrooms, then purple mushrooms, then red flowers, then yellow flowers.""",83,83
4/18/23 8:38,4/18/23 8:41,IP Address,*******,100,204,TRUE,4/18/23 8:41,R_3IaQxb5gexw1y2l,*******,*******,*******,*******,*******,*******,anonymous,EN,I consent,6129d940b66000436442b65d,95,Bard,,"A note card that says ""Mushrooms are stronger than flowers."" Cost: 10 Gold Coins.",2,2,12,10,8,4,6,Bard,,$1.00 ,5 minutes,6129d940b66000436442b65d,643e94504237931b59924833,643eab547d893fa6e6c17ebf,high,12,90,"""Mushrooms are stronger than flowers.""",88,88
4/18/23 8:36,4/18/23 8:42,IP Address,*******,100,376,TRUE,4/18/23 8:42,R_1FQhQJKJkjINC2d,*******,*******,*******,*******,*******,*******,anonymous,EN,I consent,59ed2107ae9f950001d848f6,10,Huntress,"A note card that says ""Green mushrooms are strongest, followed by yellow mushrooms, then purple mushrooms, then red flowers, then yellow flowers."" Cost: ${e://Field/cost} Gold Coins.",,8,2,9,8,6,2,1,Huntress,No,$1.00 ,5 minutes,59ed2107ae9f950001d848f6,643e94504237931b59924834,643eaac529515f9b8e31dee1,low,12,88,"""Green mushrooms are strongest, followed by yellow mushrooms, then purple mushrooms, then red flowers, then yellow flowers.""",80,80
4/18/23 8:38,4/18/23 8:42,IP Address,*******,100,253,TRUE,4/18/23 8:42,R_5h91vw5bzwtPvPP,*******,*******,*******,*******,*******,*******,anonymous,EN,I consent,606ce0f75b8d0912f0c4f866,95,Siren,"A note card that says ""Mushrooms are stronger than flowers."" Cost: 10 Gold Coins.",,20,-1,9,8,7,4,1,Siren,No,$1.00 ,5 minutes,606ce0f75b8d0912f0c4f866,643e94504237931b59924834,643eab59a4b6c42184e0cc62,low,20,90,"""Mushrooms are stronger than flowers.""",70,70
4/18/23 8:36,4/18/23 8:42,IP Address,*******,100,375,TRUE,4/18/23 8:42,R_w5Jsax24p1wM6QN,*******,*******,*******,*******,*******,*******,anonymous,EN,I consent,5a67725b63394a000155abbb,95,Wizard,"A note card that says ""Green mushrooms are strongest, followed by yellow mushrooms, then purple mushrooms, then red flowers, then yellow flowers."" Cost: ${e://Field/cost} Gold Coins.",,5,2,8,7,6,2,1,Wizard,,$1.00 ,5 minutes,5a67725b63394a000155abbb,643e94504237931b59924834,643eaadd56580ed8995ec9d8,low,10,90,"""Green mushrooms are strongest, followed by yellow mushrooms, then purple mushrooms, then red flowers, then yellow flowers.""",85,85
4/18/23 8:39,4/18/23 8:43,IP Address,*******,100,230,TRUE,4/18/23 8:43,R_86UE02bNY5dk3mh,*******,*******,*******,*******,*******,*******,anonymous,EN,I consent,5f9bad3d65e5133ce9929b2b,95,Wizard,"A note card that says ""Green mushrooms are strongest, followed by yellow mushrooms, then purple mushrooms, then red flowers, then yellow flowers."" Cost: ${e://Field/cost} Gold Coins.",,9,3,12,10,8,6,1,Wizard,No,$1.00 ,5 minutes,5f9bad3d65e5133ce9929b2b,643e94504237931b59924833,643eab9d1ead7f5c55f0968f,low,12,88,"""Green mushrooms are strongest, followed by yellow mushrooms, then purple mushrooms, then red flowers, then yellow flowers.""",79,79
4/18/23 8:39,4/18/23 8:43,IP Address,*******,100,216,TRUE,4/18/23 8:43,R_3PuwR4tlv1NBkns,*******,*******,*******,*******,*******,*******,anonymous,EN,I consent,63092403fcc6e9f47ffa04dc,95,Huntress,"A note card that says ""Mushrooms are stronger than flowers."" Cost: 10 Gold Coins.",,9,0,9,8,7,4,3,Huntress,,$1.00 ,5 minutes,63092403fcc6e9f47ffa04dc,643e94504237931b59924834,643eabad7eb58e769bedf810,low,20,90,"""Mushrooms are stronger than flowers.""",81,81
4/18/23 8:39,4/18/23 8:43,IP Address,*******,100,214,TRUE,4/18/23 8:43,R_1mUy1TUBQYhxDev,*******,*******,*******,*******,*******,*******,anonymous,EN,I consent,63f7823635eaa68f32130a14,95,Warrior,,"A note card that says ""Green mushrooms are strongest, followed by yellow mushrooms, then purple mushrooms, then red flowers, then yellow flowers."" Cost: ${e://Field/cost} Gold Coins.",10,1,12,8,6,4,2,Warrior,,$1.00 ,5 minutes,63f7823635eaa68f32130a14,643e94504237931b59924833,643eab3dd7a64db3b73163d1,high,12,88,"""Green mushrooms are strongest, followed by yellow mushrooms, then purple mushrooms, then red flowers, then yellow flowers.""",78,78
4/18/23 8:40,4/18/23 8:43,IP Address,*******,100,202,TRUE,4/18/23 8:43,R_3MukTzraFq8Hepb,*******,*******,*******,*******,*******,*******,anonymous,EN,I consent,60fed192ae37691d25db0d6d,95,Huntress,,"A note card that says ""Green mushrooms are strongest, followed by yellow mushrooms, then purple mushrooms, then red flowers, then yellow flowers."" Cost: ${e://Field/cost} Gold Coins.",8,1,12,8,4,3,0,Huntress,none,$1.00 ,5 minutes,60fed192ae37691d25db0d6d,643e94504237931b59924834,643eabc29b8226aecc944dec,high,10,90,"""Green mushrooms are strongest, followed by yellow mushrooms, then purple mushrooms, then red flowers, then yellow flowers.""",82,92
4/18/23 8:40,4/18/23 8:43,IP Address,*******,100,160,TRUE,4/18/23 8:43,R_1OPpA6OgGUxYxK9,*******,*******,*******,*******,*******,*******,anonymous,EN,I consent,5f8461c7c4a37809c686303d,95,Siren,"A note card that says ""Green mushrooms are strongest, followed by yellow mushrooms, then purple mushrooms, then red flowers, then yellow flowers."" Cost: ${e://Field/cost} Gold Coins.",,5,2,10,8,7,5,2,Siren,no,$1.00 ,5 minutes,5f8461c7c4a37809c686303d,643e94504237931b59924834,643eabf4cb8e672a16671fcb,low,20,80,"""Green mushrooms are strongest, followed by yellow mushrooms, then purple mushrooms, then red flowers, then yellow flowers.""",75,75
4/18/23 8:39,4/18/23 8:43,IP Address,*******,100,231,TRUE,4/18/23 8:43,R_3HSlfZXpaVaTet0,*******,*******,*******,*******,*******,*******,anonymous,EN,I consent,57d70b2247180e0001f100e3,95,Huntress,,"A note card that says ""Mushrooms are stronger than flowers."" Cost: 10 Gold Coins.",5,0,18,13,10,8,6,Huntress,"No issues, Thank you",$1.00 ,5 minutes,57d70b2247180e0001f100e3,643e94504237931b59924833,643eabb4f69d50923d93bd9c,high,20,90,"""Mushrooms are stronger than flowers.""",85,85
4/18/23 8:39,4/18/23 8:43,IP Address,*******,100,269,TRUE,4/18/23 8:43,R_274mMeTIvoLbFv4,*******,*******,*******,*******,*******,*******,anonymous,EN,I consent,5ce7b20479642d00197682ea,95,Wizard,"A note card that says ""Green mushrooms are strongest, followed by yellow mushrooms, then purple mushrooms, then red flowers, then yellow flowers."" Cost: ${e://Field/cost} Gold Coins.",,7,1,9,8,7,2,1,Wizard,"No, everything made sense.",$1.00 ,5 minutes,5ce7b20479642d00197682ea,643e94504237931b59924834,643eab793c70ae35fc98ed75,low,10,90,"""Green mushrooms are strongest, followed by yellow mushrooms, then purple mushrooms, then red flowers, then yellow flowers.""",83,93
4/18/23 8:39,4/18/23 8:43,IP Address,*******,100,248,TRUE,4/18/23 8:43,R_3R4REf2ZSeTbpQl,*******,*******,*******,*******,*******,*******,anonymous,EN,I consent,60e9c78a617cbabf4732fee6,95,Huntress,,"A note card that says ""Green mushrooms are strongest, followed by yellow mushrooms, then purple mushrooms, then red flowers, then yellow flowers."" Cost: ${e://Field/cost} Gold Coins.",3,0,12,8,4,3,0,Huntress,No.,$1.00 ,5 minutes,60e9c78a617cbabf4732fee6,643e94504237931b59924833,643eab979e8f9f75cae0cc3d,high,12,88,"""Green mushrooms are strongest, followed by yellow mushrooms, then purple mushrooms, then red flowers, then yellow flowers.""",85,95
4/18/23 8:41,4/18/23 8:44,IP Address,*******,100,192,TRUE,4/18/23 8:44,R_23Wf6GhwFseVQw9,*******,*******,*******,*******,*******,*******,anonymous,EN,I consent,62cb73480cc592c8db6fbbab,95,Warrior,,"A note card that says ""Mushrooms are stronger than flowers."" Cost: 10 Gold Coins.",2,-3,12,8,4,2,1,Warrior,no,$1.00 ,5 minutes,62cb73480cc592c8db6fbbab,643e94504237931b59924833,643eabfbebf4dc793818239e,high,20,90,"""Mushrooms are stronger than flowers.""",88,88
4/18/23 8:41,4/18/23 8:44,IP Address,*******,100,191,TRUE,4/18/23 8:44,R_2V7n9FcLzFnyQwn,*******,*******,*******,*******,*******,*******,anonymous,EN,I consent,5b76ce43bfc4cb0001f2c4c3,5,Huntress,,"A note card that says ""Green mushrooms are strongest, followed by yellow mushrooms, then purple mushrooms, then red flowers, then yellow flowers."" Cost: ${e://Field/cost} Gold Coins.",10,1,25,15,10,5,2,Huntress,no,$1.00 ,5 minutes,5b76ce43bfc4cb0001f2c4c3,643e94504237931b59924834,643eac08fc9a31ad9b672049,high,10,90,"""Green mushrooms are strongest, followed by yellow mushrooms, then purple mushrooms, then red flowers, then yellow flowers.""",80,80
4/18/23 8:42,4/18/23 8:44,IP Address,*******,100,121,TRUE,4/18/23 8:44,R_yIo3R72NGAqxRHH,*******,*******,*******,*******,*******,*******,anonymous,EN,I consent,60fdd0bba532df1a71c72c5e,95,Siren,"A note card that says ""Mushrooms are stronger than flowers."" Cost: 10 Gold Coins.",,9,-1,10,8,7,2,1,Siren,,$1.00 ,5 minutes,60fdd0bba532df1a71c72c5e,643e94504237931b59924834,643eac57735523124a5ec95e,low,20,90,"""Mushrooms are stronger than flowers.""",81,81
4/18/23 8:41,4/18/23 8:45,IP Address,*******,100,187,TRUE,4/18/23 8:45,R_2eOJyjqFQQnWBE1,*******,*******,*******,*******,*******,*******,anonymous,EN,I consent,5b8c12882cb1e4000133137e,95,Siren,"A note card that says ""Green mushrooms are strongest, followed by yellow mushrooms, then purple mushrooms, then red flowers, then yellow flowers."" Cost: ${e://Field/cost} Gold Coins.",,8,1,8,7,6,2,1,Siren,,$1.00 ,5 minutes,5b8c12882cb1e4000133137e,643e94504237931b59924834,643eac30c43902bfa74d0095,low,10,90,"""Green mushrooms are strongest, followed by yellow mushrooms, then purple mushrooms, then red flowers, then yellow flowers.""",82,82
4/18/23 8:40,4/18/23 8:45,IP Address,*******,100,293,TRUE,4/18/23 8:45,R_0dBBW29IaKKsni9,*******,*******,*******,*******,*******,*******,anonymous,EN,I consent,55bcd160fdf99b1c4e4ae632,95,Warrior,"A note card that says ""Green mushrooms are strongest, followed by yellow mushrooms, then purple mushrooms, then red flowers, then yellow flowers."" Cost: ${e://Field/cost} Gold Coins.",,5,1,9,8,6,4,2,Warrior,Nothing at all.,$1.00 ,5 minutes,55bcd160fdf99b1c4e4ae632,643e94504237931b59924834,643eabc69e25071ac19dddb4,low,10,90,"""Green mushrooms are strongest, followed by yellow mushrooms, then purple mushrooms, then red flowers, then yellow flowers.""",85,85
4/18/23 8:41,4/18/23 8:45,IP Address,*******,100,230,TRUE,4/18/23 8:45,R_2Cf647VRvEzGRVX,*******,*******,*******,*******,*******,*******,anonymous,EN,I consent,60fd91cfa6a1d7e32624d58b,10,Huntress,,"A note card that says ""Green mushrooms are strongest, followed by yellow mushrooms, then purple mushrooms, then red flowers, then yellow flowers."" Cost: ${e://Field/cost} Gold Coins.",7,2,12,8,5,3,0,Huntress,,$1.00 ,5 minutes,60fd91cfa6a1d7e32624d58b,643e94504237931b59924834,643eac0bc06aa7cb4f4b4f22,high,12,88,"""Green mushrooms are strongest, followed by yellow mushrooms, then purple mushrooms, then red flowers, then yellow flowers.""",81,81
4/18/23 8:39,4/18/23 8:45,IP Address,*******,100,345,TRUE,4/18/23 8:45,R_1QgdVnNDfgW9cLd,*******,*******,*******,*******,*******,*******,anonymous,EN,I consent,5a8b61fcf1408d000176b02f,90,Huntress,"A note card that says ""Mushrooms are stronger than flowers."" Cost: 10 Gold Coins.",,8,0,0,8,7,2,1,Huntress,no,$1.00 ,5 minutes,5a8b61fcf1408d000176b02f,643e94504237931b59924834,643eaba17ed88e5c8fe7306f,low,20,90,"""Mushrooms are stronger than flowers.""",82,82
4/18/23 8:41,4/18/23 8:45,IP Address,*******,100,261,TRUE,4/18/23 8:45,R_2WCk6OBs6ozGSP8,*******,*******,*******,*******,*******,*******,anonymous,EN,I consent,62c97585c81636f2f16fbbb0,95,Wizard,"A note card that says ""Green mushrooms are strongest, followed by yellow mushrooms, then purple mushrooms, then red flowers, then yellow flowers."" Cost: ${e://Field/cost} Gold Coins.",,5,3,9,8,7,2,1,Wizard,,$1.00 ,5 minutes,62c97585c81636f2f16fbbb0,643e94504237931b59924833,643eabffc51d268c98da0336,low,10,90,"""Green mushrooms are strongest, followed by yellow mushrooms, then purple mushrooms, then red flowers, then yellow flowers.""",85,95
4/18/23 8:41,4/18/23 8:45,IP Address,*******,100,253,TRUE,4/18/23 8:45,R_1MKx7qRBPVeYo8X,*******,*******,*******,*******,*******,*******,anonymous,EN,I consent,601636f7e8edb47a4e205797,95,Warrior,,"A note card that says ""Green mushrooms are strongest, followed by yellow mushrooms, then purple mushrooms, then red flowers, then yellow flowers."" Cost: ${e://Field/cost} Gold Coins.",10,2,12,8,5,3,0,Warrior,No,$1.00 ,5 minutes,601636f7e8edb47a4e205797,643e94504237931b59924833,643eac1991c19d9176012825,high,12,88,"""Green mushrooms are strongest, followed by yellow mushrooms, then purple mushrooms, then red flowers, then yellow flowers.""",78,78
4/18/23 8:27,4/18/23 8:45,IP Address,*******,100,1086,TRUE,4/18/23 8:45,R_BEvOEqGFSZb3D3P,*******,*******,*******,*******,*******,*******,anonymous,EN,I consent,629aaa38fdfc8168501b930e,96,Wizard,"A note card that says ""Mushrooms are stronger than flowers."" Cost: 10 Gold Coins.",,11,0,9,8,7,3,2,Wizard,No,$1.00 ,5 minutes,629aaa38fdfc8168501b930e,643e94504237931b59924833,643ea8e690a7cc281e211a3a,low,20,90,"""Mushrooms are stronger than flowers.""",79,79
4/18/23 8:42,4/18/23 8:46,IP Address,*******,100,216,TRUE,4/18/23 8:46,R_245T96j3cIhQjH9,*******,*******,*******,*******,*******,*******,anonymous,EN,I consent,610947778086055d9c5a95df,95,Wizard,,"A note card that says ""Green mushrooms are strongest, followed by yellow mushrooms, then purple mushrooms, then red flowers, then yellow flowers."" Cost: ${e://Field/cost} Gold Coins.",5,0,10,8,5,3,3,Wizard,,$1.00 ,5 minutes,610947778086055d9c5a95df,643e94504237931b59924834,643eac5f31e6aa3f62d89dc0,high,12,88,"""Green mushrooms are strongest, followed by yellow mushrooms, then purple mushrooms, then red flowers, then yellow flowers.""",83,83
4/18/23 8:39,4/18/23 8:47,IP Address,*******,100,452,TRUE,4/18/23 8:47,R_10C42DDBDcz4rNS,*******,*******,*******,*******,*******,*******,anonymous,EN,I consent,614d465852620924f85603c8,95,Siren,,"A note card that says ""Green mushrooms are strongest, followed by yellow mushrooms, then purple mushrooms, then red flowers, then yellow flowers."" Cost: ${e://Field/cost} Gold Coins.",5,0,12,10,5,3,1,Siren,no,$1.00 ,5 minutes,614d465852620924f85603c8,643e94504237931b59924834,643eabb1b8ee8591b83e7115,high,12,88,"""Green mushrooms are strongest, followed by yellow mushrooms, then purple mushrooms, then red flowers, then yellow flowers.""",83,83
4/18/23 8:41,4/18/23 8:47,IP Address,*******,100,344,TRUE,4/18/23 8:47,R_1DCMeEXeMs9TNBl,*******,*******,*******,*******,*******,*******,anonymous,EN,I consent,5c53a745db44c600010d7612,95,Huntress,"A note card that says ""Green mushrooms are strongest, followed by yellow mushrooms, then purple mushrooms, then red flowers, then yellow flowers."" Cost: ${e://Field/cost} Gold Coins.",,5,1,9,8,7,3,2,Huntress,,$1.00 ,5 minutes,5c53a745db44c600010d7612,643e94504237931b59924834,643eac28dc39723361c17e80,low,10,90,"""Green mushrooms are strongest, followed by yellow mushrooms, then purple mushrooms, then red flowers, then yellow flowers.""",85,85
4/18/23 8:41,4/18/23 8:48,IP Address,*******,100,401,TRUE,4/18/23 8:48,R_2TzrFVREodZQB3M,*******,*******,*******,*******,*******,*******,anonymous,EN,I consent,6077a808b8d8534a901e5d78,95,Siren,,"A note card that says ""Green mushrooms are strongest, followed by yellow mushrooms, then purple mushrooms, then red flowers, then yellow flowers."" Cost: ${e://Field/cost} Gold Coins.",12,-1,12,9,6,4,0,Siren,None,$1.00 ,5 minutes,6077a808b8d8534a901e5d78,643e94504237931b59924833,643eac0fbb08290c7a9cdc3d,high,20,80,"""Green mushrooms are strongest, followed by yellow mushrooms, then purple mushrooms, then red flowers, then yellow flowers.""",68,68
4/18/23 8:41,4/18/23 8:48,IP Address,*******,100,437,TRUE,4/18/23 8:48,R_3lSvrQS53PYNeCe,*******,*******,*******,*******,*******,*******,anonymous,EN,I consent,63d420b1d5b7dc6a3a4c50aa,95,Wizard,"A note card that says ""Green mushrooms are strongest, followed by yellow mushrooms, then purple mushrooms, then red flowers, then yellow flowers."" Cost: ${e://Field/cost} Gold Coins.",,10,3,9,8,7,3,2,Wizard,No,$1.00 ,5 minutes,63d420b1d5b7dc6a3a4c50aa,643e94504237931b59924834,643eabf9277376af42ca41b8,low,12,88,"""Green mushrooms are strongest, followed by yellow mushrooms, then purple mushrooms, then red flowers, then yellow flowers.""",78,78
4/18/23 8:34,4/18/23 8:51,IP Address,*******,100,1043,TRUE,4/18/23 8:51,R_PTAjM7OccumWMNj,*******,*******,*******,*******,*******,*******,anonymous,EN,I consent,62ff26509176c97c9ceebc2b,"If you sustain damage of 15 health points and take a potion with strength 10, the potion will replenish only 10 health points, leaving you with a loss of 5 health points. Therefore, you will have 95 health points after taking the potion.",Wizard,,"A note card that says ""Mushrooms are stronger than flowers."" Cost: 10 Gold Coins.",10,2,10,5,8,10,20,Wizard,NO,$1.00 ,5 minutes,62ff26509176c97c9ceebc2b,643e94504237931b59924833,643eaa6febf4dc793818236a,high,10,90,"""Mushrooms are stronger than flowers.""",80,80
4/18/23 8:41,4/18/23 8:52,IP Address,*******,100,696,TRUE,4/18/23 8:52,R_1nVhMYdNAOpY4s4,*******,*******,*******,*******,*******,*******,anonymous,EN,I consent,5c080adf76e77b00016744dc,95,Bard,,"A note card that says ""Green mushrooms are strongest, followed by yellow mushrooms, then purple mushrooms, then red flowers, then yellow flowers."" Cost: ${e://Field/cost} Gold Coins.",10,3,12,8,6,4,3,Bard,NO,$1.00 ,5 minutes,5c080adf76e77b00016744dc,643e94504237931b59924833,643eabf76d05f889b9a349e0,high,10,90,"""Green mushrooms are strongest, followed by yellow mushrooms, then purple mushrooms, then red flowers, then yellow flowers.""",80,80
4/18/23 8:38,4/18/23 8:57,IP Address,*******,100,1157,TRUE,4/18/23 8:57,R_XRnp3uBBl6N3LIB,*******,*******,*******,*******,*******,*******,anonymous,EN,I consent,5e6fe3e20e34ca0aa955b116,95,Siren,,"A note card that says ""Mushrooms are stronger than flowers."" Cost: 10 Gold Coins.",10,1,12,10,8,4,0,Siren,No,$1.00 ,5 minutes,5e6fe3e20e34ca0aa955b116,643e94504237931b59924834,643eab55400d0459e8a7d327,high,12,90,"""Mushrooms are stronger than flowers.""",80,80
4/18/23 8:37,4/18/23 9:03,IP Address,*******,100,1609,TRUE,4/18/23 9:03,R_7ZZrj5L3DrrHaWl,*******,*******,*******,*******,*******,*******,anonymous,EN,I consent,629fec7ad26e41512fe15400,14,Warrior,"A note card that says ""Mushrooms are stronger than flowers."" Cost: 10 Gold Coins.",,30,1,88,20,10,20,5,Warrior,,$1.00 ,5 minutes,629fec7ad26e41512fe15400,643e94504237931b59924833,643eab04fe4eb71d8220c784,low,20,90,"""Mushrooms are stronger than flowers.""",60,60